-- MySQL dump 10.13  Distrib 8.0.30, for Win64 (x86_64)
--
-- Host: localhost    Database: ecomic_db
-- ------------------------------------------------------------------------------------------------------------------------------------------------------------------------------------------------------------------------------------------------------------------------------------------------------------------------------------------------------------------------------------------------------------------------------------------------------------------------------------------------------------------------------------------------------------------------------------------------------------------------------------------------------------------------------------------------------------------------------------------------------------------------------------------------------------------------------------------------------------------------------------------------------------------------------------------------------------------------------------------------------------------------------------------------------------------------------------------------------------------------------------------------------------------------------------------------------------------------------------------------------------------------------------------------------------------------------------------------------------------------------------------------------------------------------------------------------------------------------------------------------------------------------------------------------------------------------------------------------------------------------------------------------------------------------------------------------------------------------------------------------------------------------------------------------------------------------------------------------------------------------------------------------------------------------------------------------------------------------------------------------------------------------------------------------------------------------------------------------------------------------------------------------------------------------------------------------------------------------------------------------------------------------------------------------------------------------------------------------------------------------------------------------------------------------------------------------------------------------------------------------------------------------------------------------------------------------------------------------------------------------------------------------------------------------------------------------------------------------------------------------------------------------------------------------------------------------------------------------------------------------------------------------------------------------------------------------------------------------
-- Server version	5.5.5-10.4.24-MariaDB

/*!40101 SET @OLD_CHARACTER_SET_CLIENT=@@CHARACTER_SET_CLIENT */;
/*!40101 SET @OLD_CHARACTER_SET_RESULTS=@@CHARACTER_SET_RESULTS */;
/*!40101 SET @OLD_COLLATION_CONNECTION=@@COLLATION_CONNECTION */;
/*!50503 SET NAMES utf8 */;
/*!40103 SET @OLD_TIME_ZONE=@@TIME_ZONE */;
/*!40103 SET TIME_ZONE='+00:00' */;
/*!40014 SET @OLD_UNIQUE_CHECKS=@@UNIQUE_CHECKS, UNIQUE_CHECKS=0 */;
/*!40014 SET @OLD_FOREIGN_KEY_CHECKS=@@FOREIGN_KEY_CHECKS, FOREIGN_KEY_CHECKS=0 */;
/*!40101 SET @OLD_SQL_MODE=@@SQL_MODE, SQL_MODE='NO_AUTO_VALUE_ON_ZERO' */;
/*!40111 SET @OLD_SQL_NOTES=@@SQL_NOTES, SQL_NOTES=0 */;

--
-- Table structure for table `carrito`
--

DROP TABLE IF EXISTS `carrito`;
/*!40101 SET @saved_cs_client     = @@character_set_client */;
/*!50503 SET character_set_client = utf8mb4 */;
CREATE TABLE `carrito` (
  `id` int(11) NOT NULL AUTO_INCREMENT,
  `nombrecompleto` varchar(100) NOT NULL,
  `correoelectronico` varchar(100) NOT NULL,
  `direccion` varchar(100) NOT NULL,
  `numerotelefono` varchar(100) NOT NULL,
  `ciudad` varchar(100) NOT NULL,
  `detallesadicionales` varchar(600) NOT NULL,
  `id_usuario` int(11) NOT NULL,
  `id_pais` int(11) NOT NULL,
  `id_provincia` int(11) NOT NULL,
  PRIMARY KEY (`id`),
  KEY `id_usuario` (`id_usuario`),
  KEY `id_pais` (`id_pais`),
  KEY `id_provincia` (`id_provincia`),
  CONSTRAINT `carrito_ibfk_1` FOREIGN KEY (`id_usuario`) REFERENCES `usuario` (`id`),
  CONSTRAINT `carrito_ibfk_2` FOREIGN KEY (`id_pais`) REFERENCES `pais` (`id`),
  CONSTRAINT `carrito_ibfk_3` FOREIGN KEY (`id_provincia`) REFERENCES `provincia` (`id`)
) ENGINE=InnoDB AUTO_INCREMENT=100 DEFAULT CHARSET=utf8mb4;
/*!40101 SET character_set_client = @saved_cs_client */;

--
-- Dumping data for table `carrito`
--

LOCK TABLES `carrito` WRITE;
/*!40000 ALTER TABLE `carrito` DISABLE KEYS */;
INSERT INTO `carrito` VALUES (1,'Korie Chesshyre','kchesshyre9b@ovh.net','97696 Texas Avenue','(641) 4485995','Herrera','Depacho en sitio',337,83,48),(2,'Ardeen Denidge','adenidge1g@nba.com','23 American Lane','(525) 1290700','Oof','Contraentrega',54,57,744),(3,'Pryce Alessandone','palessandone80@usnews.com','38345 Norway Maple Lane','(516) 3640266','Heřmanův Městec','Contraentrega',290,142,3447),(4,'Genna O Mara','gomarakp@mapy.cz','8 Westend Road','(848) 7970947','Yuannan','Contraentrega',747,123,3032),(5,'Lynnette Flisher','lflisherdq@biblegateway.com','6 Straubel Point','(280) 6461499','Mişrātah','Contraentrega',496,220,2575),(6,'Fabiano Busain','fbusainow@mediafire.com','67327 Clove Street','(559) 1929355','Phra Phutthabat','Contraentrega',898,168,4526),(7,'Enrika Lewcock','elewcock38@furl.net','6 Moland Drive','(457) 6538433','Zhongdong','Contraentrega',118,202,4778),(8,'Whitaker Barrett','wbarrettl@bbb.org','7 Brown Road','(809) 8779168','Atap','Depacho en sitio',23,165,1006),(9,'Eloisa Putnam','eputnamnp@toplist.cz','79305 Mccormick Avenue','(972) 9740035','Lagoa Santa','Depacho en sitio',855,126,1553),(10,'Raf Hartshorn','rhartshornce@deliciousdays.com','74285 Corscot Parkway','(408) 3572416','Letlhakane','Depacho en sitio',448,210,2839),(11,'Bentlee Camier','bcamierix@unc.edu','6 Claremont Lane','(196) 6467508','Longqiao','Depacho en sitio',683,109,820),(12,'Carissa Aldgate','caldgate4b@weebly.com','1 Michigan Trail','(136) 5666160','Nikolsk','Contraentrega',157,90,3657),(13,'Earlie Fratson','efratsonh2@bloomberg.com','684 Hanson Parkway','(307) 2234096','Shangshuai','Contraentrega',616,172,2770),(14,'Caressa Blind','cblindr2@intel.com','0 Towne Park','(663) 3290201','Hexi','Contraentrega',976,61,4076),(15,'Mitzi Bernt','mberntmz@shop-pro.jp','2491 Rieder Way','(870) 3051369','El Triunfo de la Cruz','Contraentrega',829,108,3742),(16,'Jayne Wolfit','jwolfit3w@clickbank.net','8 Morningstar Plaza','(931) 1586428','Huangtang','Contraentrega',142,229,324),(17,'Camilla Hewins','chewinsij@intel.com','79615 Scoville Junction','(530) 7221730','Miami','Contraentrega',669,108,3742),(18,'Matilde Flores','mfloresfb@vimeo.com','64 Mifflin Court','(822) 4922205','Xiongjia','Contraentrega',553,57,744),(19,'Fae Affleck','fafflecko3@nymag.com','8 Luster Alley','(983) 6647900','Uruobo-Okija','Contraentrega',869,186,3756),(20,'Dulcia Collie','dcollie75@un.org','8675 Oakridge Parkway','(367) 5326433','Łyse','Contraentrega',259,131,3082),(21,'Danni Barth','dbarthb7@cocolog-nifty.com','1072 Anthes Hill','(615) 1730514','Novyy Oskol','Contraentrega',405,1,3870),(22,'Marcella Spragge','mspragge2c@uol.com.br','1874 Mendota Parkway','(263) 8332292','Moyogalpa','Contraentrega',86,95,4117),(23,'Rosalynd Mitie','rmitie4w@nyu.edu','50243 Sutteridge Avenue','(357) 8068385','Cascavel','Contraentrega',178,151,2133),(24,'Dotty Saylor','dsaylor4x@sina.com.cn','96429 Morningstar Avenue','(807) 9259526','Gobernador Ingeniero Valentín Virasoro','Contraentrega',179,166,3047),(25,'Nicolas Ranald','nranaldlm@ibm.com','03483 Jana Court','(983) 4007683','Āshkhāneh','Contraentrega',780,246,1982),(26,'Winfield Eleshenar','weleshenarbk@amazonaws.com','6 Clemons Way','(870) 3884044','El Paso','Contraentrega',418,21,2954),(27,'Davine Zuann','dzuannmf@jalbum.net','31292 Eastwood Hill','(525) 9436434','Nicoya','Contraentrega',809,127,1513),(28,'Eadith Smeuin','esmeuin9e@sina.com.cn','626 Meadow Vale Avenue','(385) 2958353','Sada','Contraentrega',340,53,1209),(29,'Joice Frankowski','jfrankowskiab@newsvine.com','5959 Spenser Center','(594) 4670505','Macachín','Contraentrega',373,67,3438),(30,'Gallard Ley','gley4k@nydailynews.com','77 Steensland Park','(569) 1794384','Caqu','Contraentrega',166,11,3634),(31,'Marys Coldtart','mcoldtarte0@amazon.co.uk','3 Rusk Way','(949) 6877006','Sampaloc','Contraentrega',506,224,2550),(32,'Leeann Buche','lbuchehh@plala.or.jp','34172 Upham Hill','(254) 7671549','Sindong','Contraentrega',631,208,2787),(33,'Aileen Locker','alocker60@pen.io','651 Utah Court','(551) 5152077','Limanowa','Contraentrega',218,90,3657),(34,'Kizzie Buie','kbuie55@ed.gov','75 Morning Court','(327) 4771689','Cruzeiro','Contraentrega',187,115,3995),(35,'Nevil Bartoszinski','nbartoszinski1d@mozilla.org','92529 Ilene Point','(554) 3969049','Pak Phayun','Contraentrega',51,182,1833),(36,'Anetta Dugget','adugget1e@lulu.com','2912 Barby Court','(526) 9454261','Longgao','Contraentrega',52,192,58),(37,'Moritz Kinsett','mkinsett9d@earthlink.net','9 Dawn Street','(660) 1100570','Tocumen','Contraentrega',339,173,3678),(38,'Agna Brookshaw','abrookshawas@dailymotion.com','71 Bartillon Road','(549) 5709549','Banyuresmi','Contraentrega',390,174,1269),(39,'Isabelita Sweeting','isweeting8y@etsy.com','91 Forest Way','(362) 9693721','Sanqishi','Contraentrega',324,73,1916),(40,'Jacquette Cleminshaw','jcleminshawn0@imdb.com','04338 Kingsford Pass','(516) 9076084','Jianqiao','Contraentrega',830,217,3397),(41,'Guenevere Howchin','ghowchin4t@cbslocal.com','486 Esker Lane','(355) 3308944','Jaruco','Contraentrega',175,173,3678),(42,'Ewell Rampton','eramptonig@cnn.com','905 Maple Parkway','(350) 2810523','Ganlin','Contraentrega',666,142,3447),(43,'Berta Coleborn','bcolebornd5@forbes.com','02 Monica Center','(208) 3578330','Qümong','Contraentrega',475,246,1982),(44,'Fraze Ibbett','fibbettkz@intel.com','77 Aberg Alley','(242) 2504950','Duqiao','Contraentrega',757,142,3447),(45,'Abigail Dysert','adysert21@unblog.fr','41 Loomis Parkway','(319) 5229809','Niepos','Entrega en local',75,111,956),(46,'Elia Zellner','ezellner1i@engadget.com','32002 Shopko Alley','(207) 1622342','Yuqunweng','Entrega en local',56,142,3447),(47,'Barrie Peasegod','bpeasegodqn@chron.com','7 Morning Lane','(315) 7457937','Villeta','Entrega en local',961,44,2823),(48,'Dud Thumim','dthumimh6@mysql.com','26 Lake View Place','(655) 9980377','Dayr al Ghuşūn','Entrega en local',620,233,1398),(49,'Dulcia Collie','dcollie75@un.org','9 Waxwing Hill','(367) 5326433','Créteil','Entrega en local',259,131,3082),(50,'Gina Scollan','gscollan39@ftc.gov','9 Bluestem Drive','(936) 6328118','Guarda Nova','Entrega en local',119,99,1027),(51,'Richmound Sinyard','rsinyardfu@patch.com','00 Fremont Point','(447) 8575205','Dapawan','Entrega en local',572,208,2787),(52,'Janelle Bulfit','jbulfit41@whitehouse.gov','05478 Namekagon Pass','(803) 2342275','Gabès','Entrega en local',147,48,2874),(53,'Austin Harcombe','aharcombed4@istockphoto.com','554 Northland Circle','(872) 7991740','Mishan','Entrega en local',474,43,3570),(54,'Culley Broadhurst','cbroadhurstcv@ezinearticles.com','5796 Eagle Crest Point','(600) 8343885','Aba','Entrega en local',465,21,2954),(55,'Hunter Jonk','hjonkfi@quantcast.com','13 Evergreen Alley','(208) 9919299','Tegalwero','Entrega en local',560,109,820),(56,'Ardene Caesmans','acaesmansn1@gov.uk','09 Montana Terrace','(727) 5188734','Caçador','Entrega en local',831,43,3570),(57,'Deirdre Songest','dsongestkk@mayoclinic.com','0398 Fordem Parkway','(175) 5170592','Caucete','Entrega en local',742,207,1146),(58,'Tobe MacBrearty','tmacbreartya5@about.com','8936 1st Way','(804) 3043317','Huilong','Entrega en local',367,118,997),(59,'Zelma Greatrex','zgreatrexbp@boston.com','112 Packers Alley','(513) 4661828','Tevriz','Depacho en sitio',423,39,866),(60,'Elyn Reppaport','ereppaportz@so-net.ne.jp','3 Huxley Street','(842) 5747275','Porsgrunn','Depacho en sitio',37,130,2948),(61,'Lon Harfleet','lharfleetbf@psu.edu','7578 Hayes Center','(547) 3603890','Garoua Boulaï','Depacho en sitio',413,103,3916),(62,'Nixie Marco','nmarcoo5@sphinn.com','6 Longview Hill','(974) 9630001','Kemlya','Depacho en sitio',871,135,74),(63,'Revkah Dri','rdrihs@tripod.com','1427 Arkansas Road','(181) 5064522','Sangesi','Depacho en sitio',642,133,2584),(64,'Juliane Dax','jdaxii@simplemachines.org','0537 Thierer Terrace','(808) 7854073','Picungbera','Depacho en sitio',668,146,1961),(65,'Anetta Dugget','adugget1e@lulu.com','8 Dahle Place','(526) 9454261','Minante Segundo','Depacho en sitio',52,192,58),(66,'Susan Donnelly','sdonnellyhg@xinhuanet.com','81 Glendale Crossing','(552) 2075450','Javarthushuu','Entrega en local',630,172,2770),(67,'Caryl Braywood','cbraywood59@hibu.com','2304 Kim Park','(852) 4166929','El Nido','Entrega en local',191,93,2712),(68,'Frankie Callcott','fcallcottqp@4shared.com','64 Forest Dale Avenue','(562) 2310485','Niamtougou','Entrega en local',963,196,3711),(69,'Tiena Tomashov','ttomashovc4@homestead.com','8 Mendota Circle','(513) 4604698','Biny Selo','Entrega en local',438,198,911),(70,'Ulysses Bambridge','ubambridge52@4shared.com','707 Duke Way','(517) 7833191','Rouen','Entrega en local',184,127,1513),(71,'Orv Du Plantier','oduplantierhi@ucsd.edu','9945 Forest Run Plaza','(916) 4641564','s-Hertogenbosch','Entrega en local',632,109,820),(72,'Rorke Wort','rwortkg@paypal.com','21 Oak Court','(911) 1250919','Itambé','Entrega en local',738,67,3438),(73,'Bil Nisbith','bnisbithkq@va.gov','25 Pleasure Point','(835) 6085772','Naberezhnyye Chelny','Entrega en local',748,220,2575),(74,'Marlena Longwood','mlongwoodlv@time.com','100 Larry Place','(297) 2986722','Banjarjo','Entrega en local',789,219,3478),(75,'Ariella Eglinton','aeglintonc7@foxnews.com','641 Stuart Terrace','(278) 3045298','Medellín','Entrega en local',441,33,1216),(76,'Zandra Acory','zacorylb@delicious.com','7 Vera Avenue','(106) 8015130','Logroño','Entrega en local',769,183,259),(77,'Kim Zini','kzini50@tuttocitta.it','0243 Northwestern Road','(187) 5553112','Poitiers','Entrega en local',182,37,3972),(78,'Filberte Shortall','fshortall3e@sphinn.com','7 Pepper Wood Center','(620) 2687073','Khao Kho','Entrega en local',124,43,3570),(79,'Lynnette Flisher','lflisherdq@biblegateway.com','75498 Clarendon Court','(280) 6461499','Söderköping','Entrega en local',496,220,2575),(80,'Kinsley Luthwood','kluthwoode7@auda.org.au','59 Stone Corner Alley','(997) 3836594','Gujba','Entrega en local',513,203,915),(81,'Raffarty Joliffe','rjoliffeoi@omniture.com','4 Sheridan Terrace','(914) 1033405','Kadipaten','Entrega en local',884,105,1069),(82,'Aloin Knighton','aknighton4o@washington.edu','549 Hovde Avenue','(249) 1523221','Zipárion','Entrega en local',170,107,1664),(83,'Simone Gallahue','sgallahuede@cnn.com','644 Vermont Parkway','(753) 3674309','Sóc Trăng','Entrega en local',484,135,74),(84,'Lacey De Mattia','ldemattia9r@g.co','740 Kingsford Alley','(463) 7532036','Gainesville','Entrega en local',353,69,3555),(85,'Marjorie Bathoe','mbathoejl@cargocollective.com','744 Hudson Crossing','(817) 2373173','Ust-Labinsk','Entrega en local',707,186,3756),(86,'Marlena Longwood','mlongwoodlv@time.com','9 Loftsgordon Drive','(297) 2986722','Slyudyanka','Entrega en local',789,219,3478),(87,'Jacky Regina','jreginai2@baidu.com','49060 Mitchell Way','(534) 1031500','Suian','Entrega en local',652,129,640),(88,'Clare Garbar','cgarbarp@google.com.hk','28513 Anzinger Park','(741) 8514180','Escazú','Entrega en local',27,97,4041),(89,'Jaymee Brockbank','jbrockbank8k@mapquest.com','17144 Russell Trail','(894) 3449430','Changning','Entrega en local',310,40,2982),(90,'Fraze Ibbett','fibbettkz@intel.com','13168 Mendota Lane','(242) 2504950','Tulcán','Entrega en local',757,142,3447),(91,'Irving Cornejo','icornejopr@opera.com','6693 Elgar Parkway','(620) 5237486','Kaniów','Entrega en local',929,150,3327),(92,'Rosaline Walhedd','rwalheddib@instagram.com','456 Superior Court','(332) 5097035','Gastoúni','Entrega en local',661,195,473),(93,'Katey Ockendon','kockendonnz@dedecms.com','931 Dahle Plaza','(313) 1549658','Hiroshima-shi','Entrega en local',865,153,4654),(94,'Lenee Baynes','lbaynes5q@surveymonkey.com','4041 Ridgeview Crossing','(154) 3600998','Zhouzai','Depacho en sitio',208,193,270),(95,'Aileen Locker','alocker60@pen.io','8 Blaine Street','(551) 5152077','Tianzhu','Depacho en sitio',218,90,3657),(96,'Morgan Passler','mpasslerrl@example.com','90618 Transport Park','(455) 7382167','Paris 17','Depacho en sitio',995,231,3390),(97,'Zebedee Sargeaunt','zsargeauntcl@trellian.com','4575 Northland Circle','(399) 8713706','Wuyang','Depacho en sitio',455,62,4086),(98,'Cazzie Yakunikov','cyakunikovpx@msn.com','94801 Northwestern Junction','(419) 1011655','Qiansuo','Depacho en sitio',935,10,3703),(99,'Annissa Capsey','acapsey9f@yahoo.com','658 Kropf Parkway','(408) 6678218','Komsomolsk','Depacho en sitio',341,20,1220);
/*!40000 ALTER TABLE `carrito` ENABLE KEYS */;
UNLOCK TABLES;

--
-- Table structure for table `carrito_productos`
--

DROP TABLE IF EXISTS `carrito_productos`;
/*!40101 SET @saved_cs_client     = @@character_set_client */;
/*!50503 SET character_set_client = utf8mb4 */;
CREATE TABLE `carrito_productos` (
  `id` int(11) NOT NULL AUTO_INCREMENT,
  `id_productos` int(11) NOT NULL,
  `id_carrito` int(11) NOT NULL,
  PRIMARY KEY (`id`),
  KEY `id_productos` (`id_productos`),
  KEY `id_carrito` (`id_carrito`),
  CONSTRAINT `carrito_productos_ibfk_1` FOREIGN KEY (`id_productos`) REFERENCES `productos` (`id`),
  CONSTRAINT `carrito_productos_ibfk_2` FOREIGN KEY (`id_carrito`) REFERENCES `carrito` (`id`)
) ENGINE=InnoDB AUTO_INCREMENT=1001 DEFAULT CHARSET=utf8mb4;
/*!40101 SET character_set_client = @saved_cs_client */;

--
-- Dumping data for table `carrito_productos`
--

LOCK TABLES `carrito_productos` WRITE;
/*!40000 ALTER TABLE `carrito_productos` DISABLE KEYS */;
INSERT INTO `carrito_productos` VALUES (1,55,81),(2,16,5),(3,101,32),(4,46,78),(5,79,86),(6,17,33),(7,68,31),(8,38,19),(9,126,11),(10,134,45),(11,74,37),(12,34,51),(13,87,58),(14,68,97),(15,47,52),(16,132,90),(17,27,39),(18,96,11),(19,82,5),(20,63,51),(21,93,40),(22,51,65),(23,155,23),(24,120,92),(25,76,96),(26,98,75),(27,94,66),(28,150,33),(29,93,30),(30,81,49),(31,117,20),(32,151,1),(33,151,74),(34,156,46),(35,58,2),(36,42,4),(37,15,29),(38,155,23),(39,18,17),(40,3,70),(41,156,8),(42,152,3),(43,64,2),(44,65,15),(45,33,82),(46,115,31),(47,93,99),(48,153,92),(49,60,61),(50,96,84),(51,83,52),(52,35,45),(53,142,27),(54,148,62),(55,97,84),(56,20,80),(57,138,38),(58,91,36),(59,59,9),(60,31,67),(61,105,76),(62,56,66),(63,76,30),(64,110,45),(65,76,80),(66,131,69),(67,81,17),(68,11,24),(69,43,17),(70,40,35),(71,36,19),(72,124,72),(73,9,44),(74,116,77),(75,20,96),(76,34,23),(77,153,22),(78,4,21),(79,57,88),(80,27,38),(81,77,78),(82,147,55),(83,45,29),(84,99,1),(85,26,4),(86,155,89),(87,116,72),(88,95,47),(89,126,42),(90,157,38),(91,23,77),(92,98,74),(93,149,79),(94,74,20),(95,142,86),(96,126,44),(97,102,4),(98,62,76),(99,32,35),(100,41,9),(101,3,8),(102,73,10),(103,74,88),(104,10,85),(105,43,15),(106,99,78),(107,104,94),(108,48,21),(109,34,20),(110,21,9),(111,6,68),(112,26,89),(113,64,61),(114,127,14),(115,12,62),(116,8,80),(117,152,73),(118,62,22),(119,145,71),(120,22,43),(121,114,4),(122,63,57),(123,1,87),(124,3,3),(125,40,91),(126,158,41),(127,147,33),(128,31,76),(129,112,97),(130,142,75),(131,62,80),(132,52,31),(133,118,5),(134,96,47),(135,92,93),(136,84,17),(137,138,35),(138,28,62),(139,96,95),(140,27,75),(141,121,70),(142,57,63),(143,41,56),(144,61,7),(145,75,9),(146,87,36),(147,51,55),(148,13,92),(149,105,83),(150,80,30),(151,71,22),(152,90,35),(153,24,81),(154,150,46),(155,17,82),(156,25,18),(157,56,37),(158,135,99),(159,138,1),(160,9,79),(161,50,39),(162,115,31),(163,107,87),(164,67,64),(165,5,91),(166,3,27),(167,96,76),(168,14,18),(169,49,21),(170,48,40),(171,125,89),(172,155,41),(173,103,56),(174,28,7),(175,57,14),(176,146,74),(177,88,76),(178,92,54),(179,9,41),(180,98,70),(181,45,10),(182,140,13),(183,125,38),(184,112,79),(185,29,52),(186,32,41),(187,143,44),(188,2,36),(189,16,34),(190,38,6),(191,116,41),(192,51,84),(193,131,69),(194,131,17),(195,28,63),(196,71,32),(197,150,89),(198,52,47),(199,150,61),(200,151,28),(201,55,26),(202,2,7),(203,21,37),(204,97,29),(205,139,11),(206,2,3),(207,128,34),(208,121,2),(209,60,92),(210,9,52),(211,49,73),(212,104,20),(213,19,20),(214,86,53),(215,10,26),(216,127,11),(217,144,15),(218,62,23),(219,136,96),(220,143,52),(221,78,30),(222,149,50),(223,155,11),(224,71,45),(225,113,20),(226,79,11),(227,61,32),(228,124,44),(229,155,7),(230,92,60),(231,79,75),(232,152,19),(233,134,27),(234,59,33),(235,139,95),(236,29,84),(237,52,81),(238,54,40),(239,44,75),(240,71,85),(241,101,63),(242,79,32),(243,133,97),(244,143,93),(245,41,60),(246,113,10),(247,95,92),(248,68,5),(249,26,50),(250,86,20),(251,3,96),(252,136,93),(253,91,58),(254,82,19),(255,14,31),(256,35,72),(257,14,77),(258,6,50),(259,155,90),(260,127,65),(261,126,38),(262,78,22),(263,39,24),(264,15,76),(265,73,62),(266,123,56),(267,95,33),(268,100,72),(269,30,20),(270,112,31),(271,106,20),(272,47,76),(273,78,34),(274,108,40),(275,96,98),(276,25,35),(277,144,46),(278,71,26),(279,59,79),(280,14,93),(281,99,47),(282,41,61),(283,146,67),(284,157,19),(285,32,48),(286,79,40),(287,91,46),(288,34,90),(289,143,69),(290,19,71),(291,1,85),(292,49,17),(293,95,37),(294,19,94),(295,18,1),(296,109,52),(297,76,38),(298,99,26),(299,95,36),(300,114,84),(301,45,73),(302,63,36),(303,9,1),(304,40,31),(305,134,87),(306,148,67),(307,113,11),(308,150,74),(309,107,81),(310,149,79),(311,69,51),(312,56,63),(313,86,46),(314,80,19),(315,156,4),(316,58,9),(317,106,68),(318,145,55),(319,82,27),(320,28,10),(321,15,21),(322,24,94),(323,95,7),(324,10,24),(325,151,52),(326,115,79),(327,10,86),(328,101,14),(329,27,24),(330,85,61),(331,44,72),(332,97,77),(333,46,48),(334,89,74),(335,78,51),(336,156,25),(337,94,78),(338,59,93),(339,94,36),(340,38,34),(341,19,48),(342,157,23),(343,62,81),(344,54,1),(345,83,11),(346,114,94),(347,100,95),(348,72,93),(349,81,51),(350,96,61),(351,20,41),(352,55,75),(353,89,32),(354,43,57),(355,86,62),(356,154,91),(357,121,90),(358,97,62),(359,126,71),(360,40,52),(361,74,35),(362,125,53),(363,58,50),(364,149,74),(365,19,37),(366,115,88),(367,130,45),(368,54,29),(369,87,27),(370,1,68),(371,139,52),(372,51,26),(373,34,60),(374,49,57),(375,26,30),(376,125,19),(377,60,18),(378,65,98),(379,31,55),(380,51,48),(381,130,35),(382,29,28),(383,15,44),(384,148,60),(385,148,84),(386,125,65),(387,51,7),(388,53,71),(389,64,22),(390,141,41),(391,115,16),(392,23,97),(393,83,56),(394,103,39),(395,10,78),(396,141,37),(397,57,93),(398,45,6),(399,33,44),(400,123,74),(401,150,86),(402,137,12),(403,135,91),(404,89,20),(405,152,45),(406,12,8),(407,118,69),(408,45,73),(409,84,23),(410,74,45),(411,61,26),(412,57,73),(413,107,94),(414,132,76),(415,151,76),(416,92,91),(417,29,95),(418,37,39),(419,61,19),(420,58,57),(421,113,61),(422,77,9),(423,39,74),(424,71,45),(425,28,35),(426,99,2),(427,39,7),(428,20,26),(429,2,77),(430,33,37),(431,51,81),(432,49,96),(433,39,49),(434,125,99),(435,37,8),(436,74,78),(437,81,89),(438,36,82),(439,9,94),(440,120,18),(441,87,6),(442,35,55),(443,46,36),(444,7,94),(445,26,4),(446,55,6),(447,129,83),(448,109,30),(449,141,34),(450,148,39),(451,139,96),(452,64,75),(453,4,13),(454,137,94),(455,29,57),(456,3,56),(457,62,78),(458,83,2),(459,54,37),(460,104,42),(461,10,86),(462,60,69),(463,73,1),(464,106,20),(465,144,20),(466,17,40),(467,29,20),(468,110,32),(469,92,31),(470,21,32),(471,43,30),(472,61,47),(473,42,73),(474,9,97),(475,14,76),(476,139,70),(477,52,32),(478,4,8),(479,149,5),(480,83,17),(481,32,87),(482,126,79),(483,122,27),(484,81,13),(485,151,86),(486,118,2),(487,111,3),(488,57,83),(489,151,12),(490,120,52),(491,100,74),(492,145,35),(493,16,72),(494,22,54),(495,22,36),(496,139,13),(497,141,45),(498,109,12),(499,94,56),(500,140,14),(501,52,12),(502,108,19),(503,88,93),(504,108,4),(505,123,64),(506,74,76),(507,139,63),(508,124,42),(509,108,89),(510,92,2),(511,48,85),(512,116,68),(513,41,23),(514,48,36),(515,89,33),(516,124,11),(517,26,22),(518,64,47),(519,70,70),(520,20,38),(521,6,97),(522,72,26),(523,127,77),(524,105,61),(525,85,35),(526,34,50),(527,29,93),(528,50,40),(529,97,52),(530,45,71),(531,82,11),(532,124,60),(533,131,81),(534,36,15),(535,24,54),(536,39,94),(537,111,5),(538,155,25),(539,104,32),(540,116,36),(541,125,61),(542,29,6),(543,140,23),(544,68,5),(545,17,7),(546,26,97),(547,137,53),(548,115,9),(549,153,10),(550,56,70),(551,45,49),(552,74,63),(553,85,39),(554,18,73),(555,6,90),(556,108,44),(557,145,90),(558,75,8),(559,27,89),(560,50,78),(561,155,38),(562,6,34),(563,136,17),(564,97,12),(565,143,64),(566,1,60),(567,117,66),(568,44,88),(569,141,91),(570,38,6),(571,95,19),(572,99,86),(573,145,27),(574,139,16),(575,50,97),(576,25,52),(577,3,86),(578,15,79),(579,11,34),(580,36,74),(581,118,96),(582,21,82),(583,151,64),(584,104,48),(585,14,46),(586,110,81),(587,19,19),(588,86,41),(589,74,91),(590,61,56),(591,47,70),(592,26,73),(593,61,7),(594,61,68),(595,87,85),(596,59,85),(597,13,73),(598,142,25),(599,119,82),(600,44,78),(601,133,31),(602,62,1),(603,108,92),(604,81,90),(605,45,45),(606,101,16),(607,19,35),(608,83,46),(609,51,66),(610,143,65),(611,124,6),(612,10,27),(613,145,75),(614,115,42),(615,86,23),(616,103,89),(617,49,47),(618,30,1),(619,44,84),(620,62,53),(621,8,96),(622,124,96),(623,114,6),(624,129,29),(625,118,42),(626,37,41),(627,18,41),(628,28,59),(629,94,5),(630,122,26),(631,8,59),(632,7,99),(633,46,91),(634,39,74),(635,45,66),(636,147,8),(637,116,84),(638,23,82),(639,41,46),(640,78,6),(641,134,2),(642,81,57),(643,121,13),(644,143,9),(645,154,99),(646,20,32),(647,74,45),(648,131,78),(649,127,71),(650,62,77),(651,20,60),(652,4,91),(653,20,4),(654,2,16),(655,13,9),(656,49,99),(657,144,76),(658,88,32),(659,104,20),(660,76,83),(661,68,13),(662,52,87),(663,51,97),(664,47,28),(665,133,93),(666,144,54),(667,7,77),(668,41,3),(669,87,65),(670,87,95),(671,154,83),(672,45,89),(673,96,99),(674,10,13),(675,109,2),(676,138,79),(677,60,75),(678,94,3),(679,57,84),(680,88,47),(681,89,68),(682,129,65),(683,90,26),(684,30,1),(685,74,13),(686,103,64),(687,35,12),(688,28,51),(689,111,43),(690,86,22),(691,29,5),(692,95,25),(693,64,24),(694,152,92),(695,119,59),(696,44,91),(697,87,71),(698,95,11),(699,112,56),(700,127,8),(701,81,61),(702,67,56),(703,24,78),(704,109,50),(705,113,90),(706,47,15),(707,119,81),(708,69,49),(709,101,56),(710,96,7),(711,101,68),(712,13,85),(713,54,62),(714,56,23),(715,89,58),(716,45,61),(717,75,87),(718,15,36),(719,31,63),(720,58,66),(721,142,25),(722,102,33),(723,30,35),(724,93,34),(725,120,2),(726,2,90),(727,88,86),(728,114,19),(729,91,32),(730,47,10),(731,95,90),(732,46,9),(733,12,37),(734,73,49),(735,135,13),(736,107,50),(737,109,44),(738,95,55),(739,113,99),(740,12,33),(741,128,26),(742,26,38),(743,74,42),(744,40,33),(745,96,64),(746,17,15),(747,15,60),(748,139,95),(749,146,12),(750,158,58),(751,92,99),(752,31,8),(753,88,82),(754,16,14),(755,119,5),(756,2,39),(757,74,98),(758,124,59),(759,3,28),(760,77,38),(761,61,80),(762,60,21),(763,109,58),(764,64,86),(765,129,40),(766,98,85),(767,150,82),(768,128,93),(769,64,59),(770,138,36),(771,47,4),(772,31,54),(773,145,86),(774,77,60),(775,66,37),(776,29,52),(777,2,77),(778,16,81),(779,23,72),(780,24,74),(781,151,7),(782,114,3),(783,4,46),(784,17,27),(785,130,63),(786,135,11),(787,23,17),(788,146,86),(789,50,34),(790,57,34),(791,26,95),(792,80,71),(793,152,74),(794,81,67),(795,22,31),(796,98,95),(797,142,23),(798,128,39),(799,96,81),(800,114,69),(801,27,70),(802,23,57),(803,68,26),(804,153,47),(805,63,8),(806,124,26),(807,107,64),(808,39,93),(809,141,66),(810,35,67),(811,121,68),(812,20,96),(813,46,77),(814,18,54),(815,31,92),(816,8,32),(817,116,53),(818,55,59),(819,107,7),(820,38,91),(821,120,17),(822,140,61),(823,3,89),(824,116,56),(825,49,15),(826,42,58),(827,36,30),(828,82,6),(829,130,42),(830,140,32),(831,108,58),(832,70,9),(833,119,83),(834,6,36),(835,82,13),(836,30,91),(837,58,56),(838,23,92),(839,4,91),(840,2,21),(841,31,49),(842,108,80),(843,15,36),(844,5,28),(845,7,49),(846,10,35),(847,17,44),(848,26,71),(849,95,74),(850,101,83),(851,51,78),(852,99,99),(853,61,57),(854,37,63),(855,25,31),(856,17,71),(857,146,18),(858,22,69),(859,7,68),(860,138,72),(861,56,38),(862,10,77),(863,73,2),(864,89,5),(865,53,8),(866,83,12),(867,124,32),(868,34,94),(869,73,8),(870,124,75),(871,43,63),(872,87,93),(873,124,3),(874,85,15),(875,12,71),(876,71,6),(877,148,25),(878,57,86),(879,84,12),(880,29,91),(881,72,23),(882,138,86),(883,66,87),(884,95,83),(885,125,14),(886,62,44),(887,73,71),(888,48,49),(889,26,26),(890,57,95),(891,11,11),(892,21,35),(893,23,40),(894,97,19),(895,64,90),(896,137,25),(897,84,12),(898,97,13),(899,69,41),(900,146,72),(901,16,60),(902,120,8),(903,64,65),(904,98,37),(905,112,37),(906,16,7),(907,79,46),(908,146,61),(909,12,14),(910,97,6),(911,97,56),(912,12,59),(913,148,34),(914,100,66),(915,119,32),(916,127,91),(917,97,72),(918,34,20),(919,85,39),(920,66,68),(921,115,57),(922,91,61),(923,43,61),(924,65,9),(925,54,76),(926,110,38),(927,126,13),(928,52,89),(929,122,64),(930,102,92),(931,36,29),(932,68,54),(933,8,11),(934,102,82),(935,49,12),(936,37,61),(937,75,84),(938,96,92),(939,126,86),(940,133,85),(941,30,60),(942,115,81),(943,71,44),(944,1,6),(945,12,64),(946,12,70),(947,43,66),(948,133,55),(949,75,73),(950,53,26),(951,81,90),(952,81,11),(953,2,60),(954,101,5),(955,71,4),(956,110,34),(957,62,71),(958,125,2),(959,66,17),(960,121,75),(961,85,12),(962,1,84),(963,103,54),(964,15,7),(965,2,81),(966,33,64),(967,99,17),(968,90,51),(969,131,19),(970,148,94),(971,87,2),(972,135,69),(973,50,90),(974,99,66),(975,7,79),(976,56,45),(977,147,18),(978,158,36),(979,91,8),(980,122,33),(981,150,16),(982,116,31),(983,101,32),(984,77,2),(985,15,84),(986,121,31),(987,46,14),(988,24,55),(989,122,93),(990,129,1),(991,82,1),(992,80,76),(993,9,44),(994,110,12),(995,8,59),(996,123,98),(997,44,78),(998,98,34),(999,31,85),(1000,42,13);
/*!40000 ALTER TABLE `carrito_productos` ENABLE KEYS */;
UNLOCK TABLES;

--
-- Table structure for table `categoria`
--

DROP TABLE IF EXISTS `categoria`;
/*!40101 SET @saved_cs_client     = @@character_set_client */;
/*!50503 SET character_set_client = utf8mb4 */;
CREATE TABLE `categoria` (
  `id` int(11) NOT NULL AUTO_INCREMENT,
  `nombrecategoria` varchar(100) DEFAULT NULL,
  PRIMARY KEY (`id`)
) ENGINE=InnoDB AUTO_INCREMENT=6 DEFAULT CHARSET=utf8mb4;
/*!40101 SET character_set_client = @saved_cs_client */;

--
-- Dumping data for table `categoria`
--

LOCK TABLES `categoria` WRITE;
/*!40000 ALTER TABLE `categoria` DISABLE KEYS */;
INSERT INTO `categoria` VALUES (1,'Comics'),(2,'Manga'),(3,'Novelas graficas'),(4,'Historietas'),(5,'Caricaturas');
/*!40000 ALTER TABLE `categoria` ENABLE KEYS */;
UNLOCK TABLES;

--
-- Table structure for table `detalle_factura`
--

DROP TABLE IF EXISTS `detalle_factura`;
/*!40101 SET @saved_cs_client     = @@character_set_client */;
/*!50503 SET character_set_client = utf8mb4 */;
CREATE TABLE `detalle_factura` (
  `id` int(11) NOT NULL AUTO_INCREMENT,
  `cantidad` int(11) NOT NULL,
  `precio` float DEFAULT NULL,
  `subtotal` float NOT NULL,
  `oferta` tinyint(1) DEFAULT NULL,
  `descuento` float DEFAULT NULL,
  `id_factura` int(11) NOT NULL,
  `id_productos` int(11) NOT NULL,
  PRIMARY KEY (`id`),
  KEY `id_factura` (`id_factura`),
  KEY `id_productos` (`id_productos`),
  CONSTRAINT `detalle_factura_ibfk_1` FOREIGN KEY (`id_factura`) REFERENCES `factura` (`id`),
  CONSTRAINT `detalle_factura_ibfk_2` FOREIGN KEY (`id_productos`) REFERENCES `productos` (`id`)
) ENGINE=InnoDB AUTO_INCREMENT=1435 DEFAULT CHARSET=utf8mb4;
/*!40101 SET character_set_client = @saved_cs_client */;

--
-- Dumping data for table `detalle_factura`
--

LOCK TABLES `detalle_factura` WRITE;
/*!40000 ALTER TABLE `detalle_factura` DISABLE KEYS */;
INSERT INTO `detalle_factura` VALUES (1,2,28.481,48.4177,1,0.15,62,48),(2,2,28.481,48.4177,1,0.15,62,48),(3,6,18.981,113.886,0,0,214,75),(4,2,28.481,48.4177,1,0.15,52,52),(5,4,18.981,64.5354,1,0.15,7,116),(6,2,37.981,75.962,0,0,44,140),(7,10,18.981,94.905,1,0.5,9,7),(8,7,18.981,112.937,1,0.15,37,145),(9,2,18.981,34.1658,1,0.1,36,149),(10,2,18.981,18.981,1,0.5,42,5),(11,1,18.981,17.0829,1,0.1,219,87),(12,6,18.981,56.943,1,0.5,106,91),(13,10,18.981,189.81,0,0,130,63),(14,2,18.981,37.962,0,0,184,151),(15,9,18.981,153.746,1,0.1,67,87),(16,2,18.981,37.962,0,0,10,111),(17,9,18.981,85.4145,1,0.5,100,78),(18,1,37.981,18.9905,1,0.5,183,132),(19,9,18.981,170.829,0,0,44,72),(20,10,18.981,94.905,1,0.5,211,150),(21,6,18.981,113.886,0,0,228,76),(22,6,18.981,102.497,1,0.1,250,109),(23,7,18.981,132.867,0,0,43,108),(24,6,18.981,96.8031,1,0.15,187,156),(25,2,18.981,34.1658,1,0.1,144,146),(26,8,18.981,151.848,0,0,211,66),(27,7,18.981,132.867,0,0,109,90),(28,2,28.481,56.962,0,0,134,53),(29,9,18.981,85.4145,1,0.5,249,26),(30,6,18.981,113.886,0,0,191,122),(31,9,18.981,170.829,0,0,250,92),(32,10,18.981,94.905,1,0.5,61,76),(33,3,18.981,48.4016,1,0.15,162,151),(34,1,18.981,9.4905,1,0.5,8,83),(35,5,18.981,47.4525,1,0.5,103,79),(36,6,18.981,113.886,0,0,162,66),(37,7,18.981,112.937,1,0.15,115,88),(38,7,18.981,66.4335,1,0.5,153,120),(39,5,18.981,85.4145,1,0.1,238,82),(40,8,18.981,151.848,0,0,244,123),(41,10,18.981,189.81,0,0,125,150),(42,5,18.981,80.6693,1,0.15,75,80),(43,7,37.981,265.867,0,0,168,140),(44,6,18.981,56.943,1,0.5,33,103),(45,2,18.981,37.962,0,0,174,25),(46,10,18.981,189.81,0,0,190,3),(47,10,37.981,379.81,0,0,230,137),(48,2,18.981,37.962,0,0,59,115),(49,5,18.981,80.6693,1,0.15,111,128),(50,5,18.981,80.6693,1,0.15,216,19),(51,7,18.981,132.867,0,0,1,101),(52,5,18.981,94.905,0,0,23,105),(53,10,18.981,189.81,0,0,66,154),(54,6,18.981,113.886,0,0,119,130),(55,10,18.981,161.339,1,0.15,164,116),(56,10,18.981,189.81,0,0,198,97),(57,9,18.981,145.205,1,0.15,145,62),(58,2,18.981,37.962,0,0,52,64),(59,10,28.481,284.81,0,0,119,48),(60,9,18.981,170.829,0,0,162,7),(61,3,18.981,48.4016,1,0.15,239,12),(62,6,18.981,102.497,1,0.1,189,108),(63,2,18.981,37.962,0,0,159,8),(64,3,18.981,56.943,0,0,40,107),(65,5,18.981,94.905,0,0,2,76),(66,4,18.981,75.924,0,0,228,93),(67,9,37.981,290.555,1,0.15,15,138),(68,4,37.981,151.924,0,0,87,131),(69,9,18.981,170.829,0,0,249,119),(70,1,18.981,18.981,0,0,106,157),(71,2,37.981,75.962,0,0,33,141),(72,8,37.981,303.848,0,0,114,140),(73,6,18.981,113.886,0,0,215,60),(74,5,28.481,121.044,1,0.15,169,42),(75,6,18.981,113.886,0,0,95,60),(76,6,37.981,227.886,0,0,151,140),(77,1,18.981,18.981,0,0,237,149),(78,1,18.981,17.0829,1,0.1,192,110),(79,4,18.981,37.962,1,0.5,19,117),(80,8,37.981,273.463,1,0.1,40,136),(81,2,18.981,37.962,0,0,78,4),(82,8,18.981,151.848,0,0,54,103),(83,8,18.981,136.663,1,0.1,46,84),(84,9,18.981,85.4145,1,0.5,198,12),(85,2,18.981,37.962,0,0,39,66),(86,10,18.981,170.829,1,0.1,100,34),(87,5,18.981,85.4145,1,0.1,96,22),(88,4,18.981,68.3316,1,0.1,96,102),(89,6,18.981,56.943,1,0.5,196,103),(90,4,18.981,37.962,1,0.5,250,103),(91,9,18.981,85.4145,1,0.5,138,14),(92,5,18.981,94.905,0,0,101,4),(93,9,18.981,170.829,0,0,219,70),(94,4,18.981,75.924,0,0,78,110),(95,2,18.981,37.962,0,0,198,145),(96,8,18.981,151.848,0,0,244,157),(97,7,18.981,132.867,0,0,157,118),(98,2,18.981,37.962,0,0,223,110),(99,8,18.981,129.071,1,0.15,131,23),(100,5,18.981,47.4525,1,0.5,250,70),(101,10,18.981,170.829,1,0.1,115,130),(102,8,18.981,151.848,0,0,64,74),(103,6,18.981,113.886,0,0,87,34),(104,3,18.981,48.4016,1,0.15,69,108),(105,10,37.981,379.81,0,0,35,139),(106,6,18.981,102.497,1,0.1,140,8),(107,7,18.981,112.937,1,0.15,99,75),(108,1,18.981,18.981,0,0,100,67),(109,2,18.981,37.962,0,0,124,82),(110,2,18.981,37.962,0,0,56,130),(111,6,18.981,113.886,0,0,141,81),(112,5,37.981,189.905,0,0,209,131),(113,6,18.981,113.886,0,0,48,87),(114,3,18.981,56.943,0,0,64,58),(115,1,18.981,18.981,0,0,75,71),(116,8,18.981,151.848,0,0,213,11),(117,2,18.981,37.962,0,0,204,125),(118,3,18.981,28.4715,1,0.5,138,152),(119,8,18.981,151.848,0,0,250,35),(120,2,18.981,34.1658,1,0.1,15,108),(121,10,18.981,94.905,1,0.5,42,74),(122,7,18.981,132.867,0,0,188,143),(123,1,18.981,18.981,0,0,134,67),(124,6,18.981,96.8031,1,0.15,236,119),(125,6,18.981,113.886,0,0,236,125),(126,7,18.981,132.867,0,0,65,9),(127,1,18.981,9.4905,1,0.5,219,3),(128,8,18.981,75.924,1,0.5,182,77),(129,7,18.981,119.58,1,0.1,25,112),(130,6,18.981,113.886,0,0,174,81),(131,8,18.981,136.663,1,0.1,31,127),(132,2,18.981,37.962,0,0,226,108),(133,5,28.481,142.405,0,0,246,54),(134,6,18.981,113.886,0,0,187,98),(135,9,18.981,153.746,1,0.1,135,4),(136,8,18.981,129.071,1,0.15,195,81),(137,2,18.981,37.962,0,0,142,147),(138,4,18.981,68.3316,1,0.1,50,126),(139,8,18.981,129.071,1,0.15,231,29),(140,3,18.981,56.943,0,0,124,57),(141,3,28.481,85.443,0,0,132,50),(142,9,37.981,170.915,1,0.5,99,138),(143,6,18.981,113.886,0,0,81,64),(144,3,18.981,56.943,0,0,7,56),(145,3,18.981,48.4016,1,0.15,39,120),(146,4,18.981,68.3316,1,0.1,118,100),(147,1,18.981,17.0829,1,0.1,7,34),(148,6,18.981,56.943,1,0.5,29,65),(149,9,18.981,170.829,0,0,248,69),(150,3,18.981,51.2487,1,0.1,27,33),(151,1,28.481,28.481,0,0,75,47),(152,6,18.981,56.943,1,0.5,235,128),(153,2,18.981,32.2677,1,0.15,219,76),(154,10,18.981,161.339,1,0.15,241,87),(155,1,28.481,28.481,0,0,170,50),(156,9,18.981,170.829,0,0,77,104),(157,9,18.981,85.4145,1,0.5,160,154),(158,7,18.981,132.867,0,0,215,8),(159,9,18.981,170.829,0,0,205,27),(160,6,18.981,113.886,0,0,62,87),(161,8,18.981,136.663,1,0.1,176,113),(162,4,18.981,75.924,0,0,113,62),(163,2,18.981,37.962,0,0,160,72),(164,7,28.481,99.6835,1,0.5,129,49),(165,8,18.981,151.848,0,0,16,97),(166,5,28.481,71.2025,1,0.5,45,52),(167,9,28.481,128.165,1,0.5,18,53),(168,1,18.981,17.0829,1,0.1,75,27),(169,3,18.981,51.2487,1,0.1,197,123),(170,3,18.981,56.943,0,0,54,157),(171,3,20.881,62.643,0,0,114,158),(172,8,18.981,151.848,0,0,21,92),(173,10,18.981,189.81,0,0,221,95),(174,1,18.981,9.4905,1,0.5,62,127),(175,7,18.981,112.937,1,0.15,35,69),(176,5,37.981,189.905,0,0,21,136),(177,2,20.881,41.762,0,0,184,144),(178,7,37.981,132.934,1,0.5,67,142),(179,10,18.981,94.905,1,0.5,25,31),(180,2,18.981,37.962,0,0,107,21),(181,10,18.981,189.81,0,0,130,63),(182,9,18.981,85.4145,1,0.5,99,81),(183,3,18.981,56.943,0,0,38,110),(184,9,18.981,153.746,1,0.1,62,13),(185,2,18.981,37.962,0,0,229,83),(186,7,37.981,265.867,0,0,239,132),(187,6,18.981,113.886,0,0,248,59),(188,8,18.981,151.848,0,0,138,85),(189,2,18.981,32.2677,1,0.15,235,63),(190,6,18.981,113.886,0,0,151,96),(191,2,18.981,37.962,0,0,29,7),(192,3,37.981,96.8515,1,0.15,75,132),(193,8,18.981,151.848,0,0,15,14),(194,2,28.481,56.962,0,0,135,45),(195,7,18.981,132.867,0,0,139,108),(196,2,37.981,68.3658,1,0.1,220,137),(197,3,18.981,51.2487,1,0.1,84,69),(198,9,18.981,85.4145,1,0.5,100,70),(199,6,18.981,96.8031,1,0.15,168,147),(200,10,28.481,284.81,0,0,182,45),(201,4,18.981,68.3316,1,0.1,6,33),(202,1,18.981,16.1339,1,0.15,24,130),(203,4,18.981,75.924,0,0,76,119),(204,9,18.981,153.746,1,0.1,121,77),(205,1,28.481,14.2405,1,0.5,58,49),(206,4,18.981,37.962,1,0.5,92,154),(207,4,18.981,68.3316,1,0.1,105,9),(208,10,28.481,284.81,0,0,64,51),(209,3,18.981,56.943,0,0,88,147),(210,3,18.981,56.943,0,0,5,76),(211,4,18.981,75.924,0,0,185,82),(212,4,18.981,64.5354,1,0.15,18,151),(213,2,37.981,64.5677,1,0.15,33,136),(214,7,18.981,66.4335,1,0.5,239,34),(215,10,18.981,94.905,1,0.5,229,101),(216,10,37.981,341.829,1,0.1,200,135),(217,3,18.981,56.943,0,0,201,117),(218,2,18.981,18.981,1,0.5,149,7),(219,8,18.981,151.848,0,0,58,56),(220,4,37.981,151.924,0,0,36,132),(221,5,18.981,94.905,0,0,216,12),(222,1,18.981,18.981,0,0,115,23),(223,6,18.981,113.886,0,0,119,10),(224,6,18.981,113.886,0,0,176,19),(225,10,18.981,189.81,0,0,62,2),(226,5,18.981,94.905,0,0,246,68),(227,7,18.981,66.4335,1,0.5,30,151),(228,1,18.981,18.981,0,0,17,3),(229,6,18.981,113.886,0,0,43,103),(230,2,18.981,32.2677,1,0.15,29,126),(231,10,18.981,94.905,1,0.5,78,21),(232,1,18.981,16.1339,1,0.15,65,79),(233,2,18.981,37.962,0,0,64,15),(234,6,18.981,113.886,0,0,227,85),(235,9,37.981,341.829,0,0,72,134),(236,6,18.981,113.886,0,0,106,151),(237,3,18.981,56.943,0,0,125,116),(238,8,37.981,303.848,0,0,9,137),(239,7,37.981,265.867,0,0,248,140),(240,10,18.981,189.81,0,0,62,24),(241,2,28.481,48.4177,1,0.15,65,55),(242,7,18.981,119.58,1,0.1,77,58),(243,5,18.981,47.4525,1,0.5,86,13),(244,1,18.981,18.981,0,0,171,84),(245,10,28.481,242.089,1,0.15,75,51),(246,8,18.981,151.848,0,0,207,82),(247,1,18.981,18.981,0,0,145,152),(248,10,18.981,189.81,0,0,184,29),(249,6,28.481,145.253,1,0.15,127,44),(250,4,18.981,75.924,0,0,182,3),(251,10,18.981,94.905,1,0.5,92,92),(252,8,18.981,151.848,0,0,126,92),(253,3,18.981,56.943,0,0,133,114),(254,4,18.981,68.3316,1,0.1,231,101),(255,8,18.981,151.848,0,0,62,6),(256,1,18.981,18.981,0,0,71,57),(257,10,18.981,94.905,1,0.5,147,57),(258,7,18.981,119.58,1,0.1,111,154),(259,8,18.981,151.848,0,0,142,110),(260,8,28.481,227.848,0,0,119,51),(261,6,18.981,56.943,1,0.5,235,64),(262,9,18.981,153.746,1,0.1,212,88),(263,6,18.981,102.497,1,0.1,169,29),(264,7,28.481,169.462,1,0.15,61,48),(265,10,18.981,189.81,0,0,46,81),(266,4,28.481,113.924,0,0,15,39),(267,8,18.981,151.848,0,0,12,3),(268,6,18.981,113.886,0,0,242,68),(269,6,18.981,113.886,0,0,74,76),(270,7,18.981,132.867,0,0,22,30),(271,9,18.981,153.746,1,0.1,139,148),(272,3,18.981,48.4016,1,0.15,51,22),(273,6,37.981,193.703,1,0.15,5,140),(274,5,18.981,47.4525,1,0.5,153,103),(275,6,18.981,96.8031,1,0.15,192,74),(276,5,20.881,52.2025,1,0.5,23,144),(277,10,18.981,94.905,1,0.5,72,72),(278,7,18.981,112.937,1,0.15,225,118),(279,10,18.981,189.81,0,0,92,63),(280,5,18.981,94.905,0,0,61,7),(281,3,37.981,113.943,0,0,57,137),(282,8,18.981,136.663,1,0.1,159,64),(283,2,18.981,37.962,0,0,50,147),(284,6,18.981,113.886,0,0,62,58),(285,7,18.981,119.58,1,0.1,72,36),(286,1,28.481,28.481,0,0,160,39),(287,1,18.981,17.0829,1,0.1,208,10),(288,3,18.981,28.4715,1,0.5,102,103),(289,9,18.981,85.4145,1,0.5,146,70),(290,3,18.981,28.4715,1,0.5,198,97),(291,5,18.981,94.905,0,0,62,87),(292,2,18.981,34.1658,1,0.1,2,23),(293,8,18.981,151.848,0,0,65,24),(294,2,18.981,18.981,1,0.5,69,119),(295,6,18.981,113.886,0,0,234,145),(296,3,18.981,51.2487,1,0.1,134,89),(297,7,18.981,132.867,0,0,77,115),(298,10,18.981,161.339,1,0.15,86,101),(299,8,28.481,227.848,0,0,23,42),(300,1,18.981,18.981,0,0,17,77),(301,4,18.981,37.962,1,0.5,124,79),(302,6,18.981,113.886,0,0,74,34),(303,7,18.981,66.4335,1,0.5,22,56),(304,2,18.981,37.962,0,0,137,17),(305,10,18.981,189.81,0,0,46,151),(306,5,18.981,94.905,0,0,149,121),(307,10,18.981,161.339,1,0.15,130,64),(308,4,18.981,64.5354,1,0.15,216,151),(309,6,18.981,113.886,0,0,165,129),(310,5,18.981,85.4145,1,0.1,138,127),(311,5,18.981,94.905,0,0,146,13),(312,2,37.981,37.981,1,0.5,243,142),(313,10,18.981,161.339,1,0.15,73,75),(314,3,18.981,48.4016,1,0.15,1,93),(315,2,18.981,18.981,1,0.5,176,115),(316,7,18.981,132.867,0,0,170,107),(317,3,18.981,28.4715,1,0.5,45,125),(318,2,18.981,37.962,0,0,36,80),(319,7,18.981,112.937,1,0.15,69,114),(320,2,20.881,41.762,0,0,237,158),(321,3,18.981,56.943,0,0,138,74),(322,7,18.981,119.58,1,0.1,12,20),(323,6,28.481,170.886,0,0,152,46),(324,8,18.981,75.924,1,0.5,247,1),(325,6,18.981,113.886,0,0,94,36),(326,10,18.981,94.905,1,0.5,35,35),(327,9,18.981,145.205,1,0.15,233,98),(328,8,18.981,151.848,0,0,30,115),(329,1,18.981,18.981,0,0,39,4),(330,3,18.981,48.4016,1,0.15,93,5),(331,4,18.981,37.962,1,0.5,20,16),(332,4,28.481,96.8354,1,0.15,213,38),(333,6,18.981,113.886,0,0,145,56),(334,3,18.981,56.943,0,0,7,13),(335,5,18.981,80.6693,1,0.15,220,128),(336,8,18.981,151.848,0,0,4,35),(337,6,28.481,170.886,0,0,199,46),(338,7,18.981,132.867,0,0,233,98),(339,5,18.981,94.905,0,0,198,88),(340,4,18.981,75.924,0,0,205,122),(341,1,37.981,37.981,0,0,92,140),(342,5,18.981,94.905,0,0,50,21),(343,8,18.981,151.848,0,0,43,118),(344,6,28.481,170.886,0,0,196,53),(345,4,18.981,75.924,0,0,240,110),(346,7,28.481,199.367,0,0,26,46),(347,1,18.981,18.981,0,0,53,125),(348,5,18.981,47.4525,1,0.5,168,84),(349,5,18.981,94.905,0,0,131,154),(350,5,18.981,85.4145,1,0.1,194,78),(351,9,18.981,170.829,0,0,120,100),(352,2,18.981,34.1658,1,0.1,106,147),(353,6,37.981,113.943,1,0.5,75,139),(354,5,20.881,93.9645,1,0.1,148,158),(355,5,18.981,94.905,0,0,155,56),(356,6,37.981,113.943,1,0.5,38,141),(357,7,18.981,66.4335,1,0.5,53,58),(358,7,18.981,66.4335,1,0.5,212,96),(359,2,37.981,37.981,1,0.5,133,142),(360,9,18.981,85.4145,1,0.5,46,124),(361,8,18.981,129.071,1,0.15,144,36),(362,4,18.981,68.3316,1,0.1,156,8),(363,8,28.481,205.063,1,0.1,217,38),(364,1,18.981,18.981,0,0,88,36),(365,9,18.981,170.829,0,0,60,114),(366,9,28.481,256.329,0,0,167,51),(367,9,18.981,145.205,1,0.15,43,150),(368,6,18.981,102.497,1,0.1,208,80),(369,6,18.981,102.497,1,0.1,233,83),(370,9,18.981,145.205,1,0.15,207,118),(371,6,18.981,102.497,1,0.1,105,9),(372,9,18.981,145.205,1,0.15,108,150),(373,3,37.981,113.943,0,0,141,138),(374,7,18.981,132.867,0,0,64,80),(375,7,28.481,179.43,1,0.1,234,51),(376,6,18.981,102.497,1,0.1,41,128),(377,3,18.981,56.943,0,0,181,24),(378,1,28.481,28.481,0,0,152,51),(379,10,18.981,189.81,0,0,243,59),(380,8,18.981,129.071,1,0.15,197,79),(381,3,18.981,56.943,0,0,57,23),(382,5,18.981,80.6693,1,0.15,103,85),(383,9,18.981,85.4145,1,0.5,20,149),(384,1,28.481,25.6329,1,0.1,89,53),(385,1,18.981,18.981,0,0,174,58),(386,8,18.981,75.924,1,0.5,134,127),(387,6,28.481,85.443,1,0.5,116,42),(388,5,18.981,94.905,0,0,195,20),(389,1,28.481,28.481,0,0,121,44),(390,4,18.981,75.924,0,0,230,56),(391,1,18.981,16.1339,1,0.15,205,85),(392,4,18.981,64.5354,1,0.15,142,30),(393,2,18.981,32.2677,1,0.15,117,126),(394,6,18.981,113.886,0,0,146,28),(395,10,37.981,322.839,1,0.15,124,142),(396,1,28.481,14.2405,1,0.5,93,50),(397,5,18.981,85.4145,1,0.1,124,96),(398,8,28.481,205.063,1,0.1,231,47),(399,2,37.981,75.962,0,0,152,140),(400,4,18.981,75.924,0,0,194,9),(401,3,18.981,56.943,0,0,164,34),(402,8,18.981,75.924,1,0.5,54,79),(403,7,37.981,132.934,1,0.5,217,134),(404,8,18.981,75.924,1,0.5,11,56),(405,4,18.981,75.924,0,0,86,80),(406,7,18.981,132.867,0,0,45,68),(407,8,18.981,151.848,0,0,125,13),(408,7,18.981,119.58,1,0.1,68,9),(409,7,18.981,66.4335,1,0.5,17,33),(410,8,18.981,129.071,1,0.15,116,153),(411,4,18.981,75.924,0,0,69,109),(412,3,18.981,51.2487,1,0.1,135,16),(413,2,18.981,32.2677,1,0.15,246,79),(414,6,37.981,227.886,0,0,102,132),(415,10,28.481,242.089,1,0.15,248,39),(416,3,18.981,48.4016,1,0.15,158,72),(417,1,18.981,17.0829,1,0.1,100,74),(418,3,18.981,56.943,0,0,28,90),(419,8,18.981,151.848,0,0,136,150),(420,8,37.981,258.271,1,0.15,249,132),(421,4,28.481,56.962,1,0.5,153,39),(422,2,28.481,56.962,0,0,111,54),(423,5,18.981,80.6693,1,0.15,161,26),(424,10,18.981,189.81,0,0,31,32),(425,9,18.981,170.829,0,0,102,14),(426,8,18.981,151.848,0,0,44,81),(427,7,37.981,265.867,0,0,197,131),(428,7,18.981,66.4335,1,0.5,16,34),(429,2,28.481,56.962,0,0,138,38),(430,6,18.981,96.8031,1,0.15,217,128),(431,9,18.981,170.829,0,0,104,113),(432,10,18.981,189.81,0,0,171,96),(433,4,18.981,75.924,0,0,38,72),(434,5,18.981,80.6693,1,0.15,196,121),(435,5,18.981,94.905,0,0,45,73),(436,5,28.481,121.044,1,0.15,217,54),(437,7,18.981,132.867,0,0,21,149),(438,2,18.981,32.2677,1,0.15,156,92),(439,1,28.481,24.2089,1,0.15,48,54),(440,3,18.981,56.943,0,0,231,156),(441,7,18.981,132.867,0,0,45,28),(442,8,28.481,205.063,1,0.1,2,52),(443,3,37.981,56.9715,1,0.5,237,139),(444,2,18.981,37.962,0,0,8,70),(445,4,28.481,113.924,0,0,239,42),(446,3,18.981,56.943,0,0,163,149),(447,3,18.981,56.943,0,0,59,75),(448,5,18.981,94.905,0,0,65,151),(449,7,18.981,132.867,0,0,112,58),(450,1,18.981,16.1339,1,0.15,57,27),(451,7,18.981,132.867,0,0,104,85),(452,9,18.981,153.746,1,0.1,34,73),(453,7,18.981,112.937,1,0.15,227,36),(454,9,18.981,153.746,1,0.1,158,118),(455,9,28.481,230.696,1,0.1,193,52),(456,8,18.981,136.663,1,0.1,207,58),(457,1,18.981,18.981,0,0,195,146),(458,6,18.981,113.886,0,0,64,74),(459,2,18.981,37.962,0,0,122,99),(460,8,37.981,258.271,1,0.15,193,138),(461,1,28.481,24.2089,1,0.15,25,55),(462,10,18.981,189.81,0,0,236,115),(463,8,18.981,129.071,1,0.15,5,34),(464,1,28.481,14.2405,1,0.5,7,53),(465,1,20.881,20.881,0,0,99,158),(466,2,28.481,48.4177,1,0.15,185,50),(467,9,18.981,85.4145,1,0.5,11,33),(468,9,18.981,170.829,0,0,57,130),(469,7,18.981,132.867,0,0,42,75),(470,2,18.981,32.2677,1,0.15,133,25),(471,7,18.981,132.867,0,0,147,37),(472,10,18.981,189.81,0,0,216,15),(473,2,18.981,32.2677,1,0.15,111,29),(474,2,18.981,37.962,0,0,232,90),(475,10,18.981,189.81,0,0,137,146),(476,8,18.981,151.848,0,0,100,16),(477,6,18.981,113.886,0,0,56,106),(478,4,18.981,75.924,0,0,4,152),(479,6,18.981,96.8031,1,0.15,239,5),(480,3,18.981,56.943,0,0,97,97),(481,10,18.981,170.829,1,0.1,94,78),(482,7,18.981,132.867,0,0,200,145),(483,5,28.481,128.165,1,0.1,145,45),(484,6,18.981,113.886,0,0,55,66),(485,7,37.981,265.867,0,0,52,135),(486,4,18.981,75.924,0,0,159,117),(487,10,18.981,189.81,0,0,66,101),(488,8,20.881,83.524,1,0.5,83,158),(489,3,18.981,56.943,0,0,28,68),(490,5,18.981,47.4525,1,0.5,10,113),(491,3,18.981,48.4016,1,0.15,57,92),(492,5,18.981,94.905,0,0,243,10),(493,7,18.981,132.867,0,0,222,9),(494,6,28.481,170.886,0,0,68,52),(495,10,18.981,94.905,1,0.5,193,22),(496,10,18.981,170.829,1,0.1,12,25),(497,5,18.981,80.6693,1,0.15,61,115),(498,8,18.981,136.663,1,0.1,41,155),(499,3,18.981,56.943,0,0,78,79),(500,7,18.981,132.867,0,0,136,88),(501,5,18.981,94.905,0,0,30,78),(502,1,28.481,28.481,0,0,16,51),(503,1,18.981,9.4905,1,0.5,247,85),(504,2,18.981,34.1658,1,0.1,160,63),(505,9,18.981,153.746,1,0.1,136,81),(506,8,18.981,129.071,1,0.15,33,95),(507,8,37.981,273.463,1,0.1,40,141),(508,4,18.981,75.924,0,0,69,71),(509,3,18.981,28.4715,1,0.5,171,157),(510,10,28.481,142.405,1,0.5,51,41),(511,6,37.981,193.703,1,0.15,139,135),(512,9,18.981,85.4145,1,0.5,191,103),(513,2,18.981,37.962,0,0,93,84),(514,5,28.481,142.405,0,0,147,41),(515,10,18.981,170.829,1,0.1,45,111),(516,3,18.981,51.2487,1,0.1,9,129),(517,7,28.481,199.367,0,0,68,49),(518,6,18.981,113.886,0,0,223,81),(519,8,37.981,258.271,1,0.15,172,134),(520,2,18.981,37.962,0,0,77,73),(521,7,18.981,119.58,1,0.1,203,64),(522,9,18.981,170.829,0,0,224,95),(523,6,18.981,102.497,1,0.1,239,122),(524,3,18.981,56.943,0,0,126,113),(525,5,18.981,47.4525,1,0.5,238,74),(526,1,18.981,18.981,0,0,70,115),(527,3,18.981,51.2487,1,0.1,78,118),(528,3,18.981,56.943,0,0,159,20),(529,9,37.981,341.829,0,0,107,134),(530,1,18.981,9.4905,1,0.5,84,100),(531,8,18.981,151.848,0,0,140,3),(532,6,28.481,153.797,1,0.1,88,50),(533,9,18.981,153.746,1,0.1,198,152),(534,8,18.981,129.071,1,0.15,212,3),(535,10,18.981,189.81,0,0,123,61),(536,4,18.981,37.962,1,0.5,245,63),(537,8,18.981,151.848,0,0,154,143),(538,3,18.981,51.2487,1,0.1,67,145),(539,4,18.981,75.924,0,0,138,92),(540,8,18.981,129.071,1,0.15,33,117),(541,1,37.981,37.981,0,0,149,140),(542,10,18.981,189.81,0,0,220,68),(543,8,28.481,205.063,1,0.1,24,52),(544,9,18.981,153.746,1,0.1,233,94),(545,5,18.981,47.4525,1,0.5,13,37),(546,10,18.981,189.81,0,0,5,95),(547,4,37.981,151.924,0,0,247,136),(548,5,18.981,94.905,0,0,92,128),(549,4,18.981,37.962,1,0.5,216,121),(550,4,18.981,37.962,1,0.5,167,151),(551,2,28.481,28.481,1,0.5,168,41),(552,3,18.981,56.943,0,0,140,104),(553,7,18.981,66.4335,1,0.5,218,75),(554,10,28.481,256.329,1,0.1,77,41),(555,9,37.981,290.555,1,0.15,187,133),(556,6,18.981,113.886,0,0,175,89),(557,4,18.981,64.5354,1,0.15,117,95),(558,9,18.981,145.205,1,0.15,91,15),(559,3,18.981,28.4715,1,0.5,148,26),(560,3,28.481,85.443,0,0,198,46),(561,4,18.981,75.924,0,0,15,81),(562,4,18.981,37.962,1,0.5,225,130),(563,5,18.981,85.4145,1,0.1,201,3),(564,5,18.981,94.905,0,0,97,71),(565,3,18.981,56.943,0,0,12,31),(566,5,18.981,80.6693,1,0.15,4,88),(567,5,18.981,85.4145,1,0.1,173,77),(568,10,28.481,256.329,1,0.1,151,51),(569,5,18.981,94.905,0,0,56,60),(570,6,28.481,145.253,1,0.15,130,52),(571,1,28.481,28.481,0,0,210,54),(572,1,28.481,28.481,0,0,129,38),(573,6,18.981,102.497,1,0.1,176,14),(574,10,18.981,161.339,1,0.15,72,105),(575,2,18.981,18.981,1,0.5,204,125),(576,4,28.481,113.924,0,0,84,38),(577,10,18.981,189.81,0,0,90,113),(578,6,18.981,113.886,0,0,188,109),(579,5,28.481,71.2025,1,0.5,78,48),(580,8,18.981,129.071,1,0.15,68,109),(581,3,20.881,62.643,0,0,102,144),(582,9,18.981,170.829,0,0,29,6),(583,6,37.981,193.703,1,0.15,242,137),(584,1,18.981,9.4905,1,0.5,106,92),(585,3,18.981,56.943,0,0,162,66),(586,3,18.981,48.4016,1,0.15,215,32),(587,4,18.981,37.962,1,0.5,207,84),(588,10,18.981,189.81,0,0,101,73),(589,4,18.981,75.924,0,0,138,18),(590,10,18.981,189.81,0,0,192,153),(591,3,18.981,56.943,0,0,89,74),(592,7,18.981,119.58,1,0.1,116,120),(593,2,18.981,37.962,0,0,123,79),(594,3,18.981,56.943,0,0,223,71),(595,1,18.981,18.981,0,0,133,93),(596,6,18.981,56.943,1,0.5,12,79),(597,5,18.981,94.905,0,0,67,88),(598,6,18.981,56.943,1,0.5,238,59),(599,1,28.481,25.6329,1,0.1,137,40),(600,4,18.981,75.924,0,0,87,95),(601,1,18.981,18.981,0,0,203,78),(602,10,18.981,94.905,1,0.5,161,124),(603,8,18.981,136.663,1,0.1,164,21),(604,9,18.981,170.829,0,0,244,36),(605,2,18.981,18.981,1,0.5,89,93),(606,1,18.981,18.981,0,0,155,14),(607,3,18.981,56.943,0,0,75,128),(608,10,18.981,161.339,1,0.15,179,25),(609,4,18.981,68.3316,1,0.1,222,98),(610,7,18.981,132.867,0,0,124,107),(611,9,18.981,170.829,0,0,70,121),(612,2,28.481,56.962,0,0,107,54),(613,5,18.981,85.4145,1,0.1,72,85),(614,6,18.981,96.8031,1,0.15,217,20),(615,9,18.981,145.205,1,0.15,123,94),(616,8,28.481,205.063,1,0.1,184,48),(617,9,18.981,170.829,0,0,31,2),(618,5,18.981,80.6693,1,0.15,239,28),(619,4,18.981,75.924,0,0,42,58),(620,1,18.981,18.981,0,0,159,25),(621,3,18.981,28.4715,1,0.5,231,78),(622,10,18.981,189.81,0,0,192,70),(623,7,18.981,66.4335,1,0.5,178,145),(624,4,18.981,64.5354,1,0.15,37,100),(625,9,18.981,170.829,0,0,135,103),(626,7,18.981,66.4335,1,0.5,66,61),(627,3,18.981,28.4715,1,0.5,233,15),(628,6,18.981,102.497,1,0.1,54,60),(629,10,28.481,256.329,1,0.1,146,45),(630,8,28.481,227.848,0,0,125,51),(631,8,18.981,151.848,0,0,31,15),(632,4,18.981,75.924,0,0,166,68),(633,3,18.981,48.4016,1,0.15,72,2),(634,3,28.481,72.6265,1,0.15,148,42),(635,3,18.981,28.4715,1,0.5,244,12),(636,1,18.981,18.981,0,0,16,154),(637,9,18.981,170.829,0,0,175,82),(638,7,37.981,265.867,0,0,215,137),(639,7,18.981,66.4335,1,0.5,79,123),(640,2,20.881,41.762,0,0,113,144),(641,6,18.981,56.943,1,0.5,190,114),(642,3,18.981,51.2487,1,0.1,104,124),(643,9,18.981,170.829,0,0,56,85),(644,8,20.881,150.343,1,0.1,32,158),(645,3,37.981,102.549,1,0.1,57,131),(646,6,18.981,56.943,1,0.5,250,123),(647,3,18.981,56.943,0,0,100,127),(648,9,37.981,307.646,1,0.1,69,140),(649,10,18.981,170.829,1,0.1,55,126),(650,1,37.981,37.981,0,0,203,137),(651,7,18.981,132.867,0,0,177,4),(652,3,18.981,28.4715,1,0.5,3,105),(653,1,18.981,9.4905,1,0.5,86,31),(654,7,18.981,132.867,0,0,201,79),(655,5,18.981,85.4145,1,0.1,82,94),(656,2,18.981,32.2677,1,0.15,232,117),(657,5,18.981,80.6693,1,0.15,213,22),(658,7,18.981,132.867,0,0,89,109),(659,8,18.981,136.663,1,0.1,170,87),(660,1,18.981,18.981,0,0,100,82),(661,7,18.981,132.867,0,0,103,24),(662,2,18.981,37.962,0,0,208,58),(663,6,37.981,193.703,1,0.15,26,131),(664,1,18.981,17.0829,1,0.1,119,123),(665,6,18.981,113.886,0,0,216,90),(666,4,28.481,56.962,1,0.5,171,41),(667,7,18.981,66.4335,1,0.5,101,107),(668,7,18.981,132.867,0,0,144,63),(669,5,18.981,47.4525,1,0.5,241,6),(670,9,18.981,170.829,0,0,28,84),(671,5,37.981,189.905,0,0,240,140),(672,4,18.981,64.5354,1,0.15,195,33),(673,7,18.981,132.867,0,0,189,11),(674,5,18.981,80.6693,1,0.15,182,4),(675,2,18.981,37.962,0,0,174,1),(676,7,28.481,199.367,0,0,84,44),(677,7,37.981,132.934,1,0.5,19,133),(678,10,18.981,189.81,0,0,72,113),(679,10,18.981,189.81,0,0,226,116),(680,7,18.981,119.58,1,0.1,31,93),(681,5,28.481,142.405,0,0,146,39),(682,4,18.981,75.924,0,0,80,59),(683,1,18.981,16.1339,1,0.15,118,156),(684,5,28.481,142.405,0,0,190,52),(685,4,18.981,37.962,1,0.5,224,91),(686,9,18.981,170.829,0,0,64,67),(687,10,28.481,142.405,1,0.5,85,54),(688,4,18.981,68.3316,1,0.1,45,152),(689,5,28.481,142.405,0,0,26,48),(690,10,37.981,189.905,1,0.5,19,141),(691,3,20.881,53.2466,1,0.15,101,144),(692,6,18.981,113.886,0,0,233,28),(693,1,18.981,18.981,0,0,244,97),(694,1,18.981,16.1339,1,0.15,91,91),(695,10,37.981,379.81,0,0,212,139),(696,7,18.981,132.867,0,0,189,107),(697,8,18.981,151.848,0,0,13,33),(698,3,18.981,48.4016,1,0.15,121,113),(699,4,28.481,56.962,1,0.5,97,47),(700,5,18.981,94.905,0,0,153,67),(701,10,18.981,189.81,0,0,203,87),(702,10,28.481,142.405,1,0.5,202,53),(703,3,18.981,56.943,0,0,110,4),(704,7,18.981,132.867,0,0,21,149),(705,1,28.481,24.2089,1,0.15,214,50),(706,3,18.981,28.4715,1,0.5,180,14),(707,6,28.481,170.886,0,0,203,55),(708,5,18.981,94.905,0,0,90,2),(709,5,18.981,94.905,0,0,129,119),(710,7,18.981,132.867,0,0,114,155),(711,4,18.981,75.924,0,0,162,18),(712,4,18.981,37.962,1,0.5,163,82),(713,9,18.981,170.829,0,0,197,36),(714,8,18.981,151.848,0,0,38,4),(715,3,37.981,56.9715,1,0.5,216,132),(716,8,18.981,151.848,0,0,208,64),(717,10,18.981,189.81,0,0,219,91),(718,2,18.981,34.1658,1,0.1,140,119),(719,1,18.981,18.981,0,0,172,35),(720,10,18.981,189.81,0,0,211,145),(721,1,18.981,9.4905,1,0.5,206,16),(722,8,18.981,151.848,0,0,57,156),(723,10,18.981,161.339,1,0.15,65,117),(724,2,18.981,37.962,0,0,234,147),(725,3,18.981,56.943,0,0,217,26),(726,9,18.981,170.829,0,0,174,31),(727,10,18.981,170.829,1,0.1,132,2),(728,1,18.981,17.0829,1,0.1,20,60),(729,7,28.481,169.462,1,0.15,64,54),(730,7,37.981,265.867,0,0,236,131),(731,2,18.981,32.2677,1,0.15,176,18),(732,7,18.981,66.4335,1,0.5,198,114),(733,4,18.981,75.924,0,0,58,119),(734,1,18.981,18.981,0,0,70,127),(735,8,28.481,227.848,0,0,83,40),(736,3,18.981,28.4715,1,0.5,142,14),(737,7,37.981,132.934,1,0.5,239,133),(738,5,28.481,142.405,0,0,100,51),(739,4,18.981,75.924,0,0,76,113),(740,6,18.981,56.943,1,0.5,13,14),(741,10,18.981,161.339,1,0.15,247,112),(742,3,28.481,42.7215,1,0.5,93,39),(743,7,18.981,66.4335,1,0.5,49,116),(744,4,18.981,68.3316,1,0.1,119,63),(745,2,18.981,18.981,1,0.5,189,130),(746,3,18.981,56.943,0,0,244,14),(747,5,28.481,128.165,1,0.1,239,52),(748,2,18.981,18.981,1,0.5,75,117),(749,7,37.981,239.28,1,0.1,179,141),(750,2,18.981,37.962,0,0,110,89),(751,8,18.981,136.663,1,0.1,130,71),(752,9,18.981,170.829,0,0,16,106),(753,10,18.981,189.81,0,0,58,14),(754,9,18.981,153.746,1,0.1,64,117),(755,6,18.981,56.943,1,0.5,155,72),(756,7,18.981,132.867,0,0,92,34),(757,8,18.981,151.848,0,0,118,24),(758,7,18.981,112.937,1,0.15,11,21),(759,2,18.981,37.962,0,0,205,11),(760,9,18.981,170.829,0,0,37,56),(761,1,18.981,18.981,0,0,158,27),(762,2,18.981,32.2677,1,0.15,69,92),(763,5,18.981,94.905,0,0,50,25),(764,9,18.981,145.205,1,0.15,174,1),(765,6,18.981,113.886,0,0,146,119),(766,6,18.981,113.886,0,0,169,126),(767,4,18.981,75.924,0,0,242,25),(768,6,18.981,56.943,1,0.5,126,69),(769,6,18.981,113.886,0,0,44,61),(770,7,18.981,132.867,0,0,230,128),(771,4,28.481,113.924,0,0,122,40),(772,7,18.981,132.867,0,0,88,67),(773,7,18.981,132.867,0,0,8,3),(774,10,18.981,189.81,0,0,218,107),(775,6,18.981,56.943,1,0.5,132,62),(776,2,28.481,48.4177,1,0.15,104,43),(777,5,18.981,94.905,0,0,46,15),(778,10,28.481,284.81,0,0,36,38),(779,8,18.981,136.663,1,0.1,7,98),(780,2,28.481,28.481,1,0.5,44,46),(781,4,28.481,96.8354,1,0.15,129,54),(782,4,28.481,113.924,0,0,108,45),(783,2,37.981,75.962,0,0,32,133),(784,3,18.981,56.943,0,0,42,130),(785,8,18.981,151.848,0,0,78,57),(786,9,18.981,85.4145,1,0.5,211,121),(787,8,18.981,136.663,1,0.1,45,75),(788,1,18.981,18.981,0,0,61,9),(789,8,18.981,129.071,1,0.15,181,91),(790,7,18.981,132.867,0,0,163,103),(791,3,18.981,56.943,0,0,204,87),(792,8,28.481,227.848,0,0,47,47),(793,4,18.981,75.924,0,0,17,26),(794,3,18.981,51.2487,1,0.1,121,14),(795,9,18.981,153.746,1,0.1,203,98),(796,5,18.981,80.6693,1,0.15,128,105),(797,5,28.481,128.165,1,0.1,91,47),(798,10,18.981,189.81,0,0,145,32),(799,9,18.981,153.746,1,0.1,26,156),(800,9,18.981,170.829,0,0,139,23),(801,2,18.981,32.2677,1,0.15,29,121),(802,7,18.981,66.4335,1,0.5,228,81),(803,9,18.981,170.829,0,0,143,101),(804,6,37.981,205.097,1,0.1,197,136),(805,10,18.981,170.829,1,0.1,62,78),(806,9,18.981,145.205,1,0.15,155,119),(807,4,18.981,68.3316,1,0.1,158,77),(808,9,18.981,153.746,1,0.1,56,7),(809,5,18.981,85.4145,1,0.1,157,4),(810,2,18.981,37.962,0,0,207,65),(811,3,18.981,56.943,0,0,135,99),(812,4,18.981,68.3316,1,0.1,94,61),(813,1,18.981,18.981,0,0,182,124),(814,5,18.981,47.4525,1,0.5,246,121),(815,7,18.981,66.4335,1,0.5,250,64),(816,2,18.981,18.981,1,0.5,143,61),(817,4,18.981,68.3316,1,0.1,182,58),(818,5,18.981,85.4145,1,0.1,62,71),(819,3,18.981,56.943,0,0,22,15),(820,9,18.981,153.746,1,0.1,8,57),(821,10,18.981,170.829,1,0.1,50,118),(822,3,18.981,28.4715,1,0.5,73,117),(823,6,18.981,113.886,0,0,123,111),(824,8,18.981,75.924,1,0.5,179,110),(825,4,37.981,136.732,1,0.1,7,132),(826,8,28.481,193.671,1,0.15,108,41),(827,9,18.981,145.205,1,0.15,220,93),(828,10,18.981,189.81,0,0,13,2),(829,1,18.981,18.981,0,0,3,116),(830,4,18.981,75.924,0,0,106,115),(831,8,18.981,151.848,0,0,211,19),(832,9,18.981,170.829,0,0,151,31),(833,4,18.981,75.924,0,0,202,23),(834,7,18.981,132.867,0,0,123,157),(835,2,18.981,34.1658,1,0.1,78,83),(836,5,18.981,85.4145,1,0.1,120,63),(837,3,18.981,48.4016,1,0.15,207,3),(838,10,18.981,189.81,0,0,229,90),(839,4,18.981,64.5354,1,0.15,245,154),(840,9,18.981,85.4145,1,0.5,117,63),(841,9,18.981,85.4145,1,0.5,219,123),(842,7,18.981,112.937,1,0.15,174,103),(843,3,18.981,56.943,0,0,4,23),(844,1,18.981,16.1339,1,0.15,80,77),(845,9,28.481,128.165,1,0.5,191,44),(846,3,28.481,72.6265,1,0.15,23,42),(847,2,18.981,37.962,0,0,244,26),(848,4,18.981,75.924,0,0,226,76),(849,3,18.981,28.4715,1,0.5,5,150),(850,7,28.481,169.462,1,0.15,19,44),(851,3,18.981,56.943,0,0,49,156),(852,7,18.981,119.58,1,0.1,198,119),(853,7,18.981,132.867,0,0,217,145),(854,8,18.981,151.848,0,0,79,88),(855,10,18.981,170.829,1,0.1,158,79),(856,10,18.981,170.829,1,0.1,69,119),(857,7,18.981,119.58,1,0.1,225,79),(858,3,18.981,28.4715,1,0.5,70,100),(859,5,18.981,94.905,0,0,150,94),(860,1,18.981,16.1339,1,0.15,165,120),(861,8,37.981,303.848,0,0,28,133),(862,8,18.981,75.924,1,0.5,20,35),(863,2,18.981,37.962,0,0,39,125),(864,10,37.981,379.81,0,0,77,139),(865,3,18.981,56.943,0,0,220,126),(866,9,18.981,85.4145,1,0.5,13,60),(867,3,18.981,56.943,0,0,98,113),(868,9,37.981,341.829,0,0,40,131),(869,1,28.481,28.481,0,0,150,41),(870,1,18.981,16.1339,1,0.15,233,20),(871,7,28.481,199.367,0,0,187,41),(872,6,28.481,85.443,1,0.5,208,39),(873,4,18.981,68.3316,1,0.1,72,105),(874,7,18.981,119.58,1,0.1,77,97),(875,1,18.981,9.4905,1,0.5,145,112),(876,4,28.481,56.962,1,0.5,140,55),(877,5,18.981,94.905,0,0,72,25),(878,4,18.981,68.3316,1,0.1,225,111),(879,10,18.981,94.905,1,0.5,71,87),(880,7,18.981,132.867,0,0,140,64),(881,4,18.981,75.924,0,0,235,103),(882,3,18.981,56.943,0,0,232,15),(883,7,18.981,119.58,1,0.1,181,112),(884,6,37.981,227.886,0,0,142,138),(885,6,28.481,153.797,1,0.1,12,42),(886,6,18.981,113.886,0,0,49,102),(887,6,18.981,113.886,0,0,126,99),(888,6,18.981,102.497,1,0.1,71,94),(889,1,28.481,28.481,0,0,176,46),(890,1,18.981,17.0829,1,0.1,142,154),(891,9,18.981,153.746,1,0.1,184,122),(892,8,18.981,151.848,0,0,235,18),(893,3,37.981,102.549,1,0.1,170,133),(894,2,18.981,32.2677,1,0.15,91,82),(895,4,18.981,37.962,1,0.5,10,8),(896,1,18.981,18.981,0,0,55,154),(897,5,18.981,94.905,0,0,216,6),(898,9,18.981,85.4145,1,0.5,193,152),(899,2,18.981,37.962,0,0,210,88),(900,8,18.981,151.848,0,0,189,151),(901,10,18.981,170.829,1,0.1,192,113),(902,6,18.981,113.886,0,0,177,86),(903,2,18.981,34.1658,1,0.1,122,129),(904,7,18.981,112.937,1,0.15,135,114),(905,1,18.981,18.981,0,0,28,93),(906,5,18.981,47.4525,1,0.5,73,127),(907,4,18.981,75.924,0,0,46,86),(908,8,18.981,129.071,1,0.15,68,29),(909,7,28.481,179.43,1,0.1,19,43),(910,8,18.981,151.848,0,0,83,117),(911,2,18.981,37.962,0,0,222,3),(912,7,20.881,146.167,0,0,239,158),(913,4,28.481,102.532,1,0.1,178,50),(914,8,28.481,193.671,1,0.15,102,48),(915,5,28.481,142.405,0,0,149,41),(916,1,18.981,18.981,0,0,186,26),(917,6,37.981,193.703,1,0.15,155,134),(918,1,18.981,18.981,0,0,146,29),(919,1,28.481,25.6329,1,0.1,24,38),(920,4,37.981,129.135,1,0.15,55,133),(921,2,37.981,75.962,0,0,94,137),(922,4,18.981,37.962,1,0.5,27,145),(923,9,18.981,153.746,1,0.1,87,61),(924,8,18.981,151.848,0,0,241,121),(925,7,18.981,132.867,0,0,238,99),(926,4,18.981,75.924,0,0,105,127),(927,1,18.981,18.981,0,0,133,58),(928,7,28.481,199.367,0,0,87,44),(929,10,18.981,189.81,0,0,62,31),(930,8,28.481,227.848,0,0,172,44),(931,7,18.981,132.867,0,0,49,57),(932,8,18.981,129.071,1,0.15,86,56),(933,2,18.981,32.2677,1,0.15,25,92),(934,1,18.981,18.981,0,0,122,23),(935,5,28.481,142.405,0,0,250,55),(936,4,18.981,75.924,0,0,77,124),(937,1,18.981,17.0829,1,0.1,4,6),(938,5,18.981,94.905,0,0,93,93),(939,3,18.981,28.4715,1,0.5,241,11),(940,10,18.981,161.339,1,0.15,117,124),(941,8,18.981,151.848,0,0,93,60),(942,6,28.481,170.886,0,0,216,48),(943,5,18.981,94.905,0,0,63,99),(944,6,28.481,170.886,0,0,94,52),(945,8,18.981,136.663,1,0.1,12,28),(946,6,18.981,56.943,1,0.5,87,146),(947,9,18.981,145.205,1,0.15,199,62),(948,7,18.981,132.867,0,0,11,121),(949,8,18.981,129.071,1,0.15,226,129),(950,2,18.981,34.1658,1,0.1,78,60),(951,10,18.981,170.829,1,0.1,83,149),(952,7,18.981,119.58,1,0.1,81,13),(953,1,18.981,9.4905,1,0.5,81,120),(954,5,28.481,142.405,0,0,138,53),(955,7,18.981,66.4335,1,0.5,47,75),(956,2,18.981,34.1658,1,0.1,86,117),(957,5,18.981,47.4525,1,0.5,22,115),(958,9,18.981,170.829,0,0,50,106),(959,1,18.981,18.981,0,0,181,116),(960,6,18.981,113.886,0,0,131,97),(961,6,37.981,205.097,1,0.1,85,134),(962,9,18.981,170.829,0,0,45,23),(963,7,18.981,112.937,1,0.15,198,97),(964,6,18.981,102.497,1,0.1,196,95),(965,4,28.481,113.924,0,0,57,52),(966,7,18.981,119.58,1,0.1,216,156),(967,6,28.481,170.886,0,0,58,38),(968,9,18.981,170.829,0,0,42,21),(969,10,28.481,284.81,0,0,26,43),(970,2,28.481,56.962,0,0,229,52),(971,4,18.981,75.924,0,0,20,66),(972,4,18.981,64.5354,1,0.15,44,21),(973,6,18.981,102.497,1,0.1,179,153),(974,3,18.981,56.943,0,0,20,10),(975,4,18.981,75.924,0,0,138,70),(976,7,18.981,119.58,1,0.1,228,32),(977,2,18.981,37.962,0,0,20,148),(978,2,18.981,32.2677,1,0.15,218,12),(979,8,18.981,151.848,0,0,120,115),(980,8,18.981,151.848,0,0,196,76),(981,10,18.981,189.81,0,0,48,155),(982,5,18.981,47.4525,1,0.5,231,106),(983,1,18.981,16.1339,1,0.15,153,10),(984,10,37.981,379.81,0,0,42,140),(985,2,18.981,37.962,0,0,201,108),(986,1,18.981,18.981,0,0,139,125),(987,2,18.981,34.1658,1,0.1,141,69),(988,10,18.981,161.339,1,0.15,61,20),(989,2,28.481,56.962,0,0,60,43),(990,6,18.981,113.886,0,0,229,70),(991,9,28.481,256.329,0,0,33,50),(992,5,37.981,161.419,1,0.15,77,136),(993,2,18.981,34.1658,1,0.1,183,103),(994,7,18.981,132.867,0,0,87,27),(995,7,18.981,112.937,1,0.15,8,23),(996,9,18.981,145.205,1,0.15,145,66),(997,3,18.981,56.943,0,0,132,82),(998,3,18.981,56.943,0,0,87,109),(999,5,18.981,94.905,0,0,29,145),(1000,8,37.981,273.463,1,0.1,51,141),(1001,4,18.981,37.962,1,0.5,71,113),(1002,10,18.981,189.81,0,0,865,114),(1003,2,18.981,32.2677,1,0.15,83,72),(1004,8,18.981,136.663,1,0.1,140,121),(1005,7,28.481,169.462,1,0.15,302,39),(1006,4,18.981,75.924,0,0,798,57),(1007,5,18.981,80.6693,1,0.15,347,65),(1008,8,18.981,151.848,0,0,393,75),(1009,3,18.981,56.943,0,0,71,93),(1010,4,18.981,64.5354,1,0.15,592,20),(1011,3,18.981,48.4016,1,0.15,35,99),(1012,9,18.981,170.829,0,0,777,84),(1013,7,18.981,132.867,0,0,176,92),(1014,1,18.981,17.0829,1,0.1,659,56),(1015,9,18.981,170.829,0,0,143,20),(1016,6,18.981,113.886,0,0,515,64),(1017,6,18.981,56.943,1,0.5,360,70),(1018,10,37.981,189.905,1,0.5,471,137),(1019,6,18.981,96.8031,1,0.15,897,69),(1020,6,18.981,113.886,0,0,393,4),(1021,3,20.881,56.3787,1,0.1,569,144),(1022,9,18.981,153.746,1,0.1,930,95),(1023,6,18.981,113.886,0,0,526,155),(1024,10,20.881,208.81,0,0,447,158),(1025,4,28.481,102.532,1,0.1,575,54),(1026,1,18.981,9.4905,1,0.5,943,62),(1027,9,18.981,153.746,1,0.1,116,77),(1028,10,18.981,189.81,0,0,891,21),(1029,1,18.981,18.981,0,0,801,62),(1030,9,18.981,170.829,0,0,858,66),(1031,3,18.981,56.943,0,0,62,97),(1032,9,18.981,85.4145,1,0.5,614,130),(1033,3,18.981,51.2487,1,0.1,545,57),(1034,8,18.981,151.848,0,0,84,148),(1035,3,18.981,56.943,0,0,694,8),(1036,1,18.981,18.981,0,0,143,5),(1037,7,18.981,119.58,1,0.1,706,3),(1038,1,18.981,18.981,0,0,544,119),(1039,8,18.981,129.071,1,0.15,479,102),(1040,2,18.981,37.962,0,0,485,84),(1041,3,18.981,56.943,0,0,774,157),(1042,6,18.981,113.886,0,0,661,100),(1043,5,18.981,94.905,0,0,637,104),(1044,10,18.981,94.905,1,0.5,372,20),(1045,4,18.981,37.962,1,0.5,568,26),(1046,5,18.981,94.905,0,0,966,122),(1047,6,18.981,96.8031,1,0.15,162,98),(1048,2,18.981,37.962,0,0,770,72),(1049,3,37.981,56.9715,1,0.5,184,132),(1050,1,18.981,18.981,0,0,61,146),(1051,4,18.981,75.924,0,0,987,78),(1052,2,18.981,37.962,0,0,885,61),(1053,2,18.981,18.981,1,0.5,766,110),(1054,5,18.981,80.6693,1,0.15,496,115),(1055,7,37.981,265.867,0,0,154,138),(1056,7,18.981,119.58,1,0.1,686,112),(1057,4,18.981,75.924,0,0,26,66),(1058,8,28.481,227.848,0,0,730,51),(1059,7,18.981,132.867,0,0,884,123),(1060,8,18.981,151.848,0,0,223,29),(1061,7,18.981,112.937,1,0.15,591,13),(1062,4,18.981,68.3316,1,0.1,305,17),(1063,9,18.981,170.829,0,0,616,95),(1064,8,18.981,75.924,1,0.5,137,16),(1065,9,18.981,170.829,0,0,838,129),(1066,2,18.981,37.962,0,0,779,112),(1067,2,18.981,37.962,0,0,427,128),(1068,9,18.981,145.205,1,0.15,914,3),(1069,6,28.481,145.253,1,0.15,243,47),(1070,2,18.981,37.962,0,0,810,69),(1071,6,18.981,113.886,0,0,185,66),(1072,10,18.981,94.905,1,0.5,884,15),(1073,7,18.981,66.4335,1,0.5,130,154),(1074,5,18.981,85.4145,1,0.1,215,84),(1075,2,18.981,18.981,1,0.5,459,16),(1076,7,28.481,199.367,0,0,221,47),(1077,10,20.881,104.405,1,0.5,308,144),(1078,6,18.981,56.943,1,0.5,216,77),(1079,1,28.481,28.481,0,0,883,55),(1080,10,28.481,284.81,0,0,174,38),(1081,7,18.981,119.58,1,0.1,295,34),(1082,1,18.981,17.0829,1,0.1,680,20),(1083,6,18.981,96.8031,1,0.15,628,2),(1084,10,18.981,161.339,1,0.15,67,120),(1085,1,18.981,18.981,0,0,325,65),(1086,3,18.981,56.943,0,0,717,107),(1087,6,18.981,113.886,0,0,170,119),(1088,5,37.981,189.905,0,0,1000,137),(1089,4,18.981,75.924,0,0,980,69),(1090,3,18.981,51.2487,1,0.1,975,57),(1091,2,28.481,51.2658,1,0.1,793,51),(1092,7,18.981,132.867,0,0,777,60),(1093,8,18.981,151.848,0,0,33,13),(1094,7,18.981,132.867,0,0,549,152),(1095,10,28.481,284.81,0,0,31,50),(1096,3,37.981,102.549,1,0.1,127,135),(1097,5,18.981,85.4145,1,0.1,444,74),(1098,9,18.981,170.829,0,0,517,129),(1099,1,18.981,9.4905,1,0.5,69,145),(1100,1,18.981,17.0829,1,0.1,382,127),(1101,2,28.481,48.4177,1,0.15,397,47),(1102,4,18.981,37.962,1,0.5,336,26),(1103,9,18.981,145.205,1,0.15,454,102),(1104,7,37.981,225.987,1,0.15,873,141),(1105,5,28.481,142.405,0,0,605,50),(1106,9,18.981,85.4145,1,0.5,181,35),(1107,5,18.981,47.4525,1,0.5,517,106),(1108,6,18.981,102.497,1,0.1,791,146),(1109,7,18.981,132.867,0,0,429,118),(1110,3,18.981,56.943,0,0,615,122),(1111,3,18.981,56.943,0,0,307,14),(1112,5,18.981,85.4145,1,0.1,584,97),(1113,1,18.981,9.4905,1,0.5,209,156),(1114,4,18.981,75.924,0,0,747,156),(1115,3,18.981,51.2487,1,0.1,632,20),(1116,10,28.481,284.81,0,0,898,46),(1117,3,18.981,51.2487,1,0.1,324,127),(1118,5,18.981,85.4145,1,0.1,456,128),(1119,2,18.981,32.2677,1,0.15,755,68),(1120,8,18.981,151.848,0,0,132,8),(1121,8,18.981,129.071,1,0.15,832,105),(1122,7,28.481,99.6835,1,0.5,410,51),(1123,7,37.981,265.867,0,0,412,135),(1124,9,18.981,85.4145,1,0.5,76,1),(1125,2,18.981,37.962,0,0,261,127),(1126,6,18.981,56.943,1,0.5,300,30),(1127,9,18.981,170.829,0,0,199,83),(1128,10,18.981,189.81,0,0,960,23),(1129,3,18.981,56.943,0,0,442,80),(1130,5,18.981,94.905,0,0,911,126),(1131,5,18.981,47.4525,1,0.5,290,102),(1132,8,18.981,151.848,0,0,743,70),(1133,7,28.481,169.462,1,0.15,734,40),(1134,4,18.981,75.924,0,0,403,78),(1135,3,18.981,28.4715,1,0.5,730,97),(1136,6,18.981,113.886,0,0,161,108),(1137,1,37.981,32.2839,1,0.15,82,133),(1138,4,18.981,75.924,0,0,480,6),(1139,2,18.981,32.2677,1,0.15,261,74),(1140,9,18.981,153.746,1,0.1,904,15),(1141,10,18.981,161.339,1,0.15,59,119),(1142,2,18.981,37.962,0,0,57,74),(1143,8,28.481,227.848,0,0,938,42),(1144,2,28.481,48.4177,1,0.15,168,45),(1145,10,18.981,94.905,1,0.5,712,1),(1146,10,18.981,94.905,1,0.5,281,67),(1147,1,18.981,18.981,0,0,399,32),(1148,8,28.481,227.848,0,0,117,50),(1149,5,18.981,80.6693,1,0.15,108,115),(1150,9,18.981,170.829,0,0,617,71),(1151,9,18.981,145.205,1,0.15,149,122),(1152,8,18.981,136.663,1,0.1,507,84),(1153,10,18.981,161.339,1,0.15,312,27),(1154,8,18.981,151.848,0,0,493,90),(1155,9,18.981,170.829,0,0,289,97),(1156,8,18.981,75.924,1,0.5,932,84),(1157,4,18.981,75.924,0,0,588,10),(1158,4,28.481,113.924,0,0,611,55),(1159,9,18.981,153.746,1,0.1,192,82),(1160,9,18.981,170.829,0,0,238,10),(1161,8,28.481,113.924,1,0.5,687,44),(1162,10,18.981,189.81,0,0,85,78),(1163,4,28.481,113.924,0,0,891,51),(1164,6,18.981,113.886,0,0,556,88),(1165,9,18.981,153.746,1,0.1,355,7),(1166,7,18.981,132.867,0,0,476,4),(1167,3,18.981,56.943,0,0,819,6),(1168,2,28.481,56.962,0,0,314,53),(1169,1,18.981,18.981,0,0,670,93),(1170,1,28.481,28.481,0,0,463,38),(1171,5,37.981,189.905,0,0,7,137),(1172,8,18.981,151.848,0,0,285,15),(1173,10,18.981,94.905,1,0.5,637,26),(1174,3,18.981,56.943,0,0,980,88),(1175,8,18.981,151.848,0,0,926,150),(1176,7,18.981,132.867,0,0,60,126),(1177,7,28.481,99.6835,1,0.5,383,49),(1178,4,28.481,113.924,0,0,225,55),(1179,1,18.981,16.1339,1,0.15,639,105),(1180,7,18.981,132.867,0,0,926,73),(1181,3,18.981,28.4715,1,0.5,449,65),(1182,2,18.981,34.1658,1,0.1,239,95),(1183,4,18.981,37.962,1,0.5,858,123),(1184,3,18.981,51.2487,1,0.1,459,117),(1185,10,18.981,189.81,0,0,936,148),(1186,8,18.981,151.848,0,0,266,94),(1187,10,18.981,94.905,1,0.5,230,102),(1188,2,18.981,37.962,0,0,273,20),(1189,2,18.981,37.962,0,0,157,108),(1190,7,18.981,132.867,0,0,106,104),(1191,1,18.981,18.981,0,0,563,37),(1192,9,37.981,341.829,0,0,993,141),(1193,5,18.981,94.905,0,0,2,84),(1194,1,18.981,17.0829,1,0.1,434,99),(1195,3,18.981,56.943,0,0,528,100),(1196,10,18.981,189.81,0,0,204,32),(1197,8,28.481,205.063,1,0.1,691,45),(1198,9,18.981,170.829,0,0,879,10),(1199,3,28.481,85.443,0,0,812,41),(1200,7,18.981,132.867,0,0,234,95),(1201,1,18.981,18.981,0,0,70,24),(1202,5,18.981,85.4145,1,0.1,66,115),(1203,4,18.981,68.3316,1,0.1,959,104),(1204,10,18.981,189.81,0,0,755,102),(1205,5,37.981,189.905,0,0,512,142),(1206,10,28.481,142.405,1,0.5,737,44),(1207,6,18.981,113.886,0,0,311,62),(1208,7,18.981,132.867,0,0,70,2),(1209,5,28.481,142.405,0,0,596,41),(1210,1,28.481,24.2089,1,0.15,180,42),(1211,4,37.981,151.924,0,0,651,134),(1212,2,37.981,37.981,1,0.5,586,140),(1213,8,18.981,75.924,1,0.5,518,108),(1214,1,18.981,18.981,0,0,1000,120),(1215,1,20.881,18.7929,1,0.1,859,158),(1216,6,18.981,102.497,1,0.1,902,101),(1217,10,28.481,284.81,0,0,261,45),(1218,7,18.981,132.867,0,0,84,120),(1219,8,18.981,151.848,0,0,511,2),(1220,3,18.981,51.2487,1,0.1,506,66),(1221,6,18.981,56.943,1,0.5,958,122),(1222,10,28.481,284.81,0,0,335,55),(1223,2,28.481,48.4177,1,0.15,40,39),(1224,3,18.981,56.943,0,0,955,84),(1225,3,28.481,85.443,0,0,80,40),(1226,5,18.981,47.4525,1,0.5,125,6),(1227,3,28.481,85.443,0,0,112,41),(1228,1,18.981,18.981,0,0,573,56),(1229,6,18.981,113.886,0,0,697,109),(1230,7,18.981,132.867,0,0,384,130),(1231,3,18.981,56.943,0,0,401,34),(1232,2,18.981,37.962,0,0,728,97),(1233,6,18.981,96.8031,1,0.15,448,34),(1234,1,18.981,18.981,0,0,714,14),(1235,4,18.981,68.3316,1,0.1,351,121),(1236,8,18.981,151.848,0,0,676,18),(1237,7,28.481,199.367,0,0,47,39),(1238,9,18.981,145.205,1,0.15,332,35),(1239,10,18.981,189.81,0,0,798,24),(1240,8,18.981,136.663,1,0.1,711,116),(1241,8,37.981,151.924,1,0.5,577,138),(1242,3,18.981,28.4715,1,0.5,55,86),(1243,2,18.981,37.962,0,0,38,77),(1244,10,18.981,189.81,0,0,344,16),(1245,5,18.981,94.905,0,0,437,110),(1246,6,18.981,56.943,1,0.5,719,19),(1247,10,28.481,284.81,0,0,221,39),(1248,3,18.981,56.943,0,0,161,115),(1249,3,18.981,56.943,0,0,667,97),(1250,7,18.981,119.58,1,0.1,873,12),(1251,7,18.981,132.867,0,0,379,128),(1252,9,18.981,153.746,1,0.1,405,114),(1253,5,18.981,80.6693,1,0.15,413,26),(1254,6,18.981,113.886,0,0,356,10),(1255,5,18.981,94.905,0,0,71,129),(1256,6,18.981,113.886,0,0,710,64),(1257,8,18.981,151.848,0,0,861,145),(1258,10,18.981,189.81,0,0,579,151),(1259,4,18.981,37.962,1,0.5,626,26),(1260,9,28.481,217.88,1,0.15,428,52),(1261,3,18.981,56.943,0,0,695,157),(1262,4,28.481,56.962,1,0.5,995,45),(1263,6,18.981,56.943,1,0.5,434,123),(1264,7,18.981,132.867,0,0,962,112),(1265,2,18.981,37.962,0,0,722,70),(1266,1,18.981,18.981,0,0,627,118),(1267,5,18.981,94.905,0,0,554,6),(1268,6,18.981,56.943,1,0.5,871,90),(1269,8,28.481,113.924,1,0.5,969,54),(1270,4,18.981,75.924,0,0,429,123),(1271,1,18.981,18.981,0,0,303,127),(1272,1,37.981,34.1829,1,0.1,24,133),(1273,5,18.981,94.905,0,0,691,108),(1274,10,18.981,189.81,0,0,249,98),(1275,5,28.481,142.405,0,0,900,52),(1276,1,18.981,17.0829,1,0.1,97,87),(1277,4,18.981,75.924,0,0,837,18),(1278,4,18.981,37.962,1,0.5,591,100),(1279,9,18.981,170.829,0,0,436,145),(1280,4,18.981,64.5354,1,0.15,970,9),(1281,3,18.981,56.943,0,0,529,65),(1282,3,18.981,56.943,0,0,692,35),(1283,3,18.981,56.943,0,0,168,74),(1284,1,28.481,28.481,0,0,530,47),(1285,9,18.981,170.829,0,0,300,21),(1286,4,18.981,75.924,0,0,136,74),(1287,4,18.981,75.924,0,0,970,60),(1288,1,18.981,18.981,0,0,507,27),(1289,1,18.981,17.0829,1,0.1,226,8),(1290,10,18.981,189.81,0,0,620,61),(1291,7,20.881,146.167,0,0,370,158),(1292,9,18.981,153.746,1,0.1,877,61),(1293,6,28.481,170.886,0,0,683,39),(1294,1,28.481,25.6329,1,0.1,344,46),(1295,9,18.981,170.829,0,0,129,31),(1296,9,18.981,153.746,1,0.1,688,114),(1297,3,18.981,56.943,0,0,935,73),(1298,10,18.981,94.905,1,0.5,361,25),(1299,4,18.981,75.924,0,0,895,80),(1300,3,18.981,56.943,0,0,901,68),(1301,10,18.981,94.905,1,0.5,648,60),(1302,7,18.981,132.867,0,0,958,149),(1303,7,18.981,66.4335,1,0.5,303,77),(1304,2,18.981,34.1658,1,0.1,782,104),(1305,3,28.481,85.443,0,0,585,46),(1306,5,18.981,85.4145,1,0.1,615,154),(1307,9,18.981,85.4145,1,0.5,824,37),(1308,3,28.481,85.443,0,0,792,50),(1309,8,18.981,151.848,0,0,398,29),(1310,6,18.981,113.886,0,0,311,69),(1311,2,18.981,18.981,1,0.5,249,59),(1312,4,18.981,64.5354,1,0.15,483,104),(1313,8,18.981,129.071,1,0.15,262,80),(1314,4,18.981,64.5354,1,0.15,2,66),(1315,9,18.981,85.4145,1,0.5,848,84),(1316,4,18.981,75.924,0,0,222,127),(1317,5,18.981,94.905,0,0,351,11),(1318,3,18.981,56.943,0,0,904,99),(1319,8,18.981,129.071,1,0.15,869,146),(1320,10,28.481,142.405,1,0.5,845,45),(1321,8,18.981,151.848,0,0,845,6),(1322,6,18.981,56.943,1,0.5,28,147),(1323,3,18.981,48.4016,1,0.15,166,7),(1324,3,18.981,48.4016,1,0.15,565,150),(1325,7,18.981,119.58,1,0.1,572,130),(1326,10,18.981,94.905,1,0.5,870,12),(1327,7,18.981,66.4335,1,0.5,722,156),(1328,10,37.981,189.905,1,0.5,799,137),(1329,1,18.981,18.981,0,0,500,72),(1330,8,18.981,129.071,1,0.15,171,56),(1331,2,28.481,28.481,1,0.5,720,49),(1332,5,18.981,47.4525,1,0.5,691,25),(1333,1,18.981,9.4905,1,0.5,773,82),(1334,2,18.981,32.2677,1,0.15,673,150),(1335,1,18.981,18.981,0,0,398,87),(1336,8,18.981,129.071,1,0.15,668,98),(1337,8,18.981,75.924,1,0.5,22,149),(1338,5,18.981,94.905,0,0,800,69),(1339,2,18.981,32.2677,1,0.15,432,68),(1340,4,28.481,96.8354,1,0.15,917,55),(1341,6,28.481,145.253,1,0.15,438,42),(1342,10,18.981,170.829,1,0.1,178,36),(1343,4,28.481,56.962,1,0.5,660,39),(1344,6,18.981,113.886,0,0,114,31),(1345,2,18.981,18.981,1,0.5,825,83),(1346,10,18.981,189.81,0,0,40,30),(1347,7,18.981,112.937,1,0.15,808,28),(1348,2,18.981,37.962,0,0,38,118),(1349,4,18.981,75.924,0,0,771,87),(1350,2,18.981,32.2677,1,0.15,431,130),(1351,9,18.981,170.829,0,0,862,100),(1352,3,18.981,48.4016,1,0.15,501,119),(1353,3,18.981,48.4016,1,0.15,739,128),(1354,10,37.981,379.81,0,0,660,132),(1355,10,18.981,189.81,0,0,936,104),(1356,10,28.481,142.405,1,0.5,727,43),(1357,5,28.481,142.405,0,0,301,51),(1358,6,18.981,102.497,1,0.1,745,65),(1359,6,18.981,56.943,1,0.5,736,19),(1360,10,18.981,94.905,1,0.5,132,19),(1361,4,18.981,68.3316,1,0.1,17,128),(1362,10,18.981,189.81,0,0,484,18),(1363,1,18.981,16.1339,1,0.15,536,107),(1364,7,20.881,146.167,0,0,272,144),(1365,6,18.981,56.943,1,0.5,785,108),(1366,8,18.981,151.848,0,0,593,16),(1367,8,18.981,75.924,1,0.5,702,26),(1368,1,28.481,25.6329,1,0.1,324,40),(1369,1,18.981,18.981,0,0,530,26),(1370,2,18.981,37.962,0,0,483,59),(1371,4,18.981,75.924,0,0,691,20),(1372,7,20.881,146.167,0,0,499,144),(1373,6,18.981,113.886,0,0,303,67),(1374,1,18.981,17.0829,1,0.1,27,119),(1375,4,18.981,75.924,0,0,145,102),(1376,10,28.481,284.81,0,0,932,45),(1377,10,18.981,189.81,0,0,337,27),(1378,3,18.981,56.943,0,0,146,93),(1379,4,28.481,56.962,1,0.5,40,52),(1380,5,18.981,80.6693,1,0.15,552,104),(1381,2,18.981,37.962,0,0,502,126),(1382,5,18.981,47.4525,1,0.5,335,84),(1383,10,18.981,189.81,0,0,548,124),(1384,5,18.981,94.905,0,0,481,75),(1385,8,18.981,151.848,0,0,41,65),(1386,6,18.981,56.943,1,0.5,75,11),(1387,4,18.981,75.924,0,0,3,124),(1388,10,18.981,170.829,1,0.1,801,155),(1389,3,18.981,28.4715,1,0.5,20,86),(1390,10,18.981,94.905,1,0.5,387,86),(1391,9,18.981,85.4145,1,0.5,448,37),(1392,6,18.981,102.497,1,0.1,637,125),(1393,8,18.981,151.848,0,0,459,146),(1394,8,18.981,75.924,1,0.5,601,130),(1395,4,18.981,68.3316,1,0.1,634,101),(1396,8,28.481,227.848,0,0,366,40),(1397,9,18.981,170.829,0,0,66,94),(1398,4,18.981,68.3316,1,0.1,309,96),(1400,1,18.981,17.0829,1,0.1,751,81),(1401,4,18.981,75.924,0,0,1000,69),(1402,6,18.981,113.886,0,0,2,154),(1403,9,18.981,170.829,0,0,127,99),(1404,10,18.981,94.905,1,0.5,642,18),(1405,4,18.981,64.5354,1,0.15,535,98),(1406,3,18.981,56.943,0,0,501,143),(1407,4,18.981,75.924,0,0,706,119),(1408,4,18.981,37.962,1,0.5,369,83),(1409,4,18.981,75.924,0,0,962,88),(1410,4,18.981,64.5354,1,0.15,498,85),(1411,2,18.981,34.1658,1,0.1,483,68),(1412,3,18.981,56.943,0,0,736,123),(1413,7,18.981,132.867,0,0,354,96),(1414,4,18.981,75.924,0,0,626,119),(1415,6,18.981,102.497,1,0.1,409,146),(1416,7,37.981,265.867,0,0,141,132),(1417,5,18.981,94.905,0,0,139,68),(1418,2,18.981,18.981,1,0.5,556,20),(1419,5,18.981,94.905,0,0,829,91),(1420,10,18.981,94.905,1,0.5,349,66),(1421,1,18.981,18.981,0,0,92,84),(1422,4,18.981,37.962,1,0.5,564,66),(1423,5,18.981,85.4145,1,0.1,508,95),(1424,3,18.981,48.4016,1,0.15,995,157),(1425,4,18.981,75.924,0,0,54,70),(1426,4,18.981,75.924,0,0,529,15),(1427,10,18.981,161.339,1,0.15,197,130),(1428,9,18.981,85.4145,1,0.5,391,33),(1429,2,18.981,37.962,0,0,988,8),(1430,4,18.981,37.962,1,0.5,566,154),(1431,3,37.981,113.943,0,0,273,141),(1432,8,28.481,193.671,1,0.15,836,55),(1433,6,28.481,170.886,0,0,953,51),(1434,9,18.981,170.829,0,0,621,23);
/*!40000 ALTER TABLE `detalle_factura` ENABLE KEYS */;
UNLOCK TABLES;

--
-- Table structure for table `estado_factura`
--

DROP TABLE IF EXISTS `estado_factura`;
/*!40101 SET @saved_cs_client     = @@character_set_client */;
/*!50503 SET character_set_client = utf8mb4 */;
CREATE TABLE `estado_factura` (
  `id` int(11) NOT NULL AUTO_INCREMENT,
  `nombre` varchar(100) NOT NULL,
  PRIMARY KEY (`id`)
) ENGINE=InnoDB AUTO_INCREMENT=4 DEFAULT CHARSET=utf8mb4;
/*!40101 SET character_set_client = @saved_cs_client */;

--
-- Dumping data for table `estado_factura`
--

LOCK TABLES `estado_factura` WRITE;
/*!40000 ALTER TABLE `estado_factura` DISABLE KEYS */;
INSERT INTO `estado_factura` VALUES (1,'Registrada'),(2,'Cancelada'),(3,'Pagada');
/*!40000 ALTER TABLE `estado_factura` ENABLE KEYS */;
UNLOCK TABLES;

--
-- Table structure for table `factura`
--

DROP TABLE IF EXISTS `factura`;
/*!40101 SET @saved_cs_client     = @@character_set_client */;
/*!50503 SET character_set_client = utf8mb4 */;
CREATE TABLE `factura` (
  `id` int(11) NOT NULL AUTO_INCREMENT,
  `id_usuario` int(11) NOT NULL,
  `id_estadofactura` int(11) NOT NULL,
  `envio` varchar(100) NOT NULL,
  `impuesto` int(11) NOT NULL,
  `total` float NOT NULL,
  `id_modopago` int(11) NOT NULL,
  `fecha` datetime NOT NULL,
  `nombrecompleto` varchar(100) NOT NULL,
  `correoelectronico` varchar(100) NOT NULL,
  `direccion` varchar(100) NOT NULL,
  `numerotelefono` varchar(100) NOT NULL,
  `id_pais` int(11) NOT NULL,
  `id_provincia` int(11) NOT NULL,
  `ciudad` varchar(100) NOT NULL,
  `detalleadicionales` varchar(200) NOT NULL,
  PRIMARY KEY (`id`),
  KEY `id_usuario` (`id_usuario`),
  KEY `id_estadofactura` (`id_estadofactura`),
  KEY `id_modopago` (`id_modopago`),
  CONSTRAINT `factura_ibfk_1` FOREIGN KEY (`id_usuario`) REFERENCES `usuario` (`id`),
  CONSTRAINT `factura_ibfk_2` FOREIGN KEY (`id_estadofactura`) REFERENCES `estado_factura` (`id`),
  CONSTRAINT `factura_ibfk_3` FOREIGN KEY (`id_modopago`) REFERENCES `modo_pago` (`id`)
) ENGINE=InnoDB AUTO_INCREMENT=1002 DEFAULT CHARSET=utf8mb4;
/*!40101 SET character_set_client = @saved_cs_client */;

--
-- Dumping data for table `factura`
--

LOCK TABLES `factura` WRITE;
/*!40000 ALTER TABLE `factura` DISABLE KEYS */;
INSERT INTO `factura` VALUES (1,298,1,'22426 Larry Place',0,1075.27,2,'2022-04-04 00:00:00','Marsha Burgis','mburgis88@chicagotribune.com','97696 Texas Avenue','(120) 1954559',186,3756,'Komsomolsk','Depacho en sitio'),(2,178,3,'25 Lyons Way',0,2183.36,3,'2022-08-22 00:00:00','Rosalynd Mitie','rmitie4w@nyu.edu','23 American Lane','(357) 8068385',151,2133,'Qiansuo','Contraentrega'),(3,648,3,'1 Bellgrove Junction',0,104.396,1,'2022-03-15 00:00:00','Milo Priscott','mpriscotthy@cocolog-nifty.com','38345 Norway Maple Lane','(684) 3570458',108,3742,'Wuyang','Contraentrega'),(4,551,1,'27134 High Crossing Parkway',0,2109.74,5,'2022-05-02 00:00:00','Nicolai Keirl','nkeirlf9@wunderground.com','8 Westend Road','(698) 1663655',218,1463,'Paris 17','Contraentrega'),(5,223,2,'25725 Pankratz Lane',0,4349.13,1,'2022-06-16 00:00:00','Gail Bollans','gbollans65@ftc.gov','6 Straubel Point','(702) 1887020',134,248,'Tianzhu','Contraentrega'),(6,276,1,'0512 Talisman Road',0,273.326,3,'2022-07-18 00:00:00','Janean Mowett','jmowett7m@huffingtonpost.com','67327 Clove Street','(406) 6296880',108,3742,'Zhouzai','Contraentrega'),(7,744,1,'7661 Forest Run Terrace',0,2271.35,3,'2022-05-22 00:00:00','Felita Eddolls','feddollskm@businesswire.com','6 Moland Drive','(943) 7506096',67,3438,'Hiroshima-shi','Contraentrega'),(8,286,2,'63550 Lakeland Pass',0,3189.76,2,'2022-03-27 00:00:00','Perkin Domesday','pdomesday7w@amazon.co.jp','7 Brown Road','(211) 4750542',44,2823,'Gastoúni','Depacho en sitio'),(9,865,3,'3 Clarendon Lane',0,3533.58,3,'2022-08-30 00:00:00','Katey Ockendon','kockendonnz@dedecms.com','79305 Mccormick Avenue','(313) 1549658',153,4654,'Kaniów','Depacho en sitio'),(10,996,3,'98605 Anthes Alley',0,465.035,1,'2022-01-19 00:00:00','Stillmann Llewhellin','sllewhellinrm@gizmodo.com','74285 Corscot Parkway','(499) 8616812',18,1992,'Tulcán','Depacho en sitio'),(11,911,3,'4 5th Point',0,3096.75,4,'2022-08-22 00:00:00','Aeriela Gannicott','agannicottp9@bizjournals.com','6 Claremont Lane','(809) 7905655',36,3185,'Changning','Depacho en sitio'),(12,300,1,'50 Pierstorff Center',0,6288.71,2,'2022-05-30 00:00:00','Aluino Itskovitz','aitskovitz8a@dell.com','1 Michigan Trail','(854) 4239562',31,1997,'Escazú','Contraentrega'),(13,163,3,'68 Talmadge Road',0,4460.54,3,'2022-05-10 00:00:00','Mufinella Spivey','mspivey4h@blog.com','684 Hanson Parkway','(647) 8644876',75,4794,'Suian','Contraentrega'),(14,1000,3,'4639 Scofield Way',0,0,2,'2022-07-28 00:00:00','Alain Lammiman','alammimanrq@globo.com','0 Towne Park','(369) 7423902',207,1146,'Slyudyanka','Contraentrega'),(15,707,2,'2073 Steensland Pass',0,4657.5,4,'2022-02-06 00:00:00','Marjorie Bathoe','mbathoejl@cargocollective.com','2491 Rieder Way','(817) 2373173',186,3756,'Ust-Labinsk','Contraentrega'),(16,972,1,'6481 Randy Junction',0,3264.74,4,'2022-08-23 00:00:00','Hewett Dennistoun','hdennistounqy@typepad.com','8 Morningstar Plaza','(374) 2526711',217,3397,'Gainesville','Contraentrega'),(17,289,1,'5 Westridge Court',0,806.693,4,'2022-05-22 00:00:00','Aida Ionnidis','aionnidis7z@delicious.com','79615 Scoville Junction','(549) 2442243',40,2982,'Sóc Tr?ng','Contraentrega'),(18,730,1,'9 Acker Way',0,1411.62,5,'2022-06-04 00:00:00','Gisella Casewell','gcasewellk8@nih.gov','64 Mifflin Court','(961) 5291699',156,2610,'Zipárion','Contraentrega'),(19,164,1,'590 Burning Wood Alley',0,5423.68,1,'2022-05-24 00:00:00','Haleigh Summerell','hsummerell4i@hostgator.com','8 Luster Alley','(669) 4040830',90,3657,'Kadipaten','Contraentrega'),(20,475,1,'76 Shelley Circle',0,2095.5,1,'2022-06-24 00:00:00','Berta Coleborn','bcolebornd5@forbes.com','8675 Oakridge Parkway','(208) 3578330',246,1982,'Gujba','Contraentrega'),(21,605,1,'77402 Michigan Center',0,4024.45,5,'2022-02-05 00:00:00','Donn Pina','dpinagr@weather.com','1072 Anthes Hill','(259) 7215403',228,3946,'Söderköping','Contraentrega'),(22,978,2,'6602 Onsgard Center',0,1803.19,4,'2022-04-12 00:00:00','Pet Phillcock','pphillcockr4@timesonline.co.uk','1874 Mendota Parkway','(222) 6781111',218,1463,'Khao Kho','Contraentrega'),(23,272,3,'3843 6th Court',0,2776.2,3,'2022-04-27 00:00:00','Josias Chiplen','jchiplen7i@sourceforge.net','50243 Sutteridge Avenue','(245) 5526236',248,3723,'Poitiers','Contraentrega'),(24,382,3,'681 Porter Pass',0,1682.27,1,'2022-03-03 00:00:00','Hastings Peagrim','hpeagrimak@domainmarket.com','96429 Morningstar Avenue','(403) 8968404',231,3390,'Logroño','Contraentrega'),(25,771,2,'6 Dixon Junction',0,1874.86,5,'2022-07-15 00:00:00','Karylin Thunnerclef','kthunnerclefld@slate.com','03483 Jana Court','(407) 2650694',185,3831,'Medellín','Contraentrega'),(26,591,1,'134 Riverside Crossing',0,7501.63,1,'2022-02-12 00:00:00','Nathalie Asser','nassergd@sourceforge.net','6 Clemons Way','(530) 2230130',68,3424,'Banjarjo','Contraentrega'),(27,782,1,'1 Browning Circle',0,305.594,2,'2022-09-03 00:00:00','Ceciley Garriock','cgarriocklo@ihg.com','31292 Eastwood Hill','(430) 2533428',176,1622,'Naberezhnyye Chelny','Contraentrega'),(28,103,1,'936 Elmside Junction',0,4328.88,5,'2022-09-01 00:00:00','Tallie Whelband','twhelband2t@opera.com','626 Meadow Vale Avenue','(520) 7693781',172,2770,'Itambé','Contraentrega'),(29,384,1,'45 Sachs Circle',0,2558.64,4,'2022-05-03 00:00:00','Myer Jepp','mjeppam@fc2.com','5959 Spenser Center','(443) 8741949',85,2095,'s-Hertogenbosch','Contraentrega'),(30,408,2,'67642 Blackbird Alley',0,2154.34,4,'2022-08-12 00:00:00','Reinhold Jannex','rjannexba@cargocollective.com','77 Steensland Park','(946) 4335089',209,879,'Rouen','Contraentrega'),(31,459,3,'0433 Bashford Drive',0,6580.71,3,'2022-04-12 00:00:00','Sibyl Antognelli','santognellicp@joomla.org','3 Rusk Way','(427) 5473868',85,2095,'Biny Selo','Contraentrega'),(32,469,2,'40 Independence Park',0,1354.67,2,'2022-08-26 00:00:00','Tremain Metzel','tmetzelcz@cocolog-nifty.com','34172 Upham Hill','(938) 3333893',156,2610,'Niamtougou','Contraentrega'),(33,345,1,'7 Debra Park',0,4994.81,3,'2022-04-06 00:00:00','Guendolen Whates','gwhates9j@spiegel.de','651 Utah Court','(478) 6857471',240,3768,'El Nido','Contraentrega'),(34,656,2,'071 Bonner Junction',0,1383.71,3,'2022-05-09 00:00:00','Tamra Zmitruk','tzmitruki6@china.com.cn','75 Morning Court','(757) 5810439',153,4654,'Javarthushuu','Contraentrega'),(35,785,1,'1 Coleman Lane',0,5537.71,4,'2022-01-25 00:00:00','Juliette Rakes','jrakeslr@hatena.ne.jp','92529 Ilene Point','(992) 5148416',219,3478,'Minante Segundo','Contraentrega'),(36,576,1,'17381 Grayhawk Alley',0,3600.05,2,'2022-03-03 00:00:00','Aaron Van Hesteren','avanhesterenfy@mapquest.com','2912 Barby Court','(239) 9968364',222,3911,'Picungbera','Contraentrega'),(37,579,3,'67915 Oak Valley Lane',0,2586.16,4,'2022-07-29 00:00:00','Marge Dreinan','mdreinang1@reuters.com','9 Dawn Street','(245) 1349025',178,5075,'Sangesi','Contraentrega'),(38,209,2,'357 Meadow Valley Crossing',0,2372.97,5,'2022-04-13 00:00:00','Jeramie Vockins','jvockins5r@slideshare.net','71 Bartillon Road','(863) 8149680',161,288,'Kemlya','Contraentrega'),(39,357,3,'0 Truax Parkway',0,316.034,4,'2022-06-12 00:00:00','Marin Blundel','mblundel9v@ucoz.com','91 Forest Way','(156) 1902619',151,2133,'Garoua Boulaï','Contraentrega'),(40,363,1,'606 Brentwood Street',0,7622.7,1,'2022-08-11 00:00:00','Bobbie Harwood','bharwooda1@geocities.jp','04338 Kingsford Pass','(549) 8453469',235,3203,'Porsgrunn','Contraentrega'),(41,576,1,'8 Glendale Road',0,1708.29,3,'2022-03-31 00:00:00','Aaron Van Hesteren','avanhesterenfy@mapquest.com','486 Esker Lane','(239) 9968364',222,3911,'Tevriz','Contraentrega'),(42,353,3,'19869 Karstens Circle',0,7727.17,1,'2022-05-22 00:00:00','Lacey De Mattia','ldemattia9r@g.co','905 Maple Parkway','(463) 7532036',69,3555,'Huilong','Contraentrega'),(43,736,3,'3177 Scott Street',0,4135.01,5,'2022-07-16 00:00:00','Sianna Hadigate','shadigateke@cdbaby.com','02 Monica Center','(578) 5269779',144,4360,'Caucete','Contraentrega'),(44,142,2,'4763 Golf Course Pass',0,3902.59,1,'2022-08-06 00:00:00','Jayne Wolfit','jwolfit3w@clickbank.net','77 Aberg Alley','(931) 1586428',229,324,'Caçador','Contraentrega'),(45,863,3,'27293 Continental Street',0,7388.47,3,'2022-08-13 00:00:00','Bernetta Bratcher','bbratchernx@utexas.edu','41 Loomis Parkway','(477) 5192601',90,3657,'Tegalwero','Entrega en local'),(46,412,2,'6 Gale Park',0,6436.46,5,'2022-02-25 00:00:00','Carmen Whyteman','cwhytemanbe@webeden.co.uk','32002 Shopko Alley','(424) 3088330',114,1830,'Aba','Entrega en local'),(47,911,1,'71735 Chinook Center',0,2287.82,1,'2022-04-06 00:00:00','Aeriela Gannicott','agannicottp9@bizjournals.com','7 Morning Lane','(809) 7905655',36,3185,'Mishan','Entrega en local'),(48,821,1,'7533 Glendale Alley',0,2605.62,2,'2022-02-08 00:00:00','Aubrey McRory','amcrorymr@umn.edu','26 Lake View Place','(157) 5959356',18,1992,'Gabès','Entrega en local'),(49,488,1,'18 Di Loreto Trail',0,2249.25,4,'2022-08-18 00:00:00','Olia Corteney','ocorteneydi@tuttocitta.it','9 Waxwing Hill','(294) 2945439',17,3593,'Dapawan','Entrega en local'),(50,858,3,'23140 Elmside Hill',0,4544.05,5,'2022-01-21 00:00:00','Yule Cottu','ycottuns@sakura.ne.jp','9 Bluestem Drive','(843) 9225057',208,2787,'Guarda Nova','Entrega en local'),(51,841,3,'4 Marquette Terrace',0,3756.96,2,'2022-06-27 00:00:00','Martynne Rentoll','mrentollnb@moonfruit.com','00 Fremont Point','(249) 9837673',17,3593,'Créteil','Entrega en local'),(52,226,3,'85 Nova Center',0,2033.83,3,'2022-05-23 00:00:00','Fernande Augustus','faugustus68@sbwire.com','05478 Namekagon Pass','(679) 7868333',10,3703,'Dayr al Ghu??n','Entrega en local'),(53,327,1,'2490 Manitowish Circle',0,484.015,4,'2022-02-14 00:00:00','Kari Archbutt','karchbutt91@elegantthemes.com','554 Northland Circle','(829) 3688797',222,3911,'Villeta','Entrega en local'),(54,162,3,'6744 Havey Point',0,2607.99,1,'2022-05-03 00:00:00','Bari Devlin','bdevlin4g@mysql.com','5796 Eagle Crest Point','(705) 4963048',105,1069,'Yuqunweng','Entrega en local'),(55,81,1,'37264 Packers Park',0,2927.13,3,'2022-02-10 00:00:00','Mikey Walcot','mwalcot27@ebay.co.uk','13 Evergreen Alley','(662) 6403059',43,3570,'Niepos','Entrega en local'),(56,319,2,'2 Westridge Trail',0,4154.94,5,'2022-08-07 00:00:00','Daile Joseph','djoseph8t@quantcast.com','09 Montana Terrace','(928) 6480890',82,3005,'Duqiao','Entrega en local'),(57,28,1,'8723 Bobwhite Junction',0,4189.58,2,'2022-07-02 00:00:00','Sonya McCurrie','smccurrieq@privacy.gov.au','0398 Fordem Parkway','(800) 9999006',135,74,'Qümong','Entrega en local'),(58,54,2,'459 Russell Street',0,4456.14,2,'2022-01-16 00:00:00','Ardeen Denidge','adenidge1g@nba.com','8936 1st Way','(525) 1290700',57,744,'Ganlin','Entrega en local'),(59,62,2,'639 Melvin Circle',0,246.753,2,'2022-02-04 00:00:00','Decca Welburn','dwelburn1o@blog.com','112 Packers Alley','(414) 6906347',159,940,'Jaruco','Depacho en sitio'),(60,739,3,'9396 Towne Crossing',0,1651.39,1,'2022-06-24 00:00:00','Vassily Lamburne','vlamburnekh@rambler.ru','3 Huxley Street','(402) 3600378',146,1961,'Jianqiao','Depacho en sitio'),(61,453,2,'88113 Alpine Plaza',0,4645.52,3,'2022-04-25 00:00:00','Adelaide Winkell','awinkellcj@ebay.co.uk','7578 Hayes Center','(766) 8366280',69,3555,'Sanqishi','Depacho en sitio'),(62,405,3,'557 Cordelia Drive',0,12375.6,4,'2022-04-18 00:00:00','Danni Barth','dbarthb7@cocolog-nifty.com','6 Longview Hill','(615) 1730514',1,3870,'Banyuresmi','Depacho en sitio'),(63,996,1,'58 Tomscot Pass',0,474.525,4,'2022-08-29 00:00:00','Stillmann Llewhellin','sllewhellinrm@gizmodo.com','1427 Arkansas Road','(499) 8616812',18,1992,'Tocumen','Depacho en sitio'),(64,26,2,'2051 Beilfuss Court',0,10030.4,3,'2022-06-19 00:00:00','Mildred Childs','mchildso@apple.com','0537 Thierer Terrace','(491) 4661342',170,1385,'Longgao','Depacho en sitio'),(65,160,1,'92 Mendota Park',0,4345.73,5,'2022-02-13 00:00:00','Katina Flancinbaum','kflancinbaum4e@discovery.com','8 Dahle Place','(462) 2221029',90,3657,'Pak Phayun','Depacho en sitio'),(66,235,3,'0 John Wall Road',0,4261.23,1,'2022-04-14 00:00:00','Sula Brevitt','sbrevitt6h@latimes.com','81 Glendale Crossing','(761) 8999431',207,1146,'Cruzeiro','Entrega en local'),(67,594,3,'1 Roth Avenue',0,2942.52,3,'2022-08-08 00:00:00','Kim Stollenhof','kstollenhofgg@un.org','2304 Kim Park','(489) 9329766',135,74,'Limanowa','Entrega en local'),(68,569,2,'2070 Goodland Hill',0,5323.08,5,'2022-08-16 00:00:00','Waite Lamers','wlamersfr@desdev.cn','64 Forest Dale Avenue','(289) 9939805',236,2536,'Sindong','Entrega en local'),(69,862,1,'52457 Graedel Parkway',0,6122.76,2,'2022-04-06 00:00:00','Burch Wallwood','bwallwoodnw@wired.com','8 Mendota Circle','(790) 7855496',11,3634,'Sampaloc','Entrega en local'),(70,779,1,'1 Erie Plaza',0,1660.84,5,'2022-01-31 00:00:00','Creighton Houlworth','choulworthll@ustream.tv','707 Duke Way','(398) 2487372',79,2723,'Caqu','Entrega en local'),(71,647,2,'36 Union Parkway',0,1734.86,3,'2022-02-08 00:00:00','Kaleb Le Barre','klebarrehx@ed.gov','9945 Forest Run Plaza','(134) 3473341',22,1372,'Macachín','Entrega en local'),(72,629,3,'9 Lakewood Plaza',0,9694.19,4,'2022-02-23 00:00:00','Audra Paul','apaulhf@geocities.com','21 Oak Court','(970) 6792924',98,4883,'Sada','Entrega en local'),(73,201,2,'78411 Spenser Center',0,1936.06,2,'2022-08-10 00:00:00','Zonnya Corps','zcorps5j@abc.net.au','25 Pleasure Point','(117) 8021434',202,4778,'Nicoya','Entrega en local'),(74,267,2,'88 Clyde Gallagher Road',0,1366.63,2,'2022-01-20 00:00:00','Ozzie MacShirrie','omacshirrie7d@over-blog.com','100 Larry Place','(984) 6401711',97,4041,'El Paso','Entrega en local'),(75,4,1,'74 High Crossing Junction',0,4071.78,2,'2022-08-18 00:00:00','Farrell Squier','fsquier2@is.gd','641 Stuart Terrace','(911) 2991742',66,4127,'?shkh?neh','Entrega en local'),(76,382,2,'58771 Ryan Pass',0,607.392,2,'2022-03-05 00:00:00','Hastings Peagrim','hpeagrimak@domainmarket.com','7 Vera Avenue','(403) 8968404',231,3390,'Gobernador Ingeniero Valentín Virasoro','Entrega en local'),(77,9,1,'5199 Messerschmidt Junction',0,11689.8,4,'2022-01-23 00:00:00','Anallise Rain','arain7@vk.com','0243 Northwestern Road','(993) 2559633',133,2584,'Cascavel','Entrega en local'),(78,498,3,'1336 Butternut Pass',0,3360.7,2,'2022-07-18 00:00:00','Netta Rikkard','nrikkardds@etsy.com','7 Pepper Wood Center','(266) 1487424',210,2839,'Moyogalpa','Entrega en local'),(79,64,2,'014 La Follette Pass',0,1679.82,2,'2022-07-17 00:00:00','Helen-elizabeth Flexman','hflexman1q@google.de','75498 Clarendon Court','(160) 1734669',229,324,'Novyy Oskol','Entrega en local'),(80,148,2,'64 Luster Park',0,319.83,4,'2022-02-16 00:00:00','Albertina Broose','abroose42@twitter.com','59 Stone Corner Alley','(973) 9249649',129,640,'?yse','Entrega en local'),(81,952,1,'00933 Badeau Avenue',0,1529.87,2,'2022-08-10 00:00:00','Nancy Romanetti','nromanettiqe@furl.net','4 Sheridan Terrace','(433) 7452719',145,4917,'Uruobo-Okija','Entrega en local'),(82,590,2,'2216 Charing Cross Street',0,427.073,4,'2022-01-12 00:00:00','Peg Varden','pvardengc@live.com','549 Hovde Avenue','(663) 9585983',176,1622,'Xiongjia','Entrega en local'),(83,751,1,'8 Pleasure Alley',0,5414.05,1,'2022-06-22 00:00:00','Julieta Hargerie','jhargeriekt@spiegel.de','644 Vermont Parkway','(466) 6200357',99,1027,'Miami','Entrega en local'),(84,492,2,'68 Merrick Road',0,2014.5,2,'2022-06-27 00:00:00','Nicolette Raddon','nraddondm@wp.com','740 Kingsford Alley','(963) 8316649',7,212,'Huangtang','Entrega en local'),(85,135,1,'3 Hooker Center',0,2654.63,4,'2022-07-23 00:00:00','Amalia Heintze','aheintze3p@phoca.cz','744 Hudson Crossing','(937) 5285891',3,593,'El Triunfo de la Cruz','Entrega en local'),(86,619,1,'3 North Court',0,3264.73,5,'2022-01-12 00:00:00','Dulcinea Winch','dwinchh5@soup.io','9 Loftsgordon Drive','(700) 9690584',64,2905,'Hexi','Entrega en local'),(87,631,2,'92263 Morning Circle',0,5816.55,2,'2022-05-04 00:00:00','Leeann Buche','lbuchehh@plala.or.jp','49060 Mitchell Way','(254) 7671549',208,2787,'Shangshuai','Entrega en local'),(88,445,1,'4695 Lindbergh Trail',0,2042.66,5,'2022-09-07 00:00:00','Abba Slatford','aslatfordcb@sciencedaily.com','28513 Anzinger Park','(281) 2668288',105,1069,'Nikolsk','Entrega en local'),(89,255,3,'99 Monterey Parkway',0,1164.49,2,'2022-01-05 00:00:00','Odella Ramsbotham','oramsbotham71@indiegogo.com','17144 Russell Trail','(856) 9514671',196,3711,'Longqiao','Entrega en local'),(90,331,3,'4599 Waxwing Drive',0,2372.62,1,'2022-03-09 00:00:00','Livy Bidwell','lbidwell95@pcworld.com','13168 Mendota Lane','(850) 6401713',116,3846,'Letlhakane','Entrega en local'),(91,723,1,'74 Orin Terrace',0,2028.33,1,'2022-08-08 00:00:00','Onida Gilcriest','ogilcriestk1@cocolog-nifty.com','6693 Elgar Parkway','(824) 3901066',240,3768,'Lagoa Santa','Entrega en local'),(92,477,3,'8 Meadow Ridge Alley',0,4441.57,5,'2022-06-07 00:00:00','Northrup Killeley','nkilleleyd7@ocn.ne.jp','456 Superior Court','(801) 6304222',59,1528,'Atap','Entrega en local'),(93,92,3,'23786 Sutherland Plaza',0,2052.84,1,'2022-02-05 00:00:00','Shelton Kleinerman','skleinerman2i@newyorker.com','931 Dahle Plaza','(924) 2314238',85,2095,'Zhongdong','Entrega en local'),(94,356,1,'96833 Rockefeller Court',0,3842.17,5,'2022-04-22 00:00:00','Salli Lidgett','slidgett9u@accuweather.com','4041 Ridgeview Crossing','(134) 5684789',44,2823,'Phra Phutthabat','Depacho en sitio'),(95,33,3,'17 Doe Crossing Terrace',0,683.316,5,'2022-05-10 00:00:00','Lynnette Loxdale','lloxdalev@uiuc.edu','8 Blaine Street','(155) 5717027',178,5075,'Mi?r?tah','Depacho en sitio'),(96,77,3,'8120 Dwight Point',0,700.399,1,'2022-06-28 00:00:00','Dru Matteucci','dmatteucci23@flavors.me','90618 Transport Park','(556) 4687352',69,3555,'Yuannan','Depacho en sitio'),(97,438,3,'90322 Wayridge Hill',0,873.202,4,'2022-07-26 00:00:00','Tiena Tomashov','ttomashovc4@homestead.com','4575 Northland Circle','(513) 4604698',198,911,'He?man?v M?stec','Depacho en sitio'),(98,887,1,'17 Sachs Center',0,170.829,2,'2022-09-04 00:00:00','Irma Udy','iudyol@cocolog-nifty.com','94801 Northwestern Junction','(305) 7232742',173,3678,'Oof','Depacho en sitio'),(99,294,2,'26 Anzinger Park',0,3118.4,4,'2022-09-02 00:00:00','Veradis Masi','vmasi84@geocities.com','658 Kropf Parkway','(704) 6178998',79,2723,'Herrera','Depacho en sitio'),(100,4,1,'0 Forest Dale Hill',0,5398.43,5,'2022-06-05 00:00:00','Farrell Squier','fsquier2@is.gd','97696 Texas Avenue','(911) 2991742',66,4127,'Komsomolsk','Depacho en sitio'),(101,391,2,'0631 4th Alley',0,2997.4,2,'2022-01-28 00:00:00','Herman Youd','hyoudat@51.la','24 American Lane','(332) 7918324',159,940,'Qiansuo','Contraentrega'),(102,802,2,'196 Thompson Crossing',0,4727.49,5,'2022-04-06 00:00:00','Heddi Farre','hfarrem8@ucla.edu','38346 Norway Maple Lane','(169) 3344837',161,288,'Wuyang','Contraentrega'),(103,778,1,'528 Longview Terrace',0,1570.68,2,'2022-04-14 00:00:00','Marcile Bysouth','mbysouthlk@acquirethisname.com','9 Westend Road','(596) 8066282',108,3742,'Paris 18','Contraentrega'),(104,364,3,'72 Dixon Junction',0,2718.11,4,'2022-04-30 00:00:00','Doralia Chaundy','dchaundya2@shutterfly.com','7 Straubel Point','(561) 5709098',31,1997,'Tianzhu','Contraentrega'),(105,521,3,'96 Crescent Oaks Avenue',0,1192.01,2,'2022-03-03 00:00:00','Reggie Cater','rcateref@arstechnica.com','67327 Clove Street','(983) 9035157',22,1372,'Zhouzai','Contraentrega'),(106,196,2,'145 Sutteridge Avenue',0,1425.47,2,'2022-01-03 00:00:00','Omar Gley','ogley5e@topsy.com','97696 Texas Avenue','(620) 6646007',173,3678,'Hiroshima-shi','Contraentrega'),(107,807,1,'8 Ohio Parkway',0,3266.31,5,'2022-07-18 00:00:00','Tally Timlin','ttimlinmd@theatlantic.com','24 American Lane','(356) 7670092',111,956,'Gastoúni','Depacho en sitio'),(108,79,1,'29 Steensland Parkway',0,3311.9,5,'2022-08-19 00:00:00','Bobine Duetschens','bduetschens25@multiply.com','38346 Norway Maple Lane','(598) 2361771',21,2954,'Kaniów','Depacho en sitio'),(109,847,1,'3521 Hudson Terrace',0,930.069,2,'2022-07-06 00:00:00','Booth Roggeman','broggemannh@nasa.gov','9 Westend Road','(237) 8770679',11,3634,'Tulcán','Depacho en sitio'),(110,841,1,'432 Roth Plaza',0,246.753,2,'2022-09-01 00:00:00','Martynne Rentoll','mrentollnb@moonfruit.com','7 Straubel Point','(249) 9837673',17,3593,'Changning','Depacho en sitio'),(111,938,1,'8 Michigan Crossing',0,1418.87,2,'2022-06-06 00:00:00','Lindy Sanbroke','lsanbrokeq0@virginia.edu','67327 Clove Street','(812) 2874077',143,2580,'Escazú','Contraentrega'),(112,967,1,'77335 Coolidge Point',0,930.069,3,'2022-05-14 00:00:00','Lindsay Aldrich','laldrichqt@dailymotion.com','7 Moland Drive','(993) 7507913',43,3570,'Suian','Contraentrega'),(113,175,1,'53579 Calypso Crossing',0,387.22,1,'2022-01-23 00:00:00','Guenevere Howchin','ghowchin4t@cbslocal.com','8 Brown Road','(355) 3308944',173,3678,'Slyudyanka','Contraentrega'),(114,396,2,'6830 Morning Street',0,3548.78,3,'2022-07-31 00:00:00','Ricky Karpinski','rkarpinskiay@admin.ch','79305 Mccormick Avenue','(425) 7518995',142,3447,'Ust-Labinsk','Contraentrega'),(115,393,3,'50 8th Terrace',0,2517.83,5,'2022-09-04 00:00:00','Zahara Restorick','zrestorickav@umn.edu','74285 Corscot Parkway','(259) 1211578',14,3903,'Gainesville','Contraentrega'),(116,952,2,'14 Stuart Drive',0,2382.29,4,'2022-01-22 00:00:00','Nancy Romanetti','nromanettiqe@furl.net','7 Claremont Lane','(433) 7452719',145,4917,'Sóc Tr?ng','Contraentrega'),(117,674,3,'030 Graceland Point',0,2704.79,4,'2022-08-26 00:00:00','Haroun Bolus','hbolusio@woothemes.com','2 Michigan Trail','(951) 4910807',178,5075,'Zipárion','Contraentrega'),(118,52,2,'94 Hollow Ridge Place',0,1504.24,2,'2022-09-02 00:00:00','Anetta Dugget','adugget1e@lulu.com','685 Hanson Parkway','(526) 9454261',192,58,'Kadipaten','Contraentrega'),(119,825,1,'811 Ridge Oak Drive',0,6327.93,4,'2022-08-18 00:00:00','Lynnea Ingarfill','lingarfillmv@alexa.com','1 Towne Park','(415) 9931864',195,473,'Gujba','Contraentrega'),(120,485,2,'2149 Forest Run Pass',0,3179.32,2,'2022-08-30 00:00:00','Bernetta Karpenya','bkarpenyadf@phpbb.com','2492 Rieder Way','(771) 5088817',45,2247,'Söderköping','Contraentrega'),(121,489,2,'2 Memorial Hill',0,1711.15,4,'2022-07-19 00:00:00','Jamill Shafier','jshafierdj@sitemeter.com','9 Morningstar Plaza','(203) 3550475',53,1209,'Khao Kho','Contraentrega'),(122,738,2,'81099 Miller Place',0,618.933,3,'2022-06-26 00:00:00','Rorke Wort','rwortkg@paypal.com','79615 Scoville Junction','(911) 1250919',67,3438,'Poitiers','Contraentrega'),(123,638,1,'7503 Nelson Place',0,4894.25,5,'2022-06-08 00:00:00','Fax Patters','fpattersho@mapy.cz','65 Mifflin Court','(185) 8170800',102,1792,'Logroño','Contraentrega'),(124,50,3,'16 Merry Way',0,4984.13,1,'2022-08-27 00:00:00','Coretta Uzielli','cuzielli1c@livejournal.com','9 Luster Alley','(141) 2404314',98,4883,'Medellín','Contraentrega'),(125,422,1,'916 Parkside Avenue',0,5106.5,5,'2022-06-18 00:00:00','Isac Klimpt','iklimptbo@skyrock.com','8676 Oakridge Parkway','(629) 2422972',74,1493,'Banjarjo','Contraentrega'),(126,400,2,'839 Harper Drive',0,2410.59,4,'2022-03-11 00:00:00','Todd Marfield','tmarfieldb2@issuu.com','1073 Anthes Hill','(710) 4478246',194,2849,'Naberezhnyye Chelny','Contraentrega'),(127,225,1,'08757 Little Fleur Terrace',0,871.519,5,'2022-06-02 00:00:00','Seumas Kretschmer','skretschmer67@usa.gov','1875 Mendota Parkway','(161) 6892036',21,2954,'Itambé','Contraentrega'),(128,317,2,'8 Kipling Pass',0,403.346,1,'2022-03-11 00:00:00','Junina Casperri','jcasperri8r@tinyurl.com','50244 Sutteridge Avenue','(986) 2989826',6,487,'s-Hertogenbosch','Contraentrega'),(129,571,1,'418 Esch Lane',0,1588.13,5,'2022-01-25 00:00:00','Frankie Petrovsky','fpetrovskyft@purevolume.com','96429 Morningstar Avenue','(412) 6709460',176,1622,'Rouen','Contraentrega'),(130,927,2,'209 Eagan Park',0,7374.41,2,'2022-06-17 00:00:00','Celestyn Harkess','charkesspp@surveymonkey.com','3484 Jana Court','(239) 6011364',233,1398,'Biny Selo','Contraentrega'),(131,360,3,'74583 Pierstorff Alley',0,2190.41,3,'2022-01-27 00:00:00','Ronalda Nore','rnore9y@dell.com','7 Clemons Way','(868) 9891808',131,3082,'Niamtougou','Contraentrega'),(132,50,2,'4 Schiller Street',0,2477.11,1,'2022-06-29 00:00:00','Coretta Uzielli','cuzielli1c@livejournal.com','31293 Eastwood Hill','(141) 2404314',98,4883,'El Nido','Contraentrega'),(133,812,2,'12145 Muir Parkway',0,349.288,5,'2022-01-10 00:00:00','Dedie Corwin','dcorwinmi@geocities.com','627 Meadow Vale Avenue','(411) 9959770',61,4076,'Javarthushuu','Contraentrega'),(134,842,2,'59286 Fulton Circle',0,894.043,1,'2022-03-29 00:00:00','Zarah Prestige','zprestigenc@t.co','5960 Spenser Center','(191) 1193462',114,1830,'Minante Segundo','Contraentrega'),(135,888,3,'4 Quincy Junction',0,4150.23,3,'2022-03-13 00:00:00','Kynthia Seyffert','kseyffertom@mayoclinic.com','78 Steensland Park','(948) 7501049',203,915,'Picungbera','Contraentrega'),(136,172,2,'99894 Katie Crossing',0,3528.57,4,'2022-08-08 00:00:00','Celisse Kernes','ckernes4q@dmoz.org','4 Rusk Way','(931) 5427816',191,4761,'Sangesi','Contraentrega'),(137,448,3,'21 Stephen Place',0,1999.66,3,'2022-03-22 00:00:00','Raf Hartshorn','rhartshornce@deliciousdays.com','34173 Upham Hill','(408) 3572416',210,2839,'Kemlya','Contraentrega'),(138,966,2,'4 Anthes Drive',0,4403.87,1,'2022-03-23 00:00:00','Happy Gerren','hgerrenqs@ox.ac.uk','652 Utah Court','(955) 8132436',11,3634,'Garoua Boulaï','Contraentrega'),(139,31,1,'60 Sullivan Park',0,5032.44,5,'2022-03-08 00:00:00','Pauly Abbett','pabbettt@google.es','76 Morning Court','(864) 4533873',177,2228,'Porsgrunn','Contraentrega'),(140,923,3,'8488 Westport Place',0,3226.85,3,'2022-08-31 00:00:00','Bailey Choupin','bchoupinpl@scribd.com','92529 Ilene Point','(605) 5929977',207,1146,'Tevriz','Contraentrega'),(141,621,1,'1297 Sommers Junction',0,1093.48,4,'2022-08-10 00:00:00','Marrissa Jurczak','mjurczakh7@netlog.com','2913 Barby Court','(483) 1840246',25,4860,'Huilong','Contraentrega'),(142,971,2,'128 Autumn Leaf Road',0,3018.66,1,'2022-01-17 00:00:00','Genna Presidey','gpresideyqx@exblog.jp','10 Dawn Street','(604) 5395739',196,3711,'Caucete','Contraentrega'),(143,457,2,'30193 Darwin Road',0,1575.42,3,'2022-08-19 00:00:00','Cody Schubart','cschubartcn@jalbum.net','72 Bartillon Road','(243) 4611284',104,3954,'Caçador','Contraentrega'),(144,883,2,'84 Tennyson Plaza',0,2030.97,3,'2022-08-13 00:00:00','Allister Mettricke','amettrickeoh@feedburner.com','92 Forest Way','(984) 4712907',173,3678,'Tegalwero','Entrega en local'),(145,296,3,'6 Grasskamp Court',0,5864.39,5,'2022-02-01 00:00:00','Norrie Iacobucci','niacobucci86@blogger.com','4339 Kingsford Pass','(596) 1806159',131,3082,'Aba','Entrega en local'),(146,534,2,'33 Katie Parkway',0,5904.18,3,'2022-04-28 00:00:00','Agnola Hambric','ahambrices@123-reg.co.uk','487 Esker Lane','(639) 5312234',147,12,'Mishan','Entrega en local'),(147,214,2,'3 Anhalt Street',0,2591.14,1,'2022-05-22 00:00:00','Daron Ivery','divery5w@harvard.edu','906 Maple Parkway','(934) 8782368',10,3703,'Gabès','Entrega en local'),(148,868,2,'1 Mcbride Center',0,773.117,2,'2022-06-27 00:00:00','Hillary Gainseford','hgainsefordo2@ning.com','3 Monica Center','(955) 4805926',39,866,'Dapawan','Entrega en local'),(149,631,2,'80578 Kings Hill',0,1262.49,1,'2022-05-10 00:00:00','Leeann Buche','lbuchehh@plala.or.jp','78 Aberg Alley','(254) 7671549',208,2787,'Guarda Nova','Entrega en local'),(150,338,1,'899 Morning Point',0,503.006,1,'2022-04-12 00:00:00','Thornton Colleran','tcolleran9c@europa.eu','42 Loomis Parkway','(402) 4678088',40,2982,'Créteil','Entrega en local'),(151,172,1,'42 Upham Trail',0,6151.38,5,'2022-06-27 00:00:00','Celisse Kernes','ckernes4q@dmoz.org','32003 Shopko Alley','(931) 5427816',191,4761,'Dayr al Ghu??n','Entrega en local'),(152,881,2,'23662 Lotheville Way',0,1205.72,4,'2022-03-01 00:00:00','Vittoria Slessor','vslessorof@hostgator.com','8 Morning Lane','(929) 6004245',61,4076,'Villeta','Entrega en local'),(153,43,3,'44902 Annamark Alley',0,1420.8,4,'2022-07-06 00:00:00','Allayne Reolfi','areolfi15@bloglines.com','27 Lake View Place','(421) 7913833',161,288,'Yuqunweng','Entrega en local'),(154,332,2,'82 Talisman Point',0,1214.78,3,'2022-02-28 00:00:00','Stanford Moule','smoule96@wikimedia.org','10 Waxwing Hill','(574) 7235812',40,2982,'Niepos','Entrega en local'),(155,664,2,'17 Hooker Circle',0,3304.22,5,'2022-05-02 00:00:00','Merrili Storah','mstorahie@wikimedia.org','10 Bluestem Drive','(516) 1576796',242,5072,'Duqiao','Entrega en local'),(156,228,2,'0 Melrose Crossing',0,337.862,4,'2022-03-19 00:00:00','Cherianne William','cwilliam6a@hatena.ne.jp','1 Fremont Point','(148) 1648225',23,264,'Qümong','Entrega en local'),(157,16,3,'05449 Waxwing Street',0,1357.14,2,'2022-07-19 00:00:00','Marys Tunsley','mtunsleye@google.ca','5479 Namekagon Pass','(600) 2814085',239,2034,'Ganlin','Entrega en local'),(158,842,1,'1898 Northland Road',0,3529.52,3,'2022-08-10 00:00:00','Zarah Prestige','zprestigenc@t.co','555 Northland Circle','(191) 1193462',114,1830,'Jaruco','Depacho en sitio'),(159,973,3,'613 Eagle Crest Center',0,1662.74,1,'2022-08-08 00:00:00','Bron Sainer','bsainerqz@google.it','5797 Eagle Crest Point','(983) 3205992',204,931,'Jianqiao','Depacho en sitio'),(160,937,2,'9159 Alpine Alley',0,941.467,5,'2022-07-09 00:00:00','Susy Hessing','shessingpz@360.cn','14 Evergreen Alley','(848) 4954281',131,3082,'Sanqishi','Depacho en sitio'),(161,439,3,'5 Kingsford Junction',0,1352.4,4,'2022-04-26 00:00:00','Hortense Manderson','hmandersonc5@google.com.br','10 Montana Terrace','(790) 6355444',73,1916,'Banyuresmi','Depacho en sitio'),(162,664,1,'9027 Novick Park',0,2840.51,5,'2022-08-26 00:00:00','Merrili Storah','mstorahie@wikimedia.org','399 Fordem Parkway','(516) 1576796',242,5072,'Tocumen','Depacho en sitio'),(163,135,1,'815 Mariners Cove Court',0,1252.75,2,'2022-02-11 00:00:00','Amalia Heintze','aheintze3p@phoca.cz','8937 1st Way','(937) 5285891',3,593,'Longgao','Depacho en sitio'),(164,357,3,'9233 Cody Junction',0,2877.52,1,'2022-01-31 00:00:00','Marin Blundel','mblundel9v@ucoz.com','113 Packers Alley','(156) 1902619',151,2133,'Pak Phayun','Depacho en sitio'),(165,162,2,'27 Kenwood Place',0,699.45,2,'2022-03-07 00:00:00','Bari Devlin','bdevlin4g@mysql.com','4 Huxley Street','(705) 4963048',105,1069,'Cruzeiro','Entrega en local'),(166,258,3,'5 Charing Cross Street',0,303.696,4,'2022-01-02 00:00:00','Parrnell Espin','pespin74@narod.ru','7579 Hayes Center','(177) 9230041',42,1252,'Limanowa','Entrega en local'),(167,776,1,'9 Mockingbird Way',0,2458.81,2,'2022-02-17 00:00:00','Marna Kenningley','mkenningleyli@a8.net','7 Longview Hill','(616) 2297161',20,1220,'Sindong','Entrega en local'),(168,43,1,'5741 Meadow Vale Place',0,2736.11,2,'2022-03-18 00:00:00','Allayne Reolfi','areolfi15@bloglines.com','1428 Arkansas Road','(421) 7913833',161,288,'Sampaloc','Entrega en local'),(169,440,3,'0189 Lakeland Plaza',0,1903.52,2,'2022-02-07 00:00:00','Cyndy Codrington','ccodringtonc6@eepurl.com','538 Thierer Terrace','(283) 7333911',69,3555,'Caqu','Entrega en local'),(170,225,1,'4 Sachtjen Terrace',0,2359.5,5,'2022-06-10 00:00:00','Seumas Kretschmer','skretschmer67@usa.gov','9 Dahle Place','(161) 6892036',21,2954,'Macachín','Entrega en local'),(171,462,1,'73807 Continental Court',0,2230.34,1,'2022-09-06 00:00:00','Betta Prise','bprisecs@simplemachines.org','82 Glendale Crossing','(283) 5164312',43,3570,'Sada','Entrega en local'),(172,81,1,'84 Clemons Park',0,3907.93,1,'2022-07-27 00:00:00','Mikey Walcot','mwalcot27@ebay.co.uk','2305 Kim Park','(662) 6403059',43,3570,'Nicoya','Entrega en local'),(173,441,1,'46 Lillian Trail',0,427.073,2,'2022-04-05 00:00:00','Ariella Eglinton','aeglintonc7@foxnews.com','65 Forest Dale Avenue','(278) 3045298',33,1216,'El Paso','Entrega en local'),(174,153,2,'1 Jay Drive',0,4489.01,5,'2022-08-06 00:00:00','Adair Testin','atestin47@psu.edu','9 Mendota Circle','(224) 4670472',224,2550,'?shkh?neh','Entrega en local'),(175,833,3,'2 Quincy Pass',0,2220.78,2,'2022-05-23 00:00:00','Kelvin Rosenboim','krosenboimn3@msu.edu','708 Duke Way','(131) 6680785',236,2536,'Gobernador Ingeniero Valentín Virasoro','Entrega en local'),(176,122,3,'440 Vidon Road',0,2522.58,2,'2022-08-04 00:00:00','Lennard Trood','ltrood3c@mtv.com','9946 Forest Run Plaza','(472) 7972649',43,3570,'Cascavel','Entrega en local'),(177,26,3,'55476 Anniversary Crossing',0,1613.39,5,'2022-03-22 00:00:00','Mildred Childs','mchildso@apple.com','22 Oak Court','(491) 4661342',170,1385,'Moyogalpa','Entrega en local'),(178,833,3,'37 Riverside Trail',0,875.161,3,'2022-02-28 00:00:00','Kelvin Rosenboim','krosenboimn3@msu.edu','26 Pleasure Point','(131) 6680785',236,2536,'Novyy Oskol','Entrega en local'),(179,422,2,'794 Corben Junction',0,4510.72,1,'2022-05-18 00:00:00','Isac Klimpt','iklimptbo@skyrock.com','101 Larry Place','(629) 2422972',74,1493,'?yse','Entrega en local'),(180,728,3,'08408 Tennessee Crossing',0,85.4145,2,'2022-05-17 00:00:00','Hester St Pierre','hstpierrek6@soundcloud.com','642 Stuart Terrace','(679) 3262078',145,4917,'Uruobo-Okija','Entrega en local'),(181,224,2,'3902 Dennis Avenue',0,2059.44,2,'2022-07-03 00:00:00','Adrian Fairey','afairey66@blogtalkradio.com','8 Vera Avenue','(823) 9148347',203,915,'Xiongjia','Entrega en local'),(182,493,2,'24 Tennyson Court',0,4454.84,5,'2022-03-02 00:00:00','Georgine Prebble','gprebbledn@pen.io','244 Northwestern Road','(172) 8485106',11,3634,'Miami','Entrega en local'),(183,60,2,'76178 Weeping Birch Place',0,87.3221,3,'2022-02-09 00:00:00','Etty Kruszelnicki','ekruszelnicki1m@house.gov','8 Pepper Wood Center','(781) 5261473',219,3478,'Huangtang','Entrega en local'),(184,885,3,'22 Columbus Circle',0,5081.77,5,'2022-04-17 00:00:00','Shepard Bogaert','sbogaertoj@nymag.com','75498 Clarendon Court','(807) 3098963',188,3384,'El Triunfo de la Cruz','Entrega en local'),(185,157,3,'4469 Bunker Hill Place',0,400.531,5,'2022-01-12 00:00:00','Carissa Aldgate','caldgate4b@weebly.com','60 Stone Corner Alley','(136) 5666160',90,3657,'Hexi','Entrega en local'),(186,781,2,'29 Rutledge Junction',0,18.981,4,'2022-02-11 00:00:00','Wenona Doret','wdoretln@gov.uk','5 Sheridan Terrace','(401) 1193881',119,978,'Shangshuai','Entrega en local'),(187,223,3,'2161 Blackbird Avenue',0,5274.7,4,'2022-07-21 00:00:00','Gail Bollans','gbollans65@ftc.gov','550 Hovde Avenue','(702) 1887020',134,248,'Nikolsk','Entrega en local'),(188,259,3,'3 Buena Vista Point',0,1613.39,3,'2022-05-01 00:00:00','Dulcia Collie','dcollie75@un.org','645 Vermont Parkway','(367) 5326433',131,3082,'Longqiao','Entrega en local'),(189,910,2,'11969 Homewood Center',0,3727.87,1,'2022-02-09 00:00:00','Garnet Wolledge','gwolledgep8@thetimes.co.uk','741 Kingsford Alley','(623) 8359807',196,3711,'Letlhakane','Entrega en local'),(190,616,2,'348 Badeau Junction',0,2951.78,3,'2022-04-30 00:00:00','Earlie Fratson','efratsonh2@bloomberg.com','745 Hudson Crossing','(307) 2234096',172,2770,'Lagoa Santa','Entrega en local'),(191,536,1,'95 Ilene Junction',0,2605.53,1,'2022-04-09 00:00:00','Halsey Arthy','harthyeu@shinystat.com','10 Loftsgordon Drive','(602) 4497995',58,4542,'Atap','Entrega en local'),(192,880,3,'116 Schmedeman Pass',0,6102.39,1,'2022-02-18 00:00:00','Shaun Land','slandoe@nba.com','49061 Mitchell Way','(678) 4066205',242,5072,'Zhongdong','Entrega en local'),(193,42,1,'905 Ruskin Pass',0,5860.21,4,'2022-06-19 00:00:00','Iorgos Lovelace','ilovelace14@usgs.gov','28514 Anzinger Park','(231) 4989511',27,3375,'Phra Phutthabat','Depacho en sitio'),(194,269,1,'208 Merchant Court',0,730.769,5,'2022-08-28 00:00:00','Cristie Got','cgot7f@spotify.com','17145 Russell Trail','(522) 9395245',248,3723,'Mi?r?tah','Depacho en sitio'),(195,934,2,'8 Miller Plaza',0,1784.21,1,'2022-06-14 00:00:00','Lamar Baynom','lbaynompw@meetup.com','13169 Mendota Lane','(228) 7880546',232,2289,'Yuannan','Depacho en sitio'),(196,781,3,'125 Bayside Pass',0,3600.09,2,'2022-03-17 00:00:00','Wenona Doret','wdoretln@gov.uk','6694 Elgar Parkway','(401) 1193881',119,978,'He?man?v M?stec','Depacho en sitio'),(197,854,1,'4 Redwing Point',0,5815.43,5,'2022-06-12 00:00:00','Duffie Shipp','dshippno@opensource.org','457 Superior Court','(542) 9543545',215,2934,'Oof','Depacho en sitio'),(198,217,1,'48 Veith Lane',0,7035.39,3,'2022-08-17 00:00:00','Waldo Furlow','wfurlow5z@slate.com','932 Dahle Plaza','(490) 1491429',16,518,'Herrera','Depacho en sitio'),(199,990,2,'4988 Green Ridge Avenue',0,2332.16,2,'2022-01-08 00:00:00','Kathryne Clissett','kclissettrg@fotki.com','4042 Ridgeview Crossing','(662) 6282409',248,3723,'Komsomolsk','Depacho en sitio'),(200,877,3,'66165 Heffernan Road',0,4348.36,3,'2022-08-07 00:00:00','Teddy Jamson','tjamsonob@businessweek.com','9 Blaine Street','(578) 8094599',126,1553,'Qiansuo','Contraentrega'),(201,586,1,'110 Mayfield Parkway',0,1603.89,5,'2022-02-17 00:00:00','Alix Tankus','atankusg8@fda.gov','90618 Transport Park','(101) 4758619',29,3060,'Wuyang','Contraentrega'),(202,692,2,'39 Dorton Crossing',0,1727.75,3,'2022-07-20 00:00:00','Bonita Hoppner','bhoppnerj6@wix.com','4576 Northland Circle','(187) 9721783',220,2575,'Paris 19','Contraentrega'),(203,69,1,'7 Ohio Road',0,5201.15,1,'2022-05-29 00:00:00','Tisha Simmance','tsimmance1v@time.com','94801 Northwestern Junction','(811) 6794366',69,3555,'Tianzhu','Contraentrega'),(204,210,2,'8 Monterey Alley',0,284.715,5,'2022-02-14 00:00:00','Elissa Mollene','emollene5s@sciencedirect.com','659 Kropf Parkway','(158) 8031891',161,288,'Zhouzai','Contraentrega'),(205,685,1,'707 Amoth Pass',0,1933.21,5,'2022-05-06 00:00:00','Gavin Pendrich','gpendrichiz@moonfruit.com','97696 Texas Avenue','(655) 5597274',186,3756,'Hiroshima-shi','Contraentrega'),(206,652,1,'057 Center Trail',0,9.4905,1,'2022-03-06 00:00:00','Jacky Regina','jreginai2@baidu.com','25 American Lane','(534) 1031500',129,640,'Gastoúni','Depacho en sitio'),(207,287,3,'60324 Meadow Valley Way',0,3987.91,3,'2022-05-16 00:00:00','Beauregard Hylden','bhylden7x@tumblr.com','38347 Norway Maple Lane','(323) 2388473',166,3047,'Kaniów','Depacho en sitio'),(208,686,2,'385 Orin Park',0,2435.43,1,'2022-01-29 00:00:00','Jennette Darleston','jdarlestonj0@admin.ch','10 Westend Road','(674) 9241244',107,1664,'Tulcán','Depacho en sitio'),(209,922,3,'3728 Killdeer Avenue',0,949.525,1,'2022-09-08 00:00:00','Sofie Hembling','shemblingpk@devhub.com','8 Straubel Point','(502) 5122387',173,3678,'Changning','Depacho en sitio'),(210,438,3,'6210 Grim Lane',0,104.405,2,'2022-01-14 00:00:00','Tiena Tomashov','ttomashovc4@homestead.com','67327 Clove Street','(513) 4604698',198,911,'Escazú','Contraentrega'),(211,63,3,'6047 Oakridge Road',0,6045.45,1,'2022-02-28 00:00:00','Brendan McKinstry','bmckinstry1p@123-reg.co.uk','97696 Texas Avenue','(458) 8331338',150,3327,'Suian','Contraentrega'),(212,877,1,'17196 Farwell Plaza',0,6679.42,3,'2022-04-23 00:00:00','Teddy Jamson','tjamsonob@businessweek.com','25 American Lane','(578) 8094599',126,1553,'Slyudyanka','Contraentrega'),(213,288,2,'6 Hintze Circle',0,2005.47,5,'2022-05-21 00:00:00','Kiah Gilvary','kgilvary7y@merriam-webster.com','38347 Norway Maple Lane','(386) 9878405',240,3768,'Ust-Labinsk','Contraentrega'),(214,389,2,'677 Memorial Park',0,707.525,3,'2022-08-28 00:00:00','Grenville Cuppleditch','gcuppleditchar@businessinsider.com','10 Westend Road','(302) 9677687',67,3438,'Gainesville','Contraentrega'),(215,346,2,'38 Blackbird Point',0,3619.66,1,'2022-01-06 00:00:00','Brandise Ditty','bditty9k@elegantthemes.com','8 Straubel Point','(565) 4506325',240,3768,'Sóc Tr?ng','Contraentrega'),(216,100,2,'1 Sugar Trail',0,6377.09,1,'2022-03-02 00:00:00','Franz Tortoise','ftortoise2q@dropbox.com','67327 Clove Street','(511) 8887841',43,3570,'Zipárion','Contraentrega'),(217,144,1,'5406 Blackbird Street',0,5438.8,5,'2022-06-16 00:00:00','Victor MacGaughie','vmacgaughie3y@vistaprint.com','8 Moland Drive','(514) 9830491',11,3634,'Kadipaten','Contraentrega'),(218,761,3,'34817 Bowman Avenue',0,2427.67,3,'2022-09-11 00:00:00','Danyelle Kinnett','dkinnettl3@huffingtonpost.com','9 Brown Road','(478) 4760582',224,2550,'Gujba','Contraentrega'),(219,636,1,'7 Forest Place',0,4295.4,2,'2022-09-02 00:00:00','Giacobo Brittin','gbrittinhm@purevolume.com','79305 Mccormick Avenue','(579) 3009220',236,2536,'Söderköping','Contraentrega'),(220,185,3,'3 Mandrake Center',0,3915.85,2,'2022-02-20 00:00:00','Brianna Rising','brising53@bigcartel.com','74285 Corscot Parkway','(937) 3169421',173,3678,'Khao Kho','Contraentrega'),(221,483,3,'15885 Northfield Street',0,1898.1,2,'2022-05-09 00:00:00','Edsel Manville','emanvilledd@goo.gl','8 Claremont Lane','(139) 3483421',51,2732,'Poitiers','Contraentrega'),(222,286,3,'58201 Troy Pass',0,1279.32,4,'2022-05-24 00:00:00','Perkin Domesday','pdomesday7w@amazon.co.jp','3 Michigan Trail','(211) 4750542',44,2823,'Logroño','Contraentrega'),(223,934,3,'94 Orin Court',0,930.069,2,'2022-03-31 00:00:00','Lamar Baynom','lbaynompw@meetup.com','686 Hanson Parkway','(228) 7880546',232,2289,'Medellín','Contraentrega'),(224,672,1,'95 Gateway Street',0,1689.31,1,'2022-06-08 00:00:00','Keven Gravey','kgraveyim@gravatar.com','2 Towne Park','(538) 5523709',108,3742,'Banjarjo','Contraentrega'),(225,896,1,'3989 Artisan Street',0,2052.8,2,'2022-01-19 00:00:00','Dilly Riddiford','driddifordou@wordpress.org','2493 Rieder Way','(796) 1522936',38,2656,'Naberezhnyye Chelny','Contraentrega'),(226,839,2,'2413 Union Hill',0,3310.29,1,'2022-08-05 00:00:00','Abey Jelphs','ajelphsn9@utexas.edu','10 Morningstar Plaza','(221) 4529883',50,2862,'Itambé','Contraentrega'),(227,175,2,'44 Green Ridge Drive',0,1473.87,5,'2022-05-04 00:00:00','Guenevere Howchin','ghowchin4t@cbslocal.com','79615 Scoville Junction','(355) 3308944',173,3678,'s-Hertogenbosch','Contraentrega'),(228,794,3,'267 Park Meadow Parkway',0,2289.11,3,'2022-05-25 00:00:00','Rurik Prickett','rprickettm0@omniture.com','66 Mifflin Court','(794) 2163078',129,640,'Rouen','Contraentrega'),(229,859,1,'1677 Carioca Center',0,3720.31,5,'2022-07-15 00:00:00','Dillie Plane','dplanent@webnode.com','10 Luster Alley','(174) 8538166',62,4086,'Biny Selo','Contraentrega'),(230,586,3,'978 Huxley Point',0,5031.87,5,'2022-02-17 00:00:00','Alix Tankus','atankusg8@fda.gov','8677 Oakridge Parkway','(101) 4758619',29,3060,'Niamtougou','Contraentrega'),(231,285,1,'7032 Kingsford Junction',0,3439.9,5,'2022-08-23 00:00:00','Genni Sokell','gsokell7v@so-net.ne.jp','1074 Anthes Hill','(616) 7096544',197,494,'El Nido','Contraentrega'),(232,419,1,'9 Hermina Plaza',0,311.288,1,'2022-02-15 00:00:00','Camila Gamet','cgametbl@plala.or.jp','1876 Mendota Parkway','(899) 6783361',217,3397,'Javarthushuu','Contraentrega'),(233,821,3,'3 Amoth Circle',0,5020.47,5,'2022-02-01 00:00:00','Aubrey McRory','amcrorymr@umn.edu','50245 Sutteridge Avenue','(157) 5959356',18,1992,'Minante Segundo','Contraentrega'),(234,244,1,'67218 Esch Point',0,2015.25,1,'2022-05-21 00:00:00','Anni Hayer','ahayer6q@ox.ac.uk','96429 Morningstar Avenue','(988) 1622241',143,2580,'Picungbera','Contraentrega'),(235,667,2,'938 Prairieview Road',0,2266.33,5,'2022-08-31 00:00:00','Aretha Bleiman','ableimanih@mapy.cz','3485 Jana Court','(484) 3422952',104,3954,'Sangesi','Contraentrega'),(236,523,1,'138 Transport Place',0,5023.3,3,'2022-02-21 00:00:00','Theobald Jesty','tjestyeh@instagram.com','8 Clemons Way','(129) 5066318',146,1961,'Kemlya','Contraentrega'),(237,65,3,'0596 Cambridge Circle',0,273.419,2,'2022-08-12 00:00:00','Clayborne Cranidge','ccranidge1r@lycos.com','31294 Eastwood Hill','(232) 4363554',167,3169,'Garoua Boulaï','Contraentrega'),(238,503,1,'2 Lien Crossing',0,1936.06,5,'2022-05-16 00:00:00','Crista State','cstatedx@discuz.net','628 Meadow Vale Avenue','(751) 4389639',203,915,'Porsgrunn','Contraentrega'),(239,270,2,'32776 Spohn Point',0,7120.68,3,'2022-02-01 00:00:00','Jonathon Kyttor','jkyttor7g@mashable.com','5961 Spenser Center','(336) 5586938',225,2148,'Tevriz','Contraentrega'),(240,495,2,'616 Pleasure Avenue',0,1253.22,3,'2022-02-03 00:00:00','Hinze Vala','hvaladp@unicef.org','79 Steensland Park','(253) 6302814',231,3390,'Huilong','Contraentrega'),(241,795,3,'97831 Algoma Lane',0,3150.85,4,'2022-08-04 00:00:00','Yance Keilloh','ykeillohm1@businesswire.com','5 Rusk Way','(726) 1087854',177,2228,'Caucete','Contraentrega'),(242,208,2,'9 Fisk Park',0,2149.23,4,'2022-05-29 00:00:00','Lenee Baynes','lbaynes5q@surveymonkey.com','34174 Upham Hill','(154) 3600998',193,270,'Caçador','Contraentrega'),(243,745,3,'7391 Donald Lane',0,2448.59,3,'2022-09-09 00:00:00','Lev McGarrahan','lmcgarrahankn@bloomberg.com','653 Utah Court','(169) 9772560',179,3177,'Tegalwero','Entrega en local'),(244,949,1,'15 Roth Terrace',0,4318.18,1,'2022-03-25 00:00:00','Cammy Bradford','cbradfordqb@a8.net','77 Morning Court','(669) 7631379',57,744,'Aba','Entrega en local'),(245,724,2,'443 Melby Trail',0,409.99,1,'2022-07-17 00:00:00','Hugh Dancey','hdanceyk2@apache.org','92529 Ilene Point','(997) 7387443',240,3768,'Mishan','Entrega en local'),(246,61,1,'1090 7th Plaza',0,1488.35,4,'2022-04-28 00:00:00','Izzy Shoreman','ishoreman1n@hubpages.com','2914 Barby Court','(479) 7326596',133,2584,'Gabès','Entrega en local'),(247,425,1,'24 Messerschmidt Plaza',0,2837.96,3,'2022-08-02 00:00:00','Rick Eccleshare','recclesharebr@w3.org','11 Dawn Street','(834) 1591306',79,2723,'Dapawan','Entrega en local'),(248,160,1,'7046 Lillian Parkway',0,6502.73,3,'2022-08-10 00:00:00','Katina Flancinbaum','kflancinbaum4e@discovery.com','73 Bartillon Road','(462) 2221029',90,3657,'Guarda Nova','Entrega en local'),(249,10,3,'18 Fuller Drive',0,4372.36,5,'2022-08-01 00:00:00','Karry Lodwig','klodwig8@hud.gov','93 Forest Way','(718) 4539989',14,3903,'Créteil','Entrega en local'),(250,851,1,'49717 Mifflin Pass',0,5275.06,1,'2022-02-02 00:00:00','Verina Koppens','vkoppensnl@forbes.com','4340 Kingsford Pass','(961) 2757461',173,3678,'Dayr al Ghu??n','Entrega en local'),(251,390,2,'167 Green Pass',0,0,2,'2022-08-13 00:00:00','Agna Brookshaw','abrookshawas@dailymotion.com','488 Esker Lane','(549) 5709549',174,1269,'Villeta','Entrega en local'),(252,679,2,'9718 American Ash Park',0,0,3,'2022-06-24 00:00:00','Ferrell Bruneton','fbrunetonit@nsw.gov.au','907 Maple Parkway','(164) 3637145',226,3369,'Yuqunweng','Entrega en local'),(253,835,3,'88 Fulton Drive',0,0,2,'2022-09-04 00:00:00','Dur MacConnechie','dmacconnechien5@ycombinator.com','4 Monica Center','(880) 7687495',18,1992,'Niepos','Entrega en local'),(254,994,2,'8172 Boyd Street',0,0,4,'2022-05-04 00:00:00','Virgina Raiman','vraimanrk@answers.com','79 Aberg Alley','(839) 8203415',57,744,'Duqiao','Entrega en local'),(255,520,1,'21 Montana Crossing',0,0,4,'2022-03-24 00:00:00','Shannah Renny','srennyee@msu.edu','43 Loomis Parkway','(957) 7269865',155,5086,'Qümong','Entrega en local'),(256,371,3,'8 Ridgeview Point',0,0,2,'2022-01-02 00:00:00','Natala Galiero','ngalieroa9@photobucket.com','32004 Shopko Alley','(408) 8961091',127,1513,'Ganlin','Entrega en local'),(257,835,1,'7033 Eggendart Street',0,0,2,'2022-05-09 00:00:00','Dur MacConnechie','dmacconnechien5@ycombinator.com','9 Morning Lane','(880) 7687495',18,1992,'Jaruco','Depacho en sitio'),(258,68,1,'18256 Bluestem Avenue',0,0,4,'2022-02-01 00:00:00','Suzanne Cansdill','scansdill1u@ucoz.com','28 Lake View Place','(817) 7128331',69,3555,'Jianqiao','Depacho en sitio'),(259,41,3,'773 Columbus Point',0,0,4,'2022-01-08 00:00:00','Gladi Cartmale','gcartmale13@intel.com','11 Waxwing Hill','(983) 4686139',119,978,'Sanqishi','Depacho en sitio'),(260,68,2,'135 Jay Trail',0,0,1,'2022-04-12 00:00:00','Suzanne Cansdill','scansdill1u@ucoz.com','11 Bluestem Drive','(817) 7128331',69,3555,'Banyuresmi','Depacho en sitio'),(261,157,2,'83932 Scott Alley',0,0,2,'2022-04-19 00:00:00','Carissa Aldgate','caldgate4b@weebly.com','2 Fremont Point','(136) 5666160',90,3657,'Tocumen','Depacho en sitio'),(262,14,1,'67570 Memorial Parkway',0,0,5,'2022-06-20 00:00:00','Geri Figure','gfigurec@merriam-webster.com','5480 Namekagon Pass','(171) 7901299',94,2760,'Longgao','Depacho en sitio'),(263,164,3,'453 Morningstar Place',0,0,4,'2022-02-07 00:00:00','Haleigh Summerell','hsummerell4i@hostgator.com','556 Northland Circle','(669) 4040830',90,3657,'Pak Phayun','Depacho en sitio'),(264,104,1,'948 Browning Alley',0,0,3,'2022-06-21 00:00:00','Lauretta Hobgen','lhobgen2u@example.com','5798 Eagle Crest Point','(717) 9416441',43,3570,'Cruzeiro','Entrega en local'),(265,942,1,'62728 Lakewood Hill',0,0,2,'2022-06-10 00:00:00','Granville McGinney','gmcginneyq4@qq.com','15 Evergreen Alley','(597) 7288337',10,3703,'Limanowa','Entrega en local'),(266,7,1,'7 Hauk Terrace',0,0,5,'2022-06-13 00:00:00','Belva Bolesma','bbolesma5@chicagotribune.com','11 Montana Terrace','(615) 5094544',127,1513,'Sindong','Entrega en local'),(267,110,1,'565 Randy Trail',0,0,1,'2022-04-14 00:00:00','Cynthia Merrall','cmerrall30@imdb.com','400 Fordem Parkway','(703) 7059245',81,897,'Sampaloc','Entrega en local'),(268,909,3,'5581 Springs Way',0,0,2,'2022-01-09 00:00:00','Twila Sporgeon','tsporgeonp7@hugedomains.com','8938 1st Way','(125) 5683514',173,3678,'Caqu','Entrega en local'),(269,580,3,'80207 Dakota Crossing',0,0,5,'2022-01-30 00:00:00','Ferdie Regardsoe','fregardsoeg2@ovh.net','114 Packers Alley','(130) 1133478',81,897,'Macachín','Entrega en local'),(270,18,2,'1810 Dennis Alley',0,0,3,'2022-02-14 00:00:00','Hewett Pavitt','hpavittg@google.it','5 Huxley Street','(349) 5786618',57,744,'Sada','Entrega en local'),(271,639,1,'1 Dakota Hill',0,0,5,'2022-08-23 00:00:00','Dode Cubbit','dcubbithp@mayoclinic.com','7580 Hayes Center','(800) 1233216',12,2023,'Nicoya','Entrega en local'),(272,47,1,'011 8th Point',0,0,5,'2022-01-22 00:00:00','Jamal Storek','jstorek19@qq.com','8 Longview Hill','(254) 4979127',112,141,'El Paso','Entrega en local'),(273,90,2,'5288 Emmet Circle',0,0,2,'2022-02-23 00:00:00','Franny Tattersall','ftattersall2g@census.gov','1429 Arkansas Road','(510) 7602778',179,3177,'?shkh?neh','Entrega en local'),(274,552,1,'38 Miller Drive',0,0,5,'2022-03-13 00:00:00','Arabele Ewenson','aewensonfa@ox.ac.uk','539 Thierer Terrace','(911) 7580538',161,288,'Gobernador Ingeniero Valentín Virasoro','Entrega en local'),(275,869,2,'8497 Prairie Rose Crossing',0,0,4,'2022-03-16 00:00:00','Fae Affleck','fafflecko3@nymag.com','10 Dahle Place','(983) 6647900',186,3756,'Cascavel','Entrega en local'),(276,913,3,'852 Victoria Parkway',0,0,4,'2022-05-27 00:00:00','Perren Wooler','pwoolerpb@webnode.com','83 Glendale Crossing','(757) 3179358',173,3678,'Moyogalpa','Entrega en local'),(277,517,2,'40 Hagan Lane',0,0,3,'2022-04-20 00:00:00','Terry Shapiro','tshapiroeb@goo.gl','2306 Kim Park','(319) 9620037',33,1216,'Novyy Oskol','Entrega en local'),(278,60,1,'25595 Trailsway Road',0,0,5,'2022-02-03 00:00:00','Etty Kruszelnicki','ekruszelnicki1m@house.gov','66 Forest Dale Avenue','(781) 5261473',219,3478,'?yse','Entrega en local'),(279,897,1,'15391 Blaine Lane',0,0,2,'2022-07-13 00:00:00','Lin Alaway','lalawayov@feedburner.com','10 Mendota Circle','(183) 1868541',225,2148,'Uruobo-Okija','Entrega en local'),(280,802,3,'6506 Grayhawk Point',0,0,3,'2022-03-16 00:00:00','Heddi Farre','hfarrem8@ucla.edu','709 Duke Way','(169) 3344837',161,288,'Xiongjia','Entrega en local'),(281,231,3,'16165 Forest Lane',0,0,2,'2022-06-06 00:00:00','Hans Ledur','hledur6d@sina.com.cn','9947 Forest Run Plaza','(822) 4007935',209,879,'Miami','Entrega en local'),(282,330,1,'099 Anhalt Point',0,0,4,'2022-03-23 00:00:00','Cliff Spellacey','cspellacey94@typepad.com','23 Oak Court','(512) 2626585',27,3375,'Huangtang','Entrega en local'),(283,42,3,'2 Dryden Plaza',0,0,2,'2022-03-28 00:00:00','Iorgos Lovelace','ilovelace14@usgs.gov','27 Pleasure Point','(231) 4989511',27,3375,'El Triunfo de la Cruz','Entrega en local'),(284,193,2,'59826 East Avenue',0,0,5,'2022-05-12 00:00:00','Cthrine Leavesley','cleavesley5b@gravatar.com','102 Larry Place','(910) 2877471',131,3082,'Hexi','Entrega en local'),(285,575,1,'703 Rusk Terrace',0,0,4,'2022-03-10 00:00:00','Bruis Barkway','bbarkwayfx@nsw.gov.au','643 Stuart Terrace','(895) 8523037',143,2580,'Shangshuai','Entrega en local'),(286,802,2,'45 Heath Drive',0,0,1,'2022-07-15 00:00:00','Heddi Farre','hfarrem8@ucla.edu','9 Vera Avenue','(169) 3344837',161,288,'Nikolsk','Entrega en local'),(287,651,3,'5218 Pierstorff Circle',0,0,4,'2022-02-26 00:00:00','Rina Moncreif','rmoncreifi1@npr.org','245 Northwestern Road','(150) 7231538',225,2148,'Longqiao','Entrega en local'),(288,466,3,'85 Darwin Place',0,0,3,'2022-01-27 00:00:00','Giraldo Wyvill','gwyvillcw@1und1.de','9 Pepper Wood Center','(818) 5757245',193,270,'Letlhakane','Entrega en local'),(289,250,3,'5233 Monterey Lane',0,0,5,'2022-02-23 00:00:00','Rustie Polland','rpolland6w@ibm.com','75498 Clarendon Court','(897) 8636819',94,2760,'Lagoa Santa','Entrega en local'),(290,190,3,'70609 Green Pass',0,0,3,'2022-05-12 00:00:00','Rab Raubheim','rraubheim58@4shared.com','61 Stone Corner Alley','(801) 4991933',40,2982,'Atap','Entrega en local'),(291,7,3,'01028 Pepper Wood Terrace',0,0,1,'2022-01-30 00:00:00','Belva Bolesma','bbolesma5@chicagotribune.com','6 Sheridan Terrace','(615) 5094544',127,1513,'Zhongdong','Entrega en local'),(292,761,1,'31 Hovde Street',0,0,1,'2022-06-03 00:00:00','Danyelle Kinnett','dkinnettl3@huffingtonpost.com','551 Hovde Avenue','(478) 4760582',224,2550,'Phra Phutthabat','Depacho en sitio'),(293,430,1,'09 Oak Valley Road',0,0,2,'2022-01-07 00:00:00','Towny Gallego','tgallegobw@mit.edu','646 Vermont Parkway','(447) 9434498',69,3555,'Mi?r?tah','Depacho en sitio'),(294,862,1,'1516 Buena Vista Trail',0,0,4,'2022-08-06 00:00:00','Burch Wallwood','bwallwoodnw@wired.com','742 Kingsford Alley','(790) 7855496',11,3634,'Yuannan','Depacho en sitio'),(295,396,2,'19 Everett Circle',0,0,3,'2022-07-25 00:00:00','Ricky Karpinski','rkarpinskiay@admin.ch','746 Hudson Crossing','(425) 7518995',142,3447,'He?man?v M?stec','Depacho en sitio'),(296,306,2,'5613 Nova Parkway',0,0,5,'2022-04-21 00:00:00','Dun Gallaher','dgallaher8g@youtu.be','11 Loftsgordon Drive','(839) 7524301',247,1951,'Oof','Depacho en sitio'),(297,213,1,'69326 La Follette Circle',0,0,5,'2022-01-02 00:00:00','Vasili Byard','vbyard5v@latimes.com','49062 Mitchell Way','(786) 6484868',192,58,'Herrera','Depacho en sitio'),(298,647,2,'377 Quincy Parkway',0,0,5,'2022-08-29 00:00:00','Kaleb Le Barre','klebarrehx@ed.gov','28515 Anzinger Park','(134) 3473341',22,1372,'Komsomolsk','Depacho en sitio'),(299,391,1,'5563 Quincy Alley',0,0,3,'2022-07-06 00:00:00','Herman Youd','hyoudat@51.la','17146 Russell Trail','(332) 7918324',159,940,'Qiansuo','Contraentrega'),(300,24,2,'8 Harper Lane',0,0,4,'2022-02-24 00:00:00','Michal Canavan','mcanavanm@ameblo.jp','13170 Mendota Lane','(371) 5482024',67,3438,'Wuyang','Contraentrega'),(301,149,1,'1439 Division Parkway',0,0,5,'2022-01-30 00:00:00','Sallyann Mangion','smangion43@booking.com','6695 Elgar Parkway','(636) 5436937',174,1269,'Paris 20','Contraentrega'),(302,447,2,'7801 Graedel Road',0,0,4,'2022-09-10 00:00:00','Berna Matisoff','bmatisoffcd@psu.edu','458 Superior Court','(215) 3069222',48,2874,'Tianzhu','Contraentrega'),(303,783,3,'0337 Oneill Point',0,0,2,'2022-02-21 00:00:00','Juieta Condy','jcondylp@angelfire.com','933 Dahle Plaza','(269) 6683303',82,3005,'Zhouzai','Contraentrega'),(304,688,2,'97770 Union Lane',0,0,3,'2022-05-20 00:00:00','Brandtr Fullom','bfullomj2@abc.net.au','4043 Ridgeview Crossing','(152) 4297753',119,978,'Hiroshima-shi','Contraentrega'),(305,256,2,'9 Moose Parkway',0,0,4,'2022-07-02 00:00:00','Crystal Troop','ctroop72@123-reg.co.uk','10 Blaine Street','(892) 7210573',14,3903,'Gastoúni','Depacho en sitio'),(306,291,1,'226 Marcy Parkway',0,0,1,'2022-08-19 00:00:00','Travus Sommersett','tsommersett81@shinystat.com','90618 Transport Park','(386) 9192088',186,3756,'Kaniów','Depacho en sitio'),(307,449,1,'1707 Golf View Court',0,0,3,'2022-01-30 00:00:00','Natalya Dagworthy','ndagworthycf@cbc.ca','4577 Northland Circle','(105) 6792821',63,4514,'Tulcán','Depacho en sitio'),(308,268,2,'474 Canary Street',0,0,5,'2022-03-08 00:00:00','Pavla Northill','pnorthill7e@blogger.com','94801 Northwestern Junction','(506) 1416844',248,3723,'Changning','Depacho en sitio'),(309,709,1,'6904 Hovde Street',0,0,3,'2022-08-19 00:00:00','Marketa Gasnoll','mgasnolljn@g.co','660 Kropf Parkway','(356) 9876473',18,1992,'Escazú','Contraentrega'),(310,377,3,'13 Loomis Circle',0,0,3,'2022-04-11 00:00:00','Roger Steels','rsteelsaf@meetup.com','97696 Texas Avenue','(841) 3199836',4,1098,'Suian','Contraentrega'),(311,640,3,'9592 Pine View Road',0,0,5,'2022-05-17 00:00:00','Loutitia Davidowich','ldavidowichhq@wunderground.com','26 American Lane','(936) 4990562',248,3723,'Slyudyanka','Contraentrega'),(312,190,1,'56 Old Shore Road',0,0,4,'2022-01-31 00:00:00','Rab Raubheim','rraubheim58@4shared.com','38348 Norway Maple Lane','(801) 4991933',40,2982,'Ust-Labinsk','Contraentrega'),(313,729,3,'18 8th Alley',0,0,2,'2022-04-29 00:00:00','Dexter Hacksby','dhacksbyk7@telegraph.co.uk','11 Westend Road','(535) 3088023',171,4830,'Gainesville','Contraentrega'),(314,229,2,'4647 8th Lane',0,0,5,'2022-07-12 00:00:00','Dana Melody','dmelody6b@samsung.com','9 Straubel Point','(772) 3007407',196,3711,'Sóc Tr?ng','Contraentrega'),(315,632,2,'17 Stone Corner Point',0,0,3,'2022-07-01 00:00:00','Orv Du Plantier','oduplantierhi@ucsd.edu','67327 Clove Street','(916) 4641564',109,820,'Zipárion','Contraentrega'),(316,974,1,'49314 Sunbrook Plaza',0,0,5,'2022-03-21 00:00:00','Randy Spaule','rspauler0@state.gov','97696 Texas Avenue','(826) 7307389',188,3384,'Kadipaten','Contraentrega'),(317,438,1,'915 Miller Parkway',0,0,4,'2022-04-21 00:00:00','Tiena Tomashov','ttomashovc4@homestead.com','26 American Lane','(513) 4604698',198,911,'Gujba','Contraentrega'),(318,730,1,'2 Vahlen Trail',0,0,2,'2022-07-30 00:00:00','Gisella Casewell','gcasewellk8@nih.gov','38348 Norway Maple Lane','(961) 5291699',156,2610,'Söderköping','Contraentrega'),(319,951,1,'10 Spohn Pass',0,0,5,'2022-05-24 00:00:00','Chick Stoacley','cstoacleyqd@nhs.uk','11 Westend Road','(669) 2578775',208,2787,'Khao Kho','Contraentrega'),(320,507,3,'4 Anderson Avenue',0,0,4,'2022-05-25 00:00:00','Dorene Ambroix','dambroixe1@wix.com','9 Straubel Point','(911) 4382756',12,2023,'Poitiers','Contraentrega'),(321,724,2,'286 Meadow Ridge Parkway',0,0,3,'2022-01-29 00:00:00','Hugh Dancey','hdanceyk2@apache.org','67327 Clove Street','(997) 7387443',240,3768,'Logroño','Contraentrega'),(322,149,3,'0 Badeau Terrace',0,0,1,'2022-03-24 00:00:00','Sallyann Mangion','smangion43@booking.com','9 Moland Drive','(636) 5436937',174,1269,'Medellín','Contraentrega'),(323,684,2,'0254 Swallow Point',0,0,1,'2022-08-17 00:00:00','Torie Victory','tvictoryiy@unblog.fr','10 Brown Road','(859) 1429413',108,3742,'Banjarjo','Contraentrega'),(324,989,1,'38 Delaware Junction',0,0,3,'2022-03-11 00:00:00','Curry Ffoulkes','cffoulkesrf@whitehouse.gov','79305 Mccormick Avenue','(296) 8440839',144,4360,'Naberezhnyye Chelny','Contraentrega'),(325,117,1,'0 Blue Bill Park Drive',0,0,3,'2022-06-18 00:00:00','Valencia Lodeke','vlodeke37@who.int','74285 Corscot Parkway','(389) 7974802',67,3438,'Itambé','Contraentrega'),(326,932,3,'05 Dixon Junction',0,0,4,'2022-08-03 00:00:00','Edythe Sherington','esheringtonpu@ovh.net','9 Claremont Lane','(327) 7274661',156,2610,'s-Hertogenbosch','Contraentrega'),(327,164,1,'86189 Londonderry Junction',0,0,3,'2022-08-14 00:00:00','Haleigh Summerell','hsummerell4i@hostgator.com','4 Michigan Trail','(669) 4040830',90,3657,'Rouen','Contraentrega'),(328,566,1,'9969 Westridge Parkway',0,0,3,'2022-01-06 00:00:00','Lion De Carlo','ldecarlofo@archive.org','687 Hanson Parkway','(703) 2273334',195,473,'Biny Selo','Contraentrega'),(329,756,3,'48 Sheridan Crossing',0,0,3,'2022-08-31 00:00:00','Chrotoem Carrier','ccarrierky@unesco.org','3 Towne Park','(355) 1099828',25,4860,'Niamtougou','Contraentrega'),(330,733,1,'74277 Armistice Hill',0,0,3,'2022-03-06 00:00:00','Giffer Vance','gvancekb@nifty.com','2494 Rieder Way','(966) 1103927',82,3005,'El Nido','Contraentrega'),(331,438,1,'56590 Eastwood Place',0,0,1,'2022-06-24 00:00:00','Tiena Tomashov','ttomashovc4@homestead.com','11 Morningstar Plaza','(513) 4604698',198,911,'Javarthushuu','Contraentrega'),(332,143,2,'22878 Forest Dale Hill',0,0,4,'2022-09-04 00:00:00','Cherri Nuscha','cnuscha3x@fema.gov','79615 Scoville Junction','(376) 9944774',161,288,'Minante Segundo','Contraentrega'),(333,470,1,'11734 Dennis Place',0,0,3,'2022-06-18 00:00:00','Cristobal Willan','cwilland0@techcrunch.com','67 Mifflin Court','(542) 8364603',43,3570,'Picungbera','Contraentrega'),(334,17,1,'31668 Lindbergh Way',0,0,1,'2022-07-25 00:00:00','Henrietta Crickett','hcrickettf@npr.org','11 Luster Alley','(931) 2648184',67,3438,'Sangesi','Contraentrega'),(335,163,3,'455 Pleasure Center',0,0,3,'2022-08-13 00:00:00','Mufinella Spivey','mspivey4h@blog.com','8678 Oakridge Parkway','(647) 8644876',75,4794,'Kemlya','Contraentrega'),(336,301,3,'2817 Clarendon Way',0,0,1,'2022-02-19 00:00:00','Angela Lingard','alingard8b@telegraph.co.uk','1075 Anthes Hill','(255) 6865677',195,473,'Garoua Boulaï','Contraentrega'),(337,41,2,'4230 Butternut Junction',0,0,3,'2022-01-16 00:00:00','Gladi Cartmale','gcartmale13@intel.com','1877 Mendota Parkway','(983) 4686139',119,978,'Porsgrunn','Contraentrega'),(338,493,3,'13 Glacier Hill Hill',0,0,2,'2022-07-11 00:00:00','Georgine Prebble','gprebbledn@pen.io','50246 Sutteridge Avenue','(172) 8485106',11,3634,'Tevriz','Contraentrega'),(339,703,3,'85052 Ryan Trail',0,0,2,'2022-01-22 00:00:00','Derick De la Eglise','ddelaeglisejh@webeden.co.uk','96429 Morningstar Avenue','(839) 5484116',33,1216,'Huilong','Contraentrega'),(340,609,3,'6870 Walton Avenue',0,0,2,'2022-04-07 00:00:00','Rakel Franzonello','rfranzonellogv@answers.com','3486 Jana Court','(314) 1352359',83,48,'Caucete','Contraentrega'),(341,494,2,'7516 Goodland Avenue',0,0,2,'2022-07-26 00:00:00','Barri Everly','beverlydo@dropbox.com','9 Clemons Way','(492) 1279110',124,2961,'Caçador','Contraentrega'),(342,83,3,'6652 Dwight Place',0,0,1,'2022-08-24 00:00:00','Wilt Filippone','wfilippone29@cnbc.com','31295 Eastwood Hill','(431) 6082037',54,2625,'Tegalwero','Entrega en local'),(343,696,2,'01 Kenwood Street',0,0,3,'2022-01-06 00:00:00','Ingaborg De Bruijn','idebruijnja@ning.com','629 Meadow Vale Avenue','(217) 1766682',106,1366,'Aba','Entrega en local'),(344,14,3,'06 Pepper Wood Place',0,0,5,'2022-01-06 00:00:00','Geri Figure','gfigurec@merriam-webster.com','5962 Spenser Center','(171) 7901299',94,2760,'Mishan','Entrega en local'),(345,81,3,'65 Esch Park',0,0,3,'2022-01-26 00:00:00','Mikey Walcot','mwalcot27@ebay.co.uk','80 Steensland Park','(662) 6403059',43,3570,'Gabès','Entrega en local'),(346,219,3,'0 Hintze Hill',0,0,3,'2022-03-27 00:00:00','Germain Bramstom','gbramstom61@baidu.com','6 Rusk Way','(305) 6808246',57,744,'Dapawan','Entrega en local'),(347,647,1,'0540 Kipling Plaza',0,0,2,'2022-05-10 00:00:00','Kaleb Le Barre','klebarrehx@ed.gov','34175 Upham Hill','(134) 3473341',22,1372,'Guarda Nova','Entrega en local'),(348,841,2,'136 Nevada Trail',0,0,3,'2022-02-06 00:00:00','Martynne Rentoll','mrentollnb@moonfruit.com','654 Utah Court','(249) 9837673',17,3593,'Créteil','Entrega en local'),(349,250,3,'280 1st Junction',0,0,1,'2022-07-22 00:00:00','Rustie Polland','rpolland6w@ibm.com','78 Morning Court','(897) 8636819',94,2760,'Dayr al Ghu??n','Entrega en local'),(350,617,2,'7 Pankratz Court',0,0,3,'2022-07-06 00:00:00','Beale Roll','brollh3@vistaprint.com','92529 Ilene Point','(436) 6511883',196,3711,'Villeta','Entrega en local'),(351,296,3,'73 Northridge Alley',0,0,5,'2022-07-08 00:00:00','Norrie Iacobucci','niacobucci86@blogger.com','2915 Barby Court','(596) 1806159',131,3082,'Yuqunweng','Entrega en local'),(352,588,1,'3 Roxbury Trail',0,0,2,'2022-03-07 00:00:00','Tana Jaray','tjarayga@nifty.com','12 Dawn Street','(247) 4946793',55,724,'Niepos','Entrega en local'),(353,947,3,'1791 Golf View Point',0,0,5,'2022-01-29 00:00:00','Ricky Biggin','rbigginq9@jimdo.com','74 Bartillon Road','(945) 9584264',198,911,'Duqiao','Entrega en local'),(354,519,2,'89933 Haas Center',0,0,2,'2022-06-24 00:00:00','Salaidh Saintpierre','ssaintpierreed@arizona.edu','94 Forest Way','(995) 9086211',213,1533,'Qümong','Entrega en local'),(355,524,2,'2497 Straubel Road',0,0,2,'2022-03-03 00:00:00','Franklin Halpine','fhalpineei@yellowpages.com','4341 Kingsford Pass','(664) 3464267',135,74,'Ganlin','Entrega en local'),(356,250,2,'17837 Elgar Place',0,0,4,'2022-04-26 00:00:00','Rustie Polland','rpolland6w@ibm.com','489 Esker Lane','(897) 8636819',94,2760,'Jaruco','Depacho en sitio'),(357,670,2,'885 Magdeline Alley',0,0,1,'2022-02-01 00:00:00','Conrado de Keep','cdekeepik@tumblr.com','908 Maple Parkway','(310) 8489704',80,2666,'Jianqiao','Depacho en sitio'),(358,283,1,'5 Burning Wood Parkway',0,0,2,'2022-02-27 00:00:00','Brit Pauly','bpauly7t@kickstarter.com','5 Monica Center','(307) 7739296',132,1935,'Sanqishi','Depacho en sitio'),(359,802,3,'0335 Fisk Center',0,0,2,'2022-02-17 00:00:00','Heddi Farre','hfarrem8@ucla.edu','80 Aberg Alley','(169) 3344837',161,288,'Banyuresmi','Depacho en sitio'),(360,492,1,'9 Stone Corner Point',0,0,3,'2022-08-24 00:00:00','Nicolette Raddon','nraddondm@wp.com','44 Loomis Parkway','(963) 8316649',7,212,'Tocumen','Depacho en sitio'),(361,121,1,'199 Garrison Court',0,0,2,'2022-04-24 00:00:00','Nickie Marchment','nmarchment3b@elpais.com','32005 Shopko Alley','(710) 8763669',83,48,'Longgao','Depacho en sitio'),(362,856,3,'0630 Donald Parkway',0,0,4,'2022-09-05 00:00:00','Broddie Cassar','bcassarnq@who.int','10 Morning Lane','(143) 3362132',11,3634,'Pak Phayun','Depacho en sitio'),(363,596,1,'9994 Vermont Center',0,0,5,'2022-05-10 00:00:00','Mikaela Spiller','mspillergi@histats.com','29 Lake View Place','(575) 6811535',10,3703,'Cruzeiro','Entrega en local'),(364,351,3,'263 Fordem Circle',0,0,1,'2022-05-10 00:00:00','Joellyn Eaglestone','jeaglestone9p@google.ca','12 Waxwing Hill','(190) 4167045',153,4654,'Limanowa','Entrega en local'),(365,146,2,'86 Northwestern Park',0,0,3,'2022-01-08 00:00:00','Hilary Blayd','hblayd40@umn.edu','12 Bluestem Drive','(332) 3716708',105,1069,'Sindong','Entrega en local'),(366,599,1,'05 Sutteridge Drive',0,0,2,'2022-05-25 00:00:00','Natassia Adkins','nadkinsgl@fotki.com','3 Fremont Point','(593) 2686147',62,4086,'Sampaloc','Entrega en local'),(367,250,1,'06 Grover Place',0,0,1,'2022-04-03 00:00:00','Rustie Polland','rpolland6w@ibm.com','5481 Namekagon Pass','(897) 8636819',94,2760,'Caqu','Entrega en local'),(368,59,1,'8 Springview Circle',0,0,4,'2022-04-02 00:00:00','Esta Scutts','escutts1l@barnesandnoble.com','557 Northland Circle','(372) 3396814',66,4127,'Macachín','Entrega en local'),(369,45,3,'2 Bobwhite Terrace',0,0,2,'2022-07-07 00:00:00','Hillary Maciocia','hmaciocia17@adobe.com','5799 Eagle Crest Point','(457) 9415944',145,4917,'Sada','Entrega en local'),(370,809,1,'093 Loftsgordon Plaza',0,0,4,'2022-06-20 00:00:00','Davine Zuann','dzuannmf@jalbum.net','16 Evergreen Alley','(525) 9436434',127,1513,'Nicoya','Entrega en local'),(371,161,2,'14 Melody Place',0,0,5,'2022-07-02 00:00:00','Balduin Bloore','bbloore4f@com.com','12 Montana Terrace','(115) 4398369',214,1639,'El Paso','Entrega en local'),(372,412,3,'516 Northport Terrace',0,0,5,'2022-01-12 00:00:00','Carmen Whyteman','cwhytemanbe@webeden.co.uk','401 Fordem Parkway','(424) 3088330',114,1830,'?shkh?neh','Entrega en local'),(373,58,2,'5 Birchwood Junction',0,0,4,'2022-08-26 00:00:00','Demetri Wardel','dwardel1k@soundcloud.com','8939 1st Way','(609) 1482124',219,3478,'Gobernador Ingeniero Valentín Virasoro','Entrega en local'),(374,461,2,'0 Amoth Lane',0,0,2,'2022-01-02 00:00:00','Lory Mapholm','lmapholmcr@hatena.ne.jp','115 Packers Alley','(613) 6236574',158,4059,'Cascavel','Entrega en local'),(375,68,3,'1 Hoffman Road',0,0,2,'2022-03-09 00:00:00','Suzanne Cansdill','scansdill1u@ucoz.com','6 Huxley Street','(817) 7128331',69,3555,'Moyogalpa','Entrega en local'),(376,907,3,'3 Scoville Way',0,0,2,'2022-07-20 00:00:00','Lowell Cranfield','lcranfieldp5@storify.com','7581 Hayes Center','(683) 1104239',195,473,'Novyy Oskol','Entrega en local'),(377,422,2,'723 Maryland Park',0,0,4,'2022-06-23 00:00:00','Isac Klimpt','iklimptbo@skyrock.com','9 Longview Hill','(629) 2422972',74,1493,'?yse','Entrega en local'),(378,484,1,'60 Glendale Place',0,0,1,'2022-04-13 00:00:00','Simone Gallahue','sgallahuede@cnn.com','1430 Arkansas Road','(753) 3674309',135,74,'Uruobo-Okija','Entrega en local'),(379,754,3,'9 Ronald Regan Point',0,0,1,'2022-07-13 00:00:00','Jarrod Heathorn','jheathornkw@narod.ru','540 Thierer Terrace','(161) 1270315',192,58,'Xiongjia','Entrega en local'),(380,451,3,'48 Bluestem Terrace',0,0,1,'2022-03-16 00:00:00','Nana Jonke','njonkech@ycombinator.com','11 Dahle Place','(684) 3652757',114,1830,'Miami','Entrega en local'),(381,742,3,'0631 Forest Park',0,0,2,'2022-06-01 00:00:00','Deirdre Songest','dsongestkk@mayoclinic.com','84 Glendale Crossing','(175) 5170592',207,1146,'Huangtang','Entrega en local'),(382,821,1,'91887 Hayes Pass',0,0,4,'2022-05-31 00:00:00','Aubrey McRory','amcrorymr@umn.edu','2307 Kim Park','(157) 5959356',18,1992,'El Triunfo de la Cruz','Entrega en local'),(383,337,2,'86 Moose Hill',0,0,5,'2022-09-06 00:00:00','Korie Chesshyre','kchesshyre9b@ovh.net','67 Forest Dale Avenue','(641) 4485995',83,48,'Hexi','Entrega en local'),(384,317,3,'30 Oak Valley Terrace',0,0,1,'2022-03-25 00:00:00','Junina Casperri','jcasperri8r@tinyurl.com','11 Mendota Circle','(986) 2989826',6,487,'Shangshuai','Entrega en local'),(385,145,1,'9933 Utah Alley',0,0,5,'2022-07-19 00:00:00','Malina Hobden','mhobden3z@amazon.com','710 Duke Way','(747) 7718202',11,3634,'Nikolsk','Entrega en local'),(386,652,3,'7 Jana Avenue',0,0,4,'2022-04-20 00:00:00','Jacky Regina','jreginai2@baidu.com','9948 Forest Run Plaza','(534) 1031500',129,640,'Longqiao','Entrega en local'),(387,873,2,'71 Raven Trail',0,0,1,'2022-08-23 00:00:00','Elsbeth Camp','ecampo7@liveinternet.ru','24 Oak Court','(964) 8390548',90,3657,'Letlhakane','Entrega en local'),(388,301,2,'559 Havey Parkway',0,0,2,'2022-01-01 00:00:00','Angela Lingard','alingard8b@telegraph.co.uk','28 Pleasure Point','(255) 6865677',195,473,'Lagoa Santa','Entrega en local'),(389,830,2,'564 Jenifer Park',0,0,3,'2022-05-02 00:00:00','Jacquette Cleminshaw','jcleminshawn0@imdb.com','103 Larry Place','(516) 9076084',217,3397,'Atap','Entrega en local'),(390,167,1,'621 Carberry Terrace',0,0,3,'2022-05-09 00:00:00','Odilia Buyers','obuyers4l@virginia.edu','644 Stuart Terrace','(837) 2404754',173,3678,'Zhongdong','Entrega en local'),(391,635,3,'58766 Main Parkway',0,0,5,'2022-08-16 00:00:00','Dave Jaumet','djaumethl@weather.com','10 Vera Avenue','(922) 4159330',220,2575,'Phra Phutthabat','Depacho en sitio'),(392,378,2,'63026 Mcbride Lane',0,0,4,'2022-01-03 00:00:00','Celestia Shipton','cshiptonag@sphinn.com','246 Northwestern Road','(301) 2336136',62,4086,'Mi?r?tah','Depacho en sitio'),(393,247,1,'26 Hanover Center',0,0,1,'2022-06-15 00:00:00','Leon Skevington','lskevington6t@usa.gov','10 Pepper Wood Center','(573) 6194072',63,4514,'Yuannan','Depacho en sitio'),(394,972,1,'4 Moland Junction',0,0,3,'2022-05-19 00:00:00','Hewett Dennistoun','hdennistounqy@typepad.com','75498 Clarendon Court','(374) 2526711',217,3397,'He?man?v M?stec','Depacho en sitio'),(395,835,2,'117 Carpenter Trail',0,0,5,'2022-04-02 00:00:00','Dur MacConnechie','dmacconnechien5@ycombinator.com','62 Stone Corner Alley','(880) 7687495',18,1992,'Oof','Depacho en sitio'),(396,536,2,'594 Sugar Court',0,0,5,'2022-05-15 00:00:00','Halsey Arthy','harthyeu@shinystat.com','7 Sheridan Terrace','(602) 4497995',58,4542,'Herrera','Depacho en sitio'),(397,701,1,'57317 Dovetail Circle',0,0,1,'2022-05-21 00:00:00','Jemimah Gotobed','jgotobedjf@csmonitor.com','552 Hovde Avenue','(220) 5423329',186,3756,'Komsomolsk','Depacho en sitio'),(398,910,2,'96 Mayer Lane',0,0,4,'2022-04-05 00:00:00','Garnet Wolledge','gwolledgep8@thetimes.co.uk','647 Vermont Parkway','(623) 8359807',196,3711,'Qiansuo','Contraentrega'),(399,882,3,'7192 Old Gate Lane',0,0,3,'2022-07-02 00:00:00','Kristian Gomme','kgommeog@bluehost.com','743 Kingsford Alley','(964) 9399395',215,2934,'Wuyang','Contraentrega'),(400,282,2,'2 High Crossing Drive',0,0,2,'2022-02-12 00:00:00','Lyell Allingham','lallingham7s@amazon.com','747 Hudson Crossing','(514) 2480727',231,3390,'Paris 21','Contraentrega'),(401,539,3,'0833 Oxford Avenue',0,0,3,'2022-04-28 00:00:00','Hannis Danat','hdanatex@goo.gl','12 Loftsgordon Drive','(584) 4748963',173,3678,'Tianzhu','Contraentrega'),(402,623,1,'5 Hanover Trail',0,0,3,'2022-03-14 00:00:00','Alyda Cohan','acohanh9@virginia.edu','49063 Mitchell Way','(242) 4447697',196,3711,'Zhouzai','Contraentrega'),(403,658,1,'52171 Waywood Street',0,0,1,'2022-02-21 00:00:00','Karlotte Hynd','khyndi8@dot.gov','28516 Anzinger Park','(936) 4331251',69,3555,'Hiroshima-shi','Contraentrega'),(404,589,3,'487 Weeping Birch Road',0,0,3,'2022-05-30 00:00:00','Gerardo Cholerton','gcholertongb@elpais.com','17147 Russell Trail','(997) 3107362',28,460,'Gastoúni','Depacho en sitio'),(405,207,2,'8343 Columbus Circle',0,0,3,'2022-08-12 00:00:00','Hattie Hartly','hhartly5p@t-online.de','13171 Mendota Lane','(376) 4327775',213,1533,'Kaniów','Depacho en sitio'),(406,301,2,'8704 Basil Plaza',0,0,5,'2022-06-05 00:00:00','Angela Lingard','alingard8b@telegraph.co.uk','6696 Elgar Parkway','(255) 6865677',195,473,'Tulcán','Depacho en sitio'),(407,460,1,'9383 Eggendart Street',0,0,2,'2022-06-16 00:00:00','Henka Sanson','hsansoncq@qq.com','459 Superior Court','(545) 9856893',182,1833,'Changning','Depacho en sitio'),(408,655,1,'34293 Fuller Junction',0,0,5,'2022-08-24 00:00:00','Correy Dight','cdighti5@mit.edu','934 Dahle Plaza','(934) 7040479',248,3723,'Escazú','Contraentrega'),(409,459,3,'337 Twin Pines Lane',0,0,5,'2022-07-05 00:00:00','Sibyl Antognelli','santognellicp@joomla.org','4044 Ridgeview Crossing','(427) 5473868',85,2095,'Suian','Contraentrega'),(410,219,1,'7 Quincy Road',0,0,3,'2022-02-26 00:00:00','Germain Bramstom','gbramstom61@baidu.com','11 Blaine Street','(305) 6808246',57,744,'Slyudyanka','Contraentrega'),(411,595,1,'1 Judy Avenue',0,0,4,'2022-01-29 00:00:00','Rex Mertsching','rmertschinggh@netvibes.com','90618 Transport Park','(317) 1933643',81,897,'Ust-Labinsk','Contraentrega'),(412,938,2,'99 Schmedeman Street',0,0,4,'2022-04-08 00:00:00','Lindy Sanbroke','lsanbrokeq0@virginia.edu','4578 Northland Circle','(812) 2874077',143,2580,'Gainesville','Contraentrega'),(413,448,3,'81047 Vernon Avenue',0,0,2,'2022-01-11 00:00:00','Raf Hartshorn','rhartshornce@deliciousdays.com','94801 Northwestern Junction','(408) 3572416',210,2839,'Sóc Tr?ng','Contraentrega'),(414,742,1,'4502 Hallows Trail',0,0,5,'2022-08-15 00:00:00','Deirdre Songest','dsongestkk@mayoclinic.com','661 Kropf Parkway','(175) 5170592',207,1146,'Zipárion','Contraentrega'),(415,115,2,'83 Morningstar Crossing',0,0,2,'2022-07-12 00:00:00','Jori Brahmer','jbrahmer35@technorati.com','97696 Texas Avenue','(181) 6183108',43,3570,'Kadipaten','Contraentrega'),(416,202,1,'0 Hoffman Drive',0,0,4,'2022-07-03 00:00:00','Jeniffer Grinyer','jgrinyer5k@chicagotribune.com','27 American Lane','(549) 1985239',222,3911,'Gujba','Contraentrega'),(417,609,3,'901 Hagan Road',0,0,1,'2022-06-18 00:00:00','Rakel Franzonello','rfranzonellogv@answers.com','38349 Norway Maple Lane','(314) 1352359',83,48,'Söderköping','Contraentrega'),(418,779,3,'605 Messerschmidt Alley',0,0,5,'2022-08-26 00:00:00','Creighton Houlworth','choulworthll@ustream.tv','12 Westend Road','(398) 2487372',79,2723,'Khao Kho','Contraentrega'),(419,62,2,'3399 Birchwood Place',0,0,2,'2022-04-17 00:00:00','Decca Welburn','dwelburn1o@blog.com','10 Straubel Point','(414) 6906347',159,940,'Poitiers','Contraentrega'),(420,802,1,'97 Columbus Plaza',0,0,1,'2022-09-07 00:00:00','Heddi Farre','hfarrem8@ucla.edu','67327 Clove Street','(169) 3344837',161,288,'Logroño','Contraentrega'),(421,324,1,'76229 Dixon Circle',0,0,1,'2022-04-29 00:00:00','Isabelita Sweeting','isweeting8y@etsy.com','97696 Texas Avenue','(362) 9693721',73,1916,'Medellín','Contraentrega'),(422,114,3,'84465 Hovde Junction',0,0,5,'2022-03-23 00:00:00','Mylo Botwood','mbotwood34@dell.com','27 American Lane','(285) 3877322',172,2770,'Banjarjo','Contraentrega'),(423,924,3,'7 Michigan Plaza',0,0,3,'2022-06-22 00:00:00','Tarah Beningfield','tbeningfieldpm@phoca.cz','38349 Norway Maple Lane','(284) 5199536',10,3703,'Naberezhnyye Chelny','Contraentrega'),(424,219,1,'0 Jenifer Park',0,0,2,'2022-02-26 00:00:00','Germain Bramstom','gbramstom61@baidu.com','12 Westend Road','(305) 6808246',57,744,'Itambé','Contraentrega'),(425,940,2,'306 Marcy Center',0,0,3,'2022-04-27 00:00:00','Benita McMoyer','bmcmoyerq2@toplist.cz','10 Straubel Point','(858) 9851600',186,3756,'s-Hertogenbosch','Contraentrega'),(426,661,1,'60741 Elka Park',0,0,2,'2022-04-16 00:00:00','Rosaline Walhedd','rwalheddib@instagram.com','67327 Clove Street','(332) 5097035',195,473,'Rouen','Contraentrega'),(427,760,2,'14 Commercial Pass',0,0,5,'2022-02-03 00:00:00','Ethelred Lamming','elammingl2@reddit.com','10 Moland Drive','(586) 5568731',142,3447,'Biny Selo','Contraentrega'),(428,727,3,'70 Express Crossing',0,0,1,'2022-05-31 00:00:00','Corie Lernihan','clernihank5@amazon.co.jp','11 Brown Road','(296) 5095633',36,3185,'Niamtougou','Contraentrega'),(429,829,2,'9778 Randy Circle',0,0,3,'2022-02-02 00:00:00','Mitzi Bernt','mberntmz@shop-pro.jp','79305 Mccormick Avenue','(870) 3051369',108,3742,'El Nido','Contraentrega'),(430,539,2,'5978 Wayridge Drive',0,0,2,'2022-02-15 00:00:00','Hannis Danat','hdanatex@goo.gl','74285 Corscot Parkway','(584) 4748963',173,3678,'Javarthushuu','Contraentrega'),(431,516,1,'25293 Grim Trail',0,0,4,'2022-02-11 00:00:00','Malva Applin','mapplinea@utexas.edu','10 Claremont Lane','(988) 2967400',203,915,'Minante Segundo','Contraentrega'),(432,824,2,'1507 Michigan Pass',0,0,5,'2022-01-26 00:00:00','Jarrett Buggs','jbuggsmu@amazon.co.jp','5 Michigan Trail','(563) 4431268',43,3570,'Picungbera','Contraentrega'),(433,292,3,'16530 Oak Valley Center',0,0,5,'2022-01-14 00:00:00','Jacynth Seargeant','jseargeant82@addtoany.com','688 Hanson Parkway','(855) 5891606',216,3402,'Sangesi','Contraentrega'),(434,224,3,'4270 Fairview Way',0,0,2,'2022-02-23 00:00:00','Adrian Fairey','afairey66@blogtalkradio.com','4 Towne Park','(823) 9148347',203,915,'Kemlya','Contraentrega'),(435,298,2,'06340 Texas Alley',0,0,3,'2022-02-24 00:00:00','Marsha Burgis','mburgis88@chicagotribune.com','2495 Rieder Way','(120) 1954559',186,3756,'Garoua Boulaï','Contraentrega'),(436,137,2,'248 Lakewood Gardens Place',0,0,2,'2022-06-10 00:00:00','Kenon Rubbert','krubbert3r@dot.gov','12 Morningstar Plaza','(364) 5652058',25,4860,'Porsgrunn','Contraentrega'),(437,580,1,'7237 Hooker Plaza',0,0,2,'2022-06-09 00:00:00','Ferdie Regardsoe','fregardsoeg2@ovh.net','79615 Scoville Junction','(130) 1133478',81,897,'Tevriz','Contraentrega'),(438,254,3,'256 Ludington Place',0,0,2,'2022-03-06 00:00:00','Penni Oakland','poakland70@issuu.com','68 Mifflin Court','(488) 5768292',171,4830,'Huilong','Contraentrega'),(439,681,1,'6814 Mcbride Court',0,0,1,'2022-05-09 00:00:00','Zackariah Kezor','zkezoriv@tumblr.com','12 Luster Alley','(417) 9058106',174,1269,'Caucete','Contraentrega'),(440,514,2,'2871 Little Fleur Plaza',0,0,4,'2022-02-25 00:00:00','Amitie Cordero','acorderoe8@xing.com','8679 Oakridge Parkway','(735) 1521114',73,1916,'Caçador','Contraentrega'),(441,802,1,'6862 Kipling Terrace',0,0,3,'2022-05-11 00:00:00','Heddi Farre','hfarrem8@ucla.edu','1076 Anthes Hill','(169) 3344837',161,288,'Tegalwero','Entrega en local'),(442,358,3,'36775 Sloan Trail',0,0,3,'2022-03-29 00:00:00','Salomon Ginnety','sginnety9w@kickstarter.com','1878 Mendota Parkway','(691) 6326232',166,3047,'Aba','Entrega en local'),(443,137,1,'7 Ridgeway Lane',0,0,3,'2022-07-12 00:00:00','Kenon Rubbert','krubbert3r@dot.gov','50247 Sutteridge Avenue','(364) 5652058',25,4860,'Mishan','Entrega en local'),(444,760,1,'3926 Towne Crossing',0,0,2,'2022-07-23 00:00:00','Ethelred Lamming','elammingl2@reddit.com','96429 Morningstar Avenue','(586) 5568731',142,3447,'Gabès','Entrega en local'),(445,684,3,'98124 Monument Plaza',0,0,2,'2022-04-08 00:00:00','Torie Victory','tvictoryiy@unblog.fr','3487 Jana Court','(859) 1429413',108,3742,'Dapawan','Entrega en local'),(446,761,3,'82150 Waywood Way',0,0,2,'2022-06-05 00:00:00','Danyelle Kinnett','dkinnettl3@huffingtonpost.com','10 Clemons Way','(478) 4760582',224,2550,'Guarda Nova','Entrega en local'),(447,224,3,'1 Mitchell Point',0,0,1,'2022-08-18 00:00:00','Adrian Fairey','afairey66@blogtalkradio.com','31296 Eastwood Hill','(823) 9148347',203,915,'Créteil','Entrega en local'),(448,885,3,'63142 Quincy Alley',0,0,3,'2022-06-11 00:00:00','Shepard Bogaert','sbogaertoj@nymag.com','630 Meadow Vale Avenue','(807) 3098963',188,3384,'Dayr al Ghu??n','Entrega en local'),(449,420,1,'8923 Melody Circle',0,0,1,'2022-05-20 00:00:00','Yoko Archell','yarchellbm@woothemes.com','5963 Spenser Center','(435) 4118257',223,3353,'Villeta','Entrega en local'),(450,231,1,'1 Gerald Way',0,0,1,'2022-07-14 00:00:00','Hans Ledur','hledur6d@sina.com.cn','81 Steensland Park','(822) 4007935',209,879,'Yuqunweng','Entrega en local'),(451,332,2,'9 Norway Maple Point',0,0,2,'2022-06-06 00:00:00','Stanford Moule','smoule96@wikimedia.org','7 Rusk Way','(574) 7235812',40,2982,'Niepos','Entrega en local'),(452,245,3,'9566 Menomonie Alley',0,0,3,'2022-01-24 00:00:00','Veronike Palatini','vpalatini6r@istockphoto.com','34176 Upham Hill','(553) 9660887',181,4720,'Duqiao','Entrega en local'),(453,576,1,'2 Stone Corner Hill',0,0,1,'2022-01-18 00:00:00','Aaron Van Hesteren','avanhesterenfy@mapquest.com','655 Utah Court','(239) 9968364',222,3911,'Qümong','Entrega en local'),(454,471,2,'7828 Mifflin Junction',0,0,5,'2022-08-01 00:00:00','Michal Agnew','magnewd1@pcworld.com','79 Morning Court','(513) 2824521',92,2672,'Ganlin','Entrega en local'),(455,687,1,'48 Jay Center',0,0,3,'2022-05-04 00:00:00','Anna-diane Cliffe','acliffej1@cpanel.net','92529 Ilene Point','(273) 5622077',199,4649,'Jaruco','Depacho en sitio'),(456,796,1,'942 Crest Line Pass',0,0,5,'2022-01-28 00:00:00','Terrijo Scrivens','tscrivensm2@reverbnation.com','2916 Barby Court','(155) 5529296',68,3424,'Jianqiao','Depacho en sitio'),(457,283,3,'1 Gina Point',0,0,1,'2022-07-15 00:00:00','Brit Pauly','bpauly7t@kickstarter.com','13 Dawn Street','(307) 7739296',132,1935,'Sanqishi','Depacho en sitio'),(458,446,1,'51503 Cambridge Point',0,0,4,'2022-06-17 00:00:00','Nadya Landall','nlandallcc@istockphoto.com','75 Bartillon Road','(786) 8611063',176,1622,'Banyuresmi','Depacho en sitio'),(459,631,3,'6290 School Street',0,0,4,'2022-07-06 00:00:00','Leeann Buche','lbuchehh@plala.or.jp','95 Forest Way','(254) 7671549',208,2787,'Tocumen','Depacho en sitio'),(460,42,2,'95371 Emmet Lane',0,0,3,'2022-03-08 00:00:00','Iorgos Lovelace','ilovelace14@usgs.gov','4342 Kingsford Pass','(231) 4989511',27,3375,'Longgao','Depacho en sitio'),(461,993,1,'5241 Novick Drive',0,0,4,'2022-02-03 00:00:00','Floyd Bardey','fbardeyrj@soundcloud.com','490 Esker Lane','(982) 9575829',216,3402,'Pak Phayun','Depacho en sitio'),(462,873,2,'6 Lerdahl Parkway',0,0,2,'2022-04-11 00:00:00','Elsbeth Camp','ecampo7@liveinternet.ru','909 Maple Parkway','(964) 8390548',90,3657,'Cruzeiro','Entrega en local'),(463,160,1,'6629 Summer Ridge Point',0,0,2,'2022-08-14 00:00:00','Katina Flancinbaum','kflancinbaum4e@discovery.com','6 Monica Center','(462) 2221029',90,3657,'Limanowa','Entrega en local'),(464,458,2,'9 Manufacturers Park',0,0,1,'2022-08-23 00:00:00','Mellisa Leggon','mleggonco@marriott.com','81 Aberg Alley','(718) 3116480',43,3570,'Sindong','Entrega en local'),(465,673,2,'6 Birchwood Crossing',0,0,4,'2022-06-03 00:00:00','Gerrie Cowmeadow','gcowmeadowin@timesonline.co.uk','45 Loomis Parkway','(876) 7169862',108,3742,'Sampaloc','Entrega en local'),(466,799,3,'93416 Coleman Trail',0,0,3,'2022-09-06 00:00:00','Donn aManger','damangerm5@squarespace.com','32006 Shopko Alley','(294) 9012161',222,3911,'Caqu','Entrega en local'),(467,70,2,'1869 Brown Center',0,0,1,'2022-02-06 00:00:00','Karel Denyer','kdenyer1w@about.com','11 Morning Lane','(525) 2884605',20,1220,'Macachín','Entrega en local'),(468,749,2,'14862 Graceland Point',0,0,3,'2022-03-06 00:00:00','Rubi Bamlet','rbamletkr@instagram.com','30 Lake View Place','(131) 9134629',48,2874,'Sada','Entrega en local'),(469,809,3,'49642 Village Pass',0,0,2,'2022-02-13 00:00:00','Davine Zuann','dzuannmf@jalbum.net','13 Waxwing Hill','(525) 9436434',127,1513,'Nicoya','Entrega en local'),(470,657,1,'40 Cambridge Plaza',0,0,1,'2022-01-24 00:00:00','Gusti Maypes','gmaypesi7@t-online.de','13 Bluestem Drive','(846) 2912530',171,4830,'El Paso','Entrega en local'),(471,22,1,'697 8th Crossing',0,0,1,'2022-02-16 00:00:00','Uta Kirstein','ukirsteink@tiny.cc','4 Fremont Point','(571) 7295730',121,2281,'?shkh?neh','Entrega en local'),(472,993,2,'03 Namekagon Drive',0,0,1,'2022-04-09 00:00:00','Floyd Bardey','fbardeyrj@soundcloud.com','5482 Namekagon Pass','(982) 9575829',216,3402,'Gobernador Ingeniero Valentín Virasoro','Entrega en local'),(473,411,2,'67 Haas Point',0,0,4,'2022-02-11 00:00:00','Roz Hazard','rhazardbd@sphinn.com','558 Northland Circle','(503) 1431545',93,2712,'Cascavel','Entrega en local'),(474,413,3,'758 Maple Pass',0,0,3,'2022-02-28 00:00:00','Lon Harfleet','lharfleetbf@psu.edu','5800 Eagle Crest Point','(547) 3603890',103,3916,'Moyogalpa','Entrega en local'),(475,808,3,'464 Saint Paul Center',0,0,1,'2022-08-05 00:00:00','Lorena Mattusov','lmattusovme@drupal.org','17 Evergreen Alley','(112) 5319876',67,3438,'Novyy Oskol','Entrega en local'),(476,453,3,'522 Division Plaza',0,0,3,'2022-07-25 00:00:00','Adelaide Winkell','awinkellcj@ebay.co.uk','13 Montana Terrace','(766) 8366280',69,3555,'?yse','Entrega en local'),(477,199,3,'2449 Bowman Center',0,0,2,'2022-03-14 00:00:00','Giulietta Foulis','gfoulis5h@joomla.org','402 Fordem Parkway','(818) 4903042',179,3177,'Uruobo-Okija','Entrega en local'),(478,863,3,'39 Straubel Point',0,0,4,'2022-04-06 00:00:00','Bernetta Bratcher','bbratchernx@utexas.edu','8940 1st Way','(477) 5192601',90,3657,'Xiongjia','Entrega en local'),(479,160,2,'13 Clove Way',0,0,2,'2022-06-15 00:00:00','Katina Flancinbaum','kflancinbaum4e@discovery.com','116 Packers Alley','(462) 2221029',90,3657,'Miami','Entrega en local'),(480,20,1,'14200 Warner Alley',0,0,4,'2022-04-28 00:00:00','Ferne Clemencet','fclemenceti@ow.ly','7 Huxley Street','(926) 1707437',213,1533,'Huangtang','Entrega en local'),(481,929,1,'4 Brentwood Avenue',0,0,2,'2022-07-11 00:00:00','Irving Cornejo','icornejopr@opera.com','7582 Hayes Center','(620) 5237486',150,3327,'El Triunfo de la Cruz','Entrega en local'),(482,81,3,'21 Eastwood Parkway',0,0,3,'2022-07-03 00:00:00','Mikey Walcot','mwalcot27@ebay.co.uk','10 Longview Hill','(662) 6403059',43,3570,'Hexi','Entrega en local'),(483,824,2,'4056 Ridge Oak Junction',0,0,4,'2022-04-21 00:00:00','Jarrett Buggs','jbuggsmu@amazon.co.jp','1431 Arkansas Road','(563) 4431268',43,3570,'Shangshuai','Entrega en local'),(484,971,1,'7088 Forest Run Park',0,0,3,'2022-01-16 00:00:00','Genna Presidey','gpresideyqx@exblog.jp','541 Thierer Terrace','(604) 5395739',196,3711,'Nikolsk','Entrega en local'),(485,731,1,'56921 Mitchell Lane',0,0,5,'2022-01-22 00:00:00','Lonna Phippard','lphippardk9@seattletimes.com','12 Dahle Place','(412) 3534177',67,3438,'Longqiao','Entrega en local'),(486,214,3,'5 Mccormick Trail',0,0,4,'2022-09-07 00:00:00','Daron Ivery','divery5w@harvard.edu','85 Glendale Crossing','(934) 8782368',10,3703,'Letlhakane','Entrega en local'),(487,104,1,'2 Rigney Circle',0,0,3,'2022-06-14 00:00:00','Lauretta Hobgen','lhobgen2u@example.com','2308 Kim Park','(717) 9416441',43,3570,'Lagoa Santa','Entrega en local'),(488,27,3,'6476 Lakeland Place',0,0,5,'2022-04-08 00:00:00','Clare Garbar','cgarbarp@google.com.hk','68 Forest Dale Avenue','(741) 8514180',97,4041,'Atap','Entrega en local'),(489,307,1,'00 Sage Parkway',0,0,2,'2022-01-17 00:00:00','Forrest Fihelly','ffihelly8h@yahoo.co.jp','12 Mendota Circle','(754) 3274207',186,3756,'Zhongdong','Entrega en local'),(490,768,3,'369 Mandrake Avenue',0,0,1,'2022-09-05 00:00:00','Floris Eliaz','feliazla@sbwire.com','711 Duke Way','(103) 8182027',107,1664,'Phra Phutthabat','Depacho en sitio'),(491,870,2,'2 Maryland Alley',0,0,5,'2022-06-29 00:00:00','Talyah Barringer','tbarringero4@msu.edu','9949 Forest Run Plaza','(989) 8765061',101,4006,'Mi?r?tah','Depacho en sitio'),(492,598,1,'8 Mcguire Street',0,0,2,'2022-06-02 00:00:00','Chen Armsby','carmsbygk@unesco.org','25 Oak Court','(740) 5395005',149,3265,'Yuannan','Depacho en sitio'),(493,447,2,'21 Sycamore Road',0,0,4,'2022-09-05 00:00:00','Berna Matisoff','bmatisoffcd@psu.edu','29 Pleasure Point','(215) 3069222',48,2874,'He?man?v M?stec','Depacho en sitio'),(494,631,2,'78928 Judy Junction',0,0,5,'2022-06-29 00:00:00','Leeann Buche','lbuchehh@plala.or.jp','104 Larry Place','(254) 7671549',208,2787,'Oof','Depacho en sitio'),(495,230,3,'3883 Clemons Drive',0,0,2,'2022-01-13 00:00:00','Lucienne Skerme','lskerme6c@myspace.com','645 Stuart Terrace','(379) 6710125',158,4059,'Herrera','Depacho en sitio'),(496,134,3,'318 Graceland Drive',0,0,3,'2022-06-29 00:00:00','Kristin McCarty','kmccarty3o@networkadvertising.org','11 Vera Avenue','(578) 5822121',17,3593,'Komsomolsk','Depacho en sitio'),(497,980,3,'0324 Sachs Park',0,0,4,'2022-01-22 00:00:00','Ingeborg Blackmoor','iblackmoorr6@ebay.com','247 Northwestern Road','(826) 8280213',160,67,'Qiansuo','Contraentrega'),(498,811,2,'5380 Delladonna Drive',0,0,3,'2022-02-02 00:00:00','Daniela Melia','dmeliamh@mozilla.com','11 Pepper Wood Center','(520) 5892874',53,1209,'Wuyang','Contraentrega'),(499,916,2,'7 Clove Trail',0,0,1,'2022-06-23 00:00:00','Giavani Neames','gneamespe@studiopress.com','75498 Clarendon Court','(776) 8940319',95,4117,'Paris 22','Contraentrega'),(500,72,2,'762 Clemons Circle',0,0,5,'2022-08-02 00:00:00','Wiley Bulbeck','wbulbeck1y@amazon.com','63 Stone Corner Alley','(998) 9869288',69,3555,'Tianzhu','Contraentrega'),(501,536,3,'99 Summer Ridge Park',0,0,5,'2022-02-24 00:00:00','Halsey Arthy','harthyeu@shinystat.com','8 Sheridan Terrace','(602) 4497995',58,4542,'Zhouzai','Contraentrega'),(502,836,2,'65201 Loomis Pass',0,0,3,'2022-07-14 00:00:00','Lily Brittle','lbrittlen6@flickr.com','553 Hovde Avenue','(938) 3564069',98,4883,'Hiroshima-shi','Contraentrega'),(503,133,1,'26 Becker Crossing',0,0,4,'2022-04-13 00:00:00','Solomon Esseby','sesseby3n@vkontakte.ru','648 Vermont Parkway','(974) 1766314',197,494,'Gastoúni','Depacho en sitio'),(504,374,3,'14835 Canary Alley',0,0,2,'2022-05-23 00:00:00','Waiter Heritege','wheritegeac@uiuc.edu','744 Kingsford Alley','(772) 4632768',224,2550,'Kaniów','Depacho en sitio'),(505,617,1,'743 Homewood Court',0,0,3,'2022-06-08 00:00:00','Beale Roll','brollh3@vistaprint.com','748 Hudson Crossing','(436) 6511883',196,3711,'Tulcán','Depacho en sitio'),(506,100,2,'63 Oak Pass',0,0,1,'2022-04-26 00:00:00','Franz Tortoise','ftortoise2q@dropbox.com','13 Loftsgordon Drive','(511) 8887841',43,3570,'Changning','Depacho en sitio'),(507,981,1,'82 Declaration Lane',0,0,2,'2022-09-11 00:00:00','Kingsley Kellaway','kkellawayr7@paypal.com','49064 Mitchell Way','(778) 7514183',12,2023,'Escazú','Contraentrega'),(508,582,3,'88356 Fairview Court',0,0,4,'2022-08-13 00:00:00','Sada Castanone','scastanoneg4@hp.com','28517 Anzinger Park','(327) 2533268',87,3863,'Suian','Contraentrega'),(509,460,3,'0948 Harbort Plaza',0,0,5,'2022-02-07 00:00:00','Henka Sanson','hsansoncq@qq.com','17148 Russell Trail','(545) 9856893',182,1833,'Slyudyanka','Contraentrega'),(510,599,3,'71780 Susan Circle',0,0,1,'2022-06-23 00:00:00','Natassia Adkins','nadkinsgl@fotki.com','13172 Mendota Lane','(593) 2686147',62,4086,'Ust-Labinsk','Contraentrega'),(511,606,3,'1 Transport Pass',0,0,1,'2022-08-01 00:00:00','Fredia Poel','fpoelgs@cbslocal.com','6697 Elgar Parkway','(595) 1290613',108,3742,'Gainesville','Contraentrega'),(512,22,3,'87617 Nancy Avenue',0,0,5,'2022-02-20 00:00:00','Uta Kirstein','ukirsteink@tiny.cc','460 Superior Court','(571) 7295730',121,2281,'Sóc Tr?ng','Contraentrega'),(513,645,2,'27547 8th Trail',0,0,4,'2022-02-03 00:00:00','Roxana McCarthy','rmccarthyhv@blogs.com','935 Dahle Plaza','(889) 7477965',134,248,'Zipárion','Contraentrega'),(514,338,2,'08401 Coleman Avenue',0,0,1,'2022-04-24 00:00:00','Thornton Colleran','tcolleran9c@europa.eu','4045 Ridgeview Crossing','(402) 4678088',40,2982,'Kadipaten','Contraentrega'),(515,519,2,'50453 Grover Circle',0,0,3,'2022-04-01 00:00:00','Salaidh Saintpierre','ssaintpierreed@arizona.edu','12 Blaine Street','(995) 9086211',213,1533,'Gujba','Contraentrega'),(516,144,2,'1 Union Parkway',0,0,4,'2022-06-30 00:00:00','Victor MacGaughie','vmacgaughie3y@vistaprint.com','90618 Transport Park','(514) 9830491',11,3634,'Söderköping','Contraentrega'),(517,882,1,'9107 Sloan Alley',0,0,4,'2022-03-15 00:00:00','Kristian Gomme','kgommeog@bluehost.com','4579 Northland Circle','(964) 9399395',215,2934,'Khao Kho','Contraentrega'),(518,982,2,'98 Holmberg Alley',0,0,3,'2022-04-24 00:00:00','Garth Bester','gbesterr8@telegraph.co.uk','94801 Northwestern Junction','(486) 1790715',196,3711,'Poitiers','Contraentrega'),(519,711,1,'25412 Maryland Pass',0,0,5,'2022-02-17 00:00:00','Hube Wreiford','hwreifordjp@1688.com','662 Kropf Parkway','(951) 8865772',152,34,'Logroño','Contraentrega'),(520,309,2,'8 Clove Plaza',0,0,5,'2022-03-04 00:00:00','Ann-marie McKinnon','amckinnon8j@cdc.gov','97696 Texas Avenue','(255) 5265641',27,3375,'Medellín','Contraentrega'),(521,72,1,'16 Continental Point',0,0,4,'2022-02-22 00:00:00','Wiley Bulbeck','wbulbeck1y@amazon.com','28 American Lane','(998) 9869288',69,3555,'Banjarjo','Contraentrega'),(522,926,1,'4225 Loftsgordon Park',0,0,5,'2022-06-25 00:00:00','Ciro Hurtic','churticpo@arstechnica.com','38350 Norway Maple Lane','(758) 3469586',92,2672,'Naberezhnyye Chelny','Contraentrega'),(523,920,2,'21 Corry Point',0,0,4,'2022-06-22 00:00:00','Theresita Hill','thillpi@dion.ne.jp','13 Westend Road','(922) 1115038',44,2823,'Itambé','Contraentrega'),(524,368,1,'91935 Glendale Crossing',0,0,2,'2022-01-10 00:00:00','Pearce Richardin','prichardina6@alexa.com','11 Straubel Point','(957) 6692119',29,3060,'s-Hertogenbosch','Contraentrega'),(525,975,2,'6 Towne Road',0,0,3,'2022-01-06 00:00:00','Sterling Bolden','sboldenr1@biblegateway.com','67327 Clove Street','(796) 3582464',154,2066,'Rouen','Contraentrega'),(526,198,2,'23 Union Trail',0,0,5,'2022-07-30 00:00:00','Derrek Gillions','dgillions5g@blogtalkradio.com','97696 Texas Avenue','(900) 6560944',208,2787,'Biny Selo','Contraentrega'),(527,571,3,'4783 Kensington Plaza',0,0,2,'2022-08-28 00:00:00','Frankie Petrovsky','fpetrovskyft@purevolume.com','28 American Lane','(412) 6709460',176,1622,'Niamtougou','Contraentrega'),(528,908,3,'26984 Mariners Cove Way',0,0,4,'2022-02-08 00:00:00','Nicole Longlands','nlonglandsp6@apache.org','38350 Norway Maple Lane','(571) 2579415',83,48,'El Nido','Contraentrega'),(529,792,2,'3279 Mallard Hill',0,0,5,'2022-02-28 00:00:00','Rebecka Papaccio','rpapaccioly@posterous.com','13 Westend Road','(725) 8790030',145,4917,'Javarthushuu','Contraentrega'),(530,623,1,'87 Spaight Terrace',0,0,3,'2022-09-04 00:00:00','Alyda Cohan','acohanh9@virginia.edu','11 Straubel Point','(242) 4447697',196,3711,'Minante Segundo','Contraentrega'),(531,47,3,'1347 Anthes Court',0,0,3,'2022-07-03 00:00:00','Jamal Storek','jstorek19@qq.com','67327 Clove Street','(254) 4979127',112,141,'Picungbera','Contraentrega'),(532,306,3,'1 Marquette Alley',0,0,2,'2022-05-24 00:00:00','Dun Gallaher','dgallaher8g@youtu.be','11 Moland Drive','(839) 7524301',247,1951,'Sangesi','Contraentrega'),(533,771,1,'16 Hermina Way',0,0,3,'2022-07-25 00:00:00','Karylin Thunnerclef','kthunnerclefld@slate.com','12 Brown Road','(407) 2650694',185,3831,'Kemlya','Contraentrega'),(534,436,2,'60458 Onsgard Crossing',0,0,4,'2022-03-05 00:00:00','Eve Morgans','emorgansc2@icq.com','79305 Mccormick Avenue','(282) 5881501',137,2573,'Garoua Boulaï','Contraentrega'),(535,429,3,'0 Anderson Center',0,0,3,'2022-01-14 00:00:00','Chaddy Annett','cannettbv@yahoo.com','74285 Corscot Parkway','(536) 9424798',166,3047,'Porsgrunn','Contraentrega'),(536,160,1,'745 Northview Alley',0,0,4,'2022-02-12 00:00:00','Katina Flancinbaum','kflancinbaum4e@discovery.com','11 Claremont Lane','(462) 2221029',90,3657,'Tevriz','Contraentrega'),(537,485,1,'931 Talmadge Point',0,0,4,'2022-03-09 00:00:00','Bernetta Karpenya','bkarpenyadf@phpbb.com','6 Michigan Trail','(771) 5088817',45,2247,'Huilong','Contraentrega'),(538,748,3,'5 Holmberg Place',0,0,1,'2022-04-28 00:00:00','Bil Nisbith','bnisbithkq@va.gov','689 Hanson Parkway','(835) 6085772',220,2575,'Caucete','Contraentrega'),(539,541,3,'306 Banding Circle',0,0,1,'2022-07-26 00:00:00','Winnie Kennifick','wkennifickez@fastcompany.com','5 Towne Park','(818) 5648536',181,4720,'Caçador','Contraentrega'),(540,877,2,'1 Sachtjen Hill',0,0,4,'2022-03-31 00:00:00','Teddy Jamson','tjamsonob@businessweek.com','2496 Rieder Way','(578) 8094599',126,1553,'Tegalwero','Entrega en local'),(541,70,2,'180 North Junction',0,0,1,'2022-04-26 00:00:00','Karel Denyer','kdenyer1w@about.com','13 Morningstar Plaza','(525) 2884605',20,1220,'Aba','Entrega en local'),(542,647,1,'18176 Vidon Court',0,0,3,'2022-04-02 00:00:00','Kaleb Le Barre','klebarrehx@ed.gov','79615 Scoville Junction','(134) 3473341',22,1372,'Mishan','Entrega en local'),(543,298,1,'29 Oneill Terrace',0,0,5,'2022-06-03 00:00:00','Marsha Burgis','mburgis88@chicagotribune.com','69 Mifflin Court','(120) 1954559',186,3756,'Gabès','Entrega en local'),(544,181,3,'0256 Susan Road',0,0,2,'2022-07-03 00:00:00','Margie Braunes','mbraunes4z@w3.org','13 Luster Alley','(361) 3632805',147,12,'Dapawan','Entrega en local'),(545,644,3,'60605 Vidon Drive',0,0,2,'2022-08-02 00:00:00','Ross Carnie','rcarniehu@g.co','8680 Oakridge Parkway','(330) 1774731',174,1269,'Guarda Nova','Entrega en local'),(546,210,1,'59611 American Court',0,0,4,'2022-02-28 00:00:00','Elissa Mollene','emollene5s@sciencedirect.com','1077 Anthes Hill','(158) 8031891',161,288,'Créteil','Entrega en local'),(547,326,1,'3 Blaine Place',0,0,5,'2022-06-19 00:00:00','Faina Santello','fsantello90@histats.com','1879 Mendota Parkway','(356) 7341493',186,3756,'Dayr al Ghu??n','Entrega en local'),(548,446,1,'89 Chinook Road',0,0,1,'2022-07-24 00:00:00','Nadya Landall','nlandallcc@istockphoto.com','50248 Sutteridge Avenue','(786) 8611063',176,1622,'Villeta','Entrega en local'),(549,836,2,'9169 Kingsford Center',0,0,5,'2022-09-10 00:00:00','Lily Brittle','lbrittlen6@flickr.com','96429 Morningstar Avenue','(938) 3564069',98,4883,'Yuqunweng','Entrega en local'),(550,818,1,'8784 Loftsgordon Parkway',0,0,1,'2022-02-25 00:00:00','Freddy Bricknell','fbricknellmo@flavors.me','3488 Jana Court','(678) 7328658',197,494,'Niepos','Entrega en local'),(551,20,1,'6 Judy Point',0,0,3,'2022-04-25 00:00:00','Ferne Clemencet','fclemenceti@ow.ly','11 Clemons Way','(926) 1707437',213,1533,'Duqiao','Entrega en local'),(552,50,1,'6 Swallow Lane',0,0,1,'2022-03-24 00:00:00','Coretta Uzielli','cuzielli1c@livejournal.com','31297 Eastwood Hill','(141) 2404314',98,4883,'Qümong','Entrega en local'),(553,212,3,'94 Straubel Street',0,0,4,'2022-04-22 00:00:00','Alane Rennolds','arennolds5u@eventbrite.com','631 Meadow Vale Avenue','(856) 5849301',10,3703,'Ganlin','Entrega en local'),(554,939,1,'82 Ilene Point',0,0,5,'2022-04-05 00:00:00','Mirelle Station','mstationq1@blogger.com','5964 Spenser Center','(481) 7280549',36,3185,'Jaruco','Depacho en sitio'),(555,718,1,'78102 Hanover Court',0,0,2,'2022-06-04 00:00:00','Jennee Skirrow','jskirrowjw@sun.com','82 Steensland Park','(697) 5337281',82,3005,'Jianqiao','Depacho en sitio'),(556,841,2,'7 Gina Road',0,0,5,'2022-05-09 00:00:00','Martynne Rentoll','mrentollnb@moonfruit.com','8 Rusk Way','(249) 9837673',17,3593,'Sanqishi','Depacho en sitio'),(557,63,3,'701 Jana Crossing',0,0,3,'2022-03-09 00:00:00','Brendan McKinstry','bmckinstry1p@123-reg.co.uk','34177 Upham Hill','(458) 8331338',150,3327,'Banyuresmi','Depacho en sitio'),(558,645,3,'631 Butternut Trail',0,0,3,'2022-04-17 00:00:00','Roxana McCarthy','rmccarthyhv@blogs.com','656 Utah Court','(889) 7477965',134,248,'Tocumen','Depacho en sitio'),(559,746,2,'037 Kennedy Center',0,0,1,'2022-03-27 00:00:00','Risa Petzolt','rpetzoltko@state.tx.us','80 Morning Court','(634) 7165429',203,915,'Longgao','Depacho en sitio'),(560,534,2,'0 Gale Alley',0,0,5,'2022-01-30 00:00:00','Agnola Hambric','ahambrices@123-reg.co.uk','92529 Ilene Point','(639) 5312234',147,12,'Pak Phayun','Depacho en sitio'),(561,492,2,'5833 Gulseth Alley',0,0,3,'2022-06-19 00:00:00','Nicolette Raddon','nraddondm@wp.com','2917 Barby Court','(963) 8316649',7,212,'Cruzeiro','Entrega en local'),(562,637,2,'12 Badeau Avenue',0,0,1,'2022-05-30 00:00:00','Sheelagh Beltzner','sbeltznerhn@opera.com','14 Dawn Street','(756) 9111229',79,2723,'Limanowa','Entrega en local'),(563,188,2,'7742 Vernon Road',0,0,1,'2022-02-13 00:00:00','Dimitri Dwelly','ddwelly56@is.gd','76 Bartillon Road','(156) 7954501',158,4059,'Sindong','Entrega en local'),(564,280,3,'1905 Laurel Parkway',0,0,5,'2022-02-20 00:00:00','Odo Clashe','oclashe7q@amazon.de','96 Forest Way','(503) 3443468',246,1982,'Sampaloc','Entrega en local'),(565,650,3,'0 Sutteridge Center',0,0,2,'2022-05-11 00:00:00','Remington Playden','rplaydeni0@businesswire.com','4343 Kingsford Pass','(661) 7550829',20,1220,'Caqu','Entrega en local'),(566,119,1,'22916 Stone Corner Drive',0,0,2,'2022-07-17 00:00:00','Gina Scollan','gscollan39@ftc.gov','491 Esker Lane','(936) 6328118',99,1027,'Macachín','Entrega en local'),(567,380,1,'5274 Park Meadow Center',0,0,5,'2022-08-12 00:00:00','Shurwood Iacobo','siacoboai@economist.com','910 Maple Parkway','(934) 6487922',183,259,'Sada','Entrega en local'),(568,696,2,'501 Jackson Way',0,0,4,'2022-03-04 00:00:00','Ingaborg De Bruijn','idebruijnja@ning.com','7 Monica Center','(217) 1766682',106,1366,'Nicoya','Entrega en local'),(569,967,3,'757 Evergreen Hill',0,0,3,'2022-07-28 00:00:00','Lindsay Aldrich','laldrichqt@dailymotion.com','82 Aberg Alley','(993) 7507913',43,3570,'El Paso','Entrega en local'),(570,633,1,'39405 Petterle Street',0,0,2,'2022-08-17 00:00:00','Malynda Skull','mskullhj@cbsnews.com','46 Loomis Parkway','(166) 5475111',83,48,'?shkh?neh','Entrega en local'),(571,272,2,'488 Holmberg Lane',0,0,1,'2022-04-18 00:00:00','Josias Chiplen','jchiplen7i@sourceforge.net','32007 Shopko Alley','(245) 5526236',248,3723,'Gobernador Ingeniero Valentín Virasoro','Entrega en local'),(572,20,1,'485 Lighthouse Bay Court',0,0,2,'2022-08-01 00:00:00','Ferne Clemencet','fclemenceti@ow.ly','12 Morning Lane','(926) 1707437',213,1533,'Cascavel','Entrega en local'),(573,548,3,'3 Sheridan Court',0,0,5,'2022-05-14 00:00:00','Al Mogg','amoggf6@clickbank.net','31 Lake View Place','(973) 3210756',124,2961,'Moyogalpa','Entrega en local'),(574,555,3,'07615 Leroy Alley',0,0,3,'2022-04-29 00:00:00','Adda Hrinishin','ahrinishinfd@t.co','14 Waxwing Hill','(903) 6779022',21,2954,'Novyy Oskol','Entrega en local'),(575,970,2,'7220 Merrick Trail',0,0,4,'2022-03-30 00:00:00','Frasier Lucius','fluciusqw@friendfeed.com','14 Bluestem Drive','(595) 2823944',225,2148,'?yse','Entrega en local'),(576,212,3,'22541 Transport Parkway',0,0,2,'2022-05-10 00:00:00','Alane Rennolds','arennolds5u@eventbrite.com','5 Fremont Point','(856) 5849301',10,3703,'Uruobo-Okija','Entrega en local'),(577,208,2,'8757 Cascade Drive',0,0,3,'2022-03-17 00:00:00','Lenee Baynes','lbaynes5q@surveymonkey.com','5483 Namekagon Pass','(154) 3600998',193,270,'Xiongjia','Entrega en local'),(578,37,1,'121 Vahlen Alley',0,0,3,'2022-04-03 00:00:00','Elyn Reppaport','ereppaportz@so-net.ne.jp','559 Northland Circle','(842) 5747275',130,2948,'Miami','Entrega en local'),(579,233,2,'07 Arizona Junction',0,0,2,'2022-01-18 00:00:00','Lisle Ferrettino','lferrettino6f@msn.com','5801 Eagle Crest Point','(954) 9846258',149,3265,'Huangtang','Entrega en local'),(580,691,3,'4 Sundown Pass',0,0,1,'2022-01-09 00:00:00','Rena Phil','rphilj5@tinypic.com','18 Evergreen Alley','(659) 3376979',186,3756,'El Triunfo de la Cruz','Entrega en local'),(581,438,1,'966 David Plaza',0,0,1,'2022-06-05 00:00:00','Tiena Tomashov','ttomashovc4@homestead.com','14 Montana Terrace','(513) 4604698',198,911,'Hexi','Entrega en local'),(582,946,3,'07371 Express Court',0,0,2,'2022-03-28 00:00:00','Tuesday Blazeby','tblazebyq8@fc2.com','403 Fordem Parkway','(368) 6826784',10,3703,'Shangshuai','Entrega en local'),(583,357,1,'4 Cordelia Pass',0,0,4,'2022-07-10 00:00:00','Marin Blundel','mblundel9v@ucoz.com','8941 1st Way','(156) 1902619',151,2133,'Nikolsk','Entrega en local'),(584,292,3,'890 Loeprich Crossing',0,0,2,'2022-06-22 00:00:00','Jacynth Seargeant','jseargeant82@addtoany.com','117 Packers Alley','(855) 5891606',216,3402,'Longqiao','Entrega en local'),(585,111,1,'14 Reinke Parkway',0,0,1,'2022-01-12 00:00:00','Claudie Euels','ceuels31@smh.com.au','8 Huxley Street','(350) 5402894',196,3711,'Letlhakane','Entrega en local'),(586,814,1,'42202 Merrick Trail',0,0,5,'2022-04-23 00:00:00','Alfons Staziker','astazikermk@mac.com','7583 Hayes Center','(158) 5358887',69,3555,'Lagoa Santa','Entrega en local'),(587,661,1,'0364 Stoughton Avenue',0,0,3,'2022-08-18 00:00:00','Rosaline Walhedd','rwalheddib@instagram.com','11 Longview Hill','(332) 5097035',195,473,'Atap','Entrega en local'),(588,170,2,'19455 Derek Pass',0,0,2,'2022-07-20 00:00:00','Aloin Knighton','aknighton4o@washington.edu','1432 Arkansas Road','(249) 1523221',107,1664,'Zhongdong','Entrega en local'),(589,491,1,'9941 Pearson Point',0,0,3,'2022-04-14 00:00:00','Leona Pardy','lpardydl@bravesites.com','542 Thierer Terrace','(988) 1855450',59,1528,'Phra Phutthabat','Depacho en sitio'),(590,800,3,'5420 International Hill',0,0,4,'2022-09-06 00:00:00','Claire Thurlborn','cthurlbornm6@taobao.com','13 Dahle Place','(920) 5013867',181,4720,'Mi?r?tah','Depacho en sitio'),(591,738,1,'86530 Ramsey Terrace',0,0,4,'2022-06-19 00:00:00','Rorke Wort','rwortkg@paypal.com','86 Glendale Crossing','(911) 1250919',67,3438,'Yuannan','Depacho en sitio'),(592,336,2,'6725 Talmadge Terrace',0,0,1,'2022-07-15 00:00:00','Lizzie Hogbin','lhogbin9a@arizona.edu','2309 Kim Park','(533) 6117686',213,1533,'He?man?v M?stec','Depacho en sitio'),(593,485,1,'2807 Monica Plaza',0,0,3,'2022-02-08 00:00:00','Bernetta Karpenya','bkarpenyadf@phpbb.com','69 Forest Dale Avenue','(771) 5088817',45,2247,'Oof','Depacho en sitio'),(594,791,1,'488 Spohn Pass',0,0,1,'2022-01-19 00:00:00','Welbie Dutton','wduttonlx@abc.net.au','13 Mendota Circle','(192) 1624130',192,58,'Herrera','Depacho en sitio'),(595,833,1,'3 Melby Plaza',0,0,4,'2022-02-27 00:00:00','Kelvin Rosenboim','krosenboimn3@msu.edu','712 Duke Way','(131) 6680785',236,2536,'Komsomolsk','Depacho en sitio'),(596,652,3,'880 Fordem Park',0,0,1,'2022-02-17 00:00:00','Jacky Regina','jreginai2@baidu.com','9950 Forest Run Plaza','(534) 1031500',129,640,'Qiansuo','Contraentrega'),(597,164,3,'54034 Forest Run Parkway',0,0,1,'2022-09-05 00:00:00','Haleigh Summerell','hsummerell4i@hostgator.com','26 Oak Court','(669) 4040830',90,3657,'Wuyang','Contraentrega'),(598,917,3,'646 Summer Ridge Park',0,0,5,'2022-05-31 00:00:00','Evelina McPhee','emcpheepf@hibu.com','30 Pleasure Point','(841) 3620935',6,487,'Paris 23','Contraentrega'),(599,460,1,'23804 Cardinal Street',0,0,1,'2022-06-06 00:00:00','Henka Sanson','hsansoncq@qq.com','105 Larry Place','(545) 9856893',182,1833,'Tianzhu','Contraentrega'),(600,835,1,'143 Towne Parkway',0,0,5,'2022-06-08 00:00:00','Dur MacConnechie','dmacconnechien5@ycombinator.com','646 Stuart Terrace','(880) 7687495',18,1992,'Zhouzai','Contraentrega'),(601,432,3,'23431 Granby Terrace',0,0,4,'2022-04-27 00:00:00','Shoshana Dubose','sduboseby@ucoz.com','12 Vera Avenue','(390) 8029009',65,3222,'Hiroshima-shi','Contraentrega'),(602,560,2,'9492 Bowman Drive',0,0,5,'2022-03-06 00:00:00','Hunter Jonk','hjonkfi@quantcast.com','248 Northwestern Road','(208) 9919299',109,820,'Gastoúni','Depacho en sitio'),(603,950,3,'6012 Golf Point',0,0,1,'2022-04-30 00:00:00','Vyky Borrott','vborrottqc@amazonaws.com','12 Pepper Wood Center','(129) 9556283',197,494,'Kaniów','Depacho en sitio'),(604,580,2,'377 Buell Terrace',0,0,5,'2022-09-11 00:00:00','Ferdie Regardsoe','fregardsoeg2@ovh.net','75498 Clarendon Court','(130) 1133478',81,897,'Tulcán','Depacho en sitio'),(605,223,1,'1 Meadow Valley Street',0,0,4,'2022-01-10 00:00:00','Gail Bollans','gbollans65@ftc.gov','64 Stone Corner Alley','(702) 1887020',134,248,'Changning','Depacho en sitio'),(606,425,2,'486 Elmside Junction',0,0,3,'2022-05-16 00:00:00','Rick Eccleshare','recclesharebr@w3.org','9 Sheridan Terrace','(834) 1591306',79,2723,'Escazú','Contraentrega'),(607,645,1,'3 Vahlen Circle',0,0,5,'2022-01-02 00:00:00','Roxana McCarthy','rmccarthyhv@blogs.com','554 Hovde Avenue','(889) 7477965',134,248,'Suian','Contraentrega'),(608,409,3,'3 Mandrake Center',0,0,5,'2022-04-27 00:00:00','Karlyn Penney','kpenneybb@newyorker.com','649 Vermont Parkway','(379) 7619919',1,3870,'Slyudyanka','Contraentrega'),(609,911,1,'213 Forest Run Park',0,0,4,'2022-08-24 00:00:00','Aeriela Gannicott','agannicottp9@bizjournals.com','745 Kingsford Alley','(809) 7905655',36,3185,'Ust-Labinsk','Contraentrega'),(610,694,1,'512 Gina Lane',0,0,1,'2022-02-04 00:00:00','Deborah Trillo','dtrilloj8@cyberchimps.com','749 Hudson Crossing','(395) 6218266',208,2787,'Gainesville','Contraentrega'),(611,258,2,'454 Fuller Way',0,0,2,'2022-03-12 00:00:00','Parrnell Espin','pespin74@narod.ru','14 Loftsgordon Drive','(177) 9230041',42,1252,'Sóc Tr?ng','Contraentrega'),(612,118,1,'8 Gerald Lane',0,0,1,'2022-09-11 00:00:00','Enrika Lewcock','elewcock38@furl.net','49065 Mitchell Way','(457) 6538433',202,4778,'Zipárion','Contraentrega'),(613,621,2,'96 David Hill',0,0,2,'2022-06-25 00:00:00','Marrissa Jurczak','mjurczakh7@netlog.com','28518 Anzinger Park','(483) 1840246',25,4860,'Kadipaten','Contraentrega'),(614,35,3,'7011 Kenwood Parkway',0,0,3,'2022-06-23 00:00:00','Avrom O Gara','aogarax@va.gov','17149 Russell Trail','(298) 4502748',75,4794,'Gujba','Contraentrega'),(615,214,2,'354 Portage Center',0,0,4,'2022-01-22 00:00:00','Daron Ivery','divery5w@harvard.edu','13173 Mendota Lane','(934) 8782368',10,3703,'Söderköping','Contraentrega'),(616,102,3,'6 Barby Pass',0,0,5,'2022-05-01 00:00:00','Sebastiano Areles','sareles2s@unc.edu','6698 Elgar Parkway','(913) 6006905',200,4352,'Khao Kho','Contraentrega'),(617,646,1,'79712 Loeprich Plaza',0,0,5,'2022-08-21 00:00:00','Rafa Essame','ressamehw@cnn.com','461 Superior Court','(846) 9931444',106,1366,'Poitiers','Contraentrega'),(618,614,1,'694 Crescent Oaks Street',0,0,2,'2022-07-12 00:00:00','Dominica McSpirron','dmcspirronh0@devhub.com','936 Dahle Plaza','(745) 8837805',206,2085,'Logroño','Contraentrega'),(619,206,1,'6306 Messerschmidt Crossing',0,0,3,'2022-08-19 00:00:00','Robert Freen','rfreen5o@si.edu','4046 Ridgeview Crossing','(603) 9702409',246,1982,'Medellín','Contraentrega'),(620,107,1,'058 Mitchell Road',0,0,3,'2022-06-02 00:00:00','Margi Walkingshaw','mwalkingshaw2x@berkeley.edu','13 Blaine Street','(879) 9014102',104,3954,'Banjarjo','Contraentrega'),(621,671,1,'741 Bonner Trail',0,0,1,'2022-06-12 00:00:00','Piotr Ciccotti','pciccottiil@networksolutions.com','90618 Transport Park','(915) 5066697',7,212,'Naberezhnyye Chelny','Contraentrega'),(622,583,1,'26 Dapin Plaza',0,0,4,'2022-06-30 00:00:00','Hinda Chuck','hchuckg5@acquirethisname.com','4580 Northland Circle','(647) 3945466',212,968,'Itambé','Contraentrega'),(623,750,3,'57 Anzinger Plaza',0,0,3,'2022-08-01 00:00:00','Felipa Allawy','fallawyks@e-recht24.de','94801 Northwestern Junction','(529) 4788643',166,3047,'s-Hertogenbosch','Contraentrega'),(624,597,1,'199 Shopko Hill',0,0,3,'2022-04-26 00:00:00','Clare Southouse','csouthousegj@51.la','663 Kropf Parkway','(111) 4586452',58,4542,'Rouen','Contraentrega'),(625,69,3,'6 Dryden Drive',0,0,1,'2022-01-26 00:00:00','Tisha Simmance','tsimmance1v@time.com','97696 Texas Avenue','(811) 6794366',69,3555,'Biny Selo','Contraentrega'),(626,223,2,'8 Sugar Alley',0,0,5,'2022-05-18 00:00:00','Gail Bollans','gbollans65@ftc.gov','29 American Lane','(702) 1887020',134,248,'Niamtougou','Contraentrega'),(627,734,2,'9271 Buena Vista Court',0,0,3,'2022-07-08 00:00:00','Dasie Goor','dgoorkc@cisco.com','38351 Norway Maple Lane','(225) 7377131',203,915,'El Nido','Contraentrega'),(628,691,1,'0672 Larry Avenue',0,0,3,'2022-01-20 00:00:00','Rena Phil','rphilj5@tinypic.com','14 Westend Road','(659) 3376979',186,3756,'Javarthushuu','Contraentrega'),(629,652,2,'48 Spenser Place',0,0,3,'2022-03-11 00:00:00','Jacky Regina','jreginai2@baidu.com','12 Straubel Point','(534) 1031500',129,640,'Minante Segundo','Contraentrega'),(630,792,2,'870 Briar Crest Alley',0,0,4,'2022-01-18 00:00:00','Rebecka Papaccio','rpapaccioly@posterous.com','67327 Clove Street','(725) 8790030',145,4917,'Picungbera','Contraentrega'),(631,415,1,'039 Gina Court',0,0,4,'2022-01-06 00:00:00','Gray Bearham','gbearhambh@loc.gov','97696 Texas Avenue','(283) 6695072',6,487,'Sangesi','Contraentrega'),(632,855,2,'396 Shoshone Point',0,0,3,'2022-03-03 00:00:00','Eloisa Putnam','eputnamnp@toplist.cz','29 American Lane','(972) 9740035',126,1553,'Kemlya','Contraentrega'),(633,563,1,'296 Grayhawk Point',0,0,3,'2022-05-04 00:00:00','Alonso Caitlin','acaitlinfl@thetimes.co.uk','38351 Norway Maple Lane','(172) 8744410',10,3703,'Garoua Boulaï','Contraentrega'),(634,523,1,'8434 Manitowish Alley',0,0,4,'2022-02-03 00:00:00','Theobald Jesty','tjestyeh@instagram.com','14 Westend Road','(129) 5066318',146,1961,'Porsgrunn','Contraentrega'),(635,725,1,'96 Mccormick Plaza',0,0,4,'2022-06-17 00:00:00','Alisa Darbon','adarbonk3@biblegateway.com','12 Straubel Point','(286) 3488900',240,3768,'Tevriz','Contraentrega'),(636,138,1,'0 Warbler Center',0,0,5,'2022-03-08 00:00:00','Lilian Spoward','lspoward3s@blogspot.com','67327 Clove Street','(444) 2011194',209,879,'Huilong','Contraentrega'),(637,354,2,'6 Service Drive',0,0,3,'2022-04-22 00:00:00','Austina Scarse','ascarse9s@4shared.com','12 Moland Drive','(222) 4558096',150,3327,'Caucete','Contraentrega'),(638,4,2,'0 Portage Terrace',0,0,4,'2022-06-25 00:00:00','Farrell Squier','fsquier2@is.gd','13 Brown Road','(911) 2991742',66,4127,'Caçador','Contraentrega'),(639,60,1,'1 Lindbergh Street',0,0,2,'2022-06-06 00:00:00','Etty Kruszelnicki','ekruszelnicki1m@house.gov','79305 Mccormick Avenue','(781) 5261473',219,3478,'Tegalwero','Entrega en local'),(640,808,1,'262 Mandrake Trail',0,0,5,'2022-05-02 00:00:00','Lorena Mattusov','lmattusovme@drupal.org','74285 Corscot Parkway','(112) 5319876',67,3438,'Aba','Entrega en local'),(641,198,1,'00 Caliangt Park',0,0,2,'2022-04-29 00:00:00','Derrek Gillions','dgillions5g@blogtalkradio.com','12 Claremont Lane','(900) 6560944',208,2787,'Mishan','Entrega en local'),(642,857,1,'3099 Hollow Ridge Alley',0,0,5,'2022-07-02 00:00:00','Francis Fines','ffinesnr@123-reg.co.uk','7 Michigan Trail','(960) 3166943',10,3703,'Gabès','Entrega en local'),(643,199,3,'550 Johnson Point',0,0,4,'2022-01-15 00:00:00','Giulietta Foulis','gfoulis5h@joomla.org','690 Hanson Parkway','(818) 4903042',179,3177,'Dapawan','Entrega en local'),(644,107,2,'3 Stuart Trail',0,0,5,'2022-02-23 00:00:00','Margi Walkingshaw','mwalkingshaw2x@berkeley.edu','6 Towne Park','(879) 9014102',104,3954,'Guarda Nova','Entrega en local'),(645,519,1,'36819 Ridgeway Terrace',0,0,1,'2022-03-22 00:00:00','Salaidh Saintpierre','ssaintpierreed@arizona.edu','2497 Rieder Way','(995) 9086211',213,1533,'Créteil','Entrega en local'),(646,313,3,'3 Tomscot Alley',0,0,2,'2022-05-06 00:00:00','Dayle Critcher','dcritcher8n@examiner.com','14 Morningstar Plaza','(535) 4498028',231,3390,'Dayr al Ghu??n','Entrega en local'),(647,187,1,'329 Transport Terrace',0,0,5,'2022-01-27 00:00:00','Kizzie Buie','kbuie55@ed.gov','79615 Scoville Junction','(327) 4771689',115,3995,'Villeta','Entrega en local'),(648,334,3,'1 Eggendart Terrace',0,0,2,'2022-07-18 00:00:00','Fern O Mullen','fomullen98@google.com.br','70 Mifflin Court','(188) 1115441',174,1269,'Yuqunweng','Entrega en local'),(649,626,1,'285 Hoffman Drive',0,0,1,'2022-01-01 00:00:00','Baldwin Atherley','batherleyhc@europa.eu','14 Luster Alley','(846) 5207991',248,3723,'Niepos','Entrega en local'),(650,212,3,'462 Donald Pass',0,0,2,'2022-04-14 00:00:00','Alane Rennolds','arennolds5u@eventbrite.com','8681 Oakridge Parkway','(856) 5849301',10,3703,'Duqiao','Entrega en local'),(651,446,2,'45235 Hagan Crossing',0,0,3,'2022-03-04 00:00:00','Nadya Landall','nlandallcc@istockphoto.com','1078 Anthes Hill','(786) 8611063',176,1622,'Qümong','Entrega en local'),(652,111,2,'396 Manitowish Court',0,0,5,'2022-08-22 00:00:00','Claudie Euels','ceuels31@smh.com.au','1880 Mendota Parkway','(350) 5402894',196,3711,'Ganlin','Entrega en local'),(653,663,3,'108 Blackbird Pass',0,0,4,'2022-07-09 00:00:00','Sibby Mateiko','smateikoid@delicious.com','50249 Sutteridge Avenue','(734) 9508304',12,2023,'Jaruco','Depacho en sitio'),(654,97,2,'3742 Sycamore Parkway',0,0,5,'2022-01-05 00:00:00','Chick Beckley','cbeckley2n@wiley.com','96429 Morningstar Avenue','(857) 3173308',142,3447,'Jianqiao','Depacho en sitio'),(655,562,2,'3037 Nancy Way',0,0,5,'2022-05-06 00:00:00','Hi Abdee','habdeefk@techcrunch.com','3489 Jana Court','(532) 5295612',173,3678,'Sanqishi','Depacho en sitio'),(656,424,3,'750 Schiller Lane',0,0,4,'2022-01-23 00:00:00','Zoe Hackforth','zhackforthbq@ning.com','12 Clemons Way','(930) 4976208',112,141,'Banyuresmi','Depacho en sitio'),(657,819,2,'6743 Pankratz Pass',0,0,2,'2022-08-31 00:00:00','Rodi Bercevelo','rbercevelomp@ezinearticles.com','31298 Eastwood Hill','(454) 8683887',54,2625,'Tocumen','Depacho en sitio'),(658,299,3,'32122 Granby Plaza',0,0,5,'2022-08-13 00:00:00','Aubree Riach','ariach89@google.pl','632 Meadow Vale Avenue','(352) 1027825',117,972,'Longgao','Depacho en sitio'),(659,91,1,'888 Logan Parkway',0,0,4,'2022-04-01 00:00:00','Camilla Oswick','coswick2h@163.com','5965 Spenser Center','(179) 6649709',158,4059,'Pak Phayun','Depacho en sitio'),(660,147,3,'1 Surrey Terrace',0,0,4,'2022-01-03 00:00:00','Janelle Bulfit','jbulfit41@whitehouse.gov','83 Steensland Park','(803) 2342275',48,2874,'Cruzeiro','Entrega en local'),(661,526,2,'426 Reindahl Center',0,0,3,'2022-02-12 00:00:00','Townsend Marchetti','tmarchettiek@e-recht24.de','9 Rusk Way','(738) 6677148',57,744,'Limanowa','Entrega en local'),(662,543,2,'51 Fieldstone Parkway',0,0,1,'2022-01-15 00:00:00','Napoleon Episcopi','nepiscopif1@jalbum.net','34178 Upham Hill','(338) 3728778',64,2905,'Sindong','Entrega en local'),(663,343,1,'9709 Fieldstone Center',0,0,2,'2022-02-03 00:00:00','Ivory Gann','igann9h@goo.ne.jp','657 Utah Court','(340) 3738839',58,4542,'Sampaloc','Entrega en local'),(664,593,1,'99590 Hauk Lane',0,0,5,'2022-02-10 00:00:00','Lissie Kiehnlt','lkiehnltgf@ameblo.jp','81 Morning Court','(853) 6435271',123,3032,'Caqu','Entrega en local'),(665,130,1,'98610 Grasskamp Way',0,0,5,'2022-07-16 00:00:00','Ardis Van Leijs','avanleijs3k@google.com.br','92529 Ilene Point','(901) 2745416',139,3338,'Macachín','Entrega en local'),(666,807,3,'73 Fordem Junction',0,0,5,'2022-02-26 00:00:00','Tally Timlin','ttimlinmd@theatlantic.com','2918 Barby Court','(356) 7670092',111,956,'Sada','Entrega en local'),(667,77,1,'8 Southridge Lane',0,0,2,'2022-07-08 00:00:00','Dru Matteucci','dmatteucci23@flavors.me','15 Dawn Street','(556) 4687352',69,3555,'Nicoya','Entrega en local'),(668,49,2,'0169 Grim Court',0,0,2,'2022-03-03 00:00:00','Karita Leynagh','kleynagh1b@geocities.jp','77 Bartillon Road','(545) 3683583',33,1216,'El Paso','Entrega en local'),(669,509,2,'97215 Marquette Pass',0,0,2,'2022-01-03 00:00:00','Josey Unwins','junwinse3@scribd.com','97 Forest Way','(470) 6282778',79,2723,'?shkh?neh','Entrega en local'),(670,785,1,'826 Grover Point',0,0,4,'2022-01-18 00:00:00','Juliette Rakes','jrakeslr@hatena.ne.jp','4344 Kingsford Pass','(992) 5148416',219,3478,'Gobernador Ingeniero Valentín Virasoro','Entrega en local'),(671,384,3,'62 Carioca Drive',0,0,1,'2022-02-24 00:00:00','Myer Jepp','mjeppam@fc2.com','492 Esker Lane','(443) 8741949',85,2095,'Cascavel','Entrega en local'),(672,928,2,'0 Quincy Park',0,0,5,'2022-05-20 00:00:00','Ronnie Dunkinson','rdunkinsonpq@so-net.ne.jp','911 Maple Parkway','(434) 3018557',75,4794,'Moyogalpa','Entrega en local'),(673,902,3,'3 Hanover Avenue',0,0,3,'2022-07-17 00:00:00','Charlot Bakewell','cbakewellp0@ehow.com','8 Monica Center','(808) 2187041',103,3916,'Novyy Oskol','Entrega en local'),(674,813,3,'7 Service Center',0,0,2,'2022-06-08 00:00:00','Isidora Scolli','iscollimj@cbsnews.com','83 Aberg Alley','(952) 7818671',201,4141,'?yse','Entrega en local'),(675,53,3,'7 Oakridge Parkway',0,0,1,'2022-08-19 00:00:00','Kev Radley','kradley1f@squarespace.com','47 Loomis Parkway','(924) 3488290',51,2732,'Uruobo-Okija','Entrega en local'),(676,239,3,'61309 Butternut Junction',0,0,1,'2022-01-01 00:00:00','Dory Keal','dkeal6l@webmd.com','32008 Shopko Alley','(960) 4136298',230,4668,'Xiongjia','Entrega en local'),(677,910,2,'6 Granby Alley',0,0,1,'2022-04-19 00:00:00','Garnet Wolledge','gwolledgep8@thetimes.co.uk','13 Morning Lane','(623) 8359807',196,3711,'Miami','Entrega en local'),(678,860,1,'85 Sundown Trail',0,0,2,'2022-07-08 00:00:00','Alain Syalvester','asyalvesternu@statcounter.com','32 Lake View Place','(860) 8038945',192,58,'Huangtang','Entrega en local'),(679,770,2,'390 Logan Terrace',0,0,3,'2022-03-18 00:00:00','Orrin Butler','obutlerlc@infoseek.co.jp','15 Waxwing Hill','(689) 8800622',142,3447,'El Triunfo de la Cruz','Entrega en local'),(680,636,3,'5 Buell Avenue',0,0,1,'2022-06-24 00:00:00','Giacobo Brittin','gbrittinhm@purevolume.com','15 Bluestem Drive','(579) 3009220',236,2536,'Hexi','Entrega en local'),(681,536,1,'25 Montana Parkway',0,0,4,'2022-08-11 00:00:00','Halsey Arthy','harthyeu@shinystat.com','6 Fremont Point','(602) 4497995',58,4542,'Shangshuai','Entrega en local'),(682,95,2,'57 Hermina Junction',0,0,2,'2022-06-02 00:00:00','Putnem Gravenell','pgravenell2l@irs.gov','5484 Namekagon Pass','(160) 9135774',75,4794,'Nikolsk','Entrega en local'),(683,305,3,'5143 Manitowish Point',0,0,4,'2022-03-28 00:00:00','Janette Cisland','jcisland8f@paypal.com','560 Northland Circle','(579) 7964000',21,2954,'Longqiao','Entrega en local'),(684,780,2,'265 Hollow Ridge Hill',0,0,4,'2022-03-06 00:00:00','Nicolas Ranald','nranaldlm@ibm.com','5802 Eagle Crest Point','(983) 4007683',246,1982,'Letlhakane','Entrega en local'),(685,113,2,'14 Huxley Way',0,0,1,'2022-01-14 00:00:00','Iggy Ipplett','iipplett33@dot.gov','19 Evergreen Alley','(108) 3462337',102,1792,'Lagoa Santa','Entrega en local'),(686,375,3,'4341 Dunning Park',0,0,1,'2022-06-28 00:00:00','Van Carlile','vcarlilead@shareasale.com','15 Montana Terrace','(144) 3752693',196,3711,'Atap','Entrega en local'),(687,348,1,'891 Dawn Pass',0,0,3,'2022-06-24 00:00:00','Marion Sharkey','msharkey9m@wordpress.org','404 Fordem Parkway','(989) 3778051',27,3375,'Zhongdong','Entrega en local'),(688,696,3,'55312 Valley Edge Hill',0,0,4,'2022-08-19 00:00:00','Ingaborg De Bruijn','idebruijnja@ning.com','8942 1st Way','(217) 1766682',106,1366,'Phra Phutthabat','Depacho en sitio'),(689,696,3,'10 Hoepker Drive',0,0,5,'2022-08-14 00:00:00','Ingaborg De Bruijn','idebruijnja@ning.com','118 Packers Alley','(217) 1766682',106,1366,'Mi?r?tah','Depacho en sitio'),(690,130,3,'2502 Melrose Trail',0,0,2,'2022-06-13 00:00:00','Ardis Van Leijs','avanleijs3k@google.com.br','9 Huxley Street','(901) 2745416',139,3338,'Yuannan','Depacho en sitio'),(691,366,2,'561 Daystar Junction',0,0,3,'2022-07-25 00:00:00','Piotr Applin','papplina4@tripadvisor.com','7584 Hayes Center','(636) 2556953',200,4352,'He?man?v M?stec','Depacho en sitio'),(692,443,2,'53886 Di Loreto Park',0,0,2,'2022-06-21 00:00:00','Donni Lahiff','dlahiffc9@phoca.cz','12 Longview Hill','(834) 2423580',156,2610,'Oof','Depacho en sitio'),(693,826,3,'06 Shopko Place',0,0,4,'2022-03-21 00:00:00','Erna Rief','eriefmw@booking.com','1433 Arkansas Road','(228) 1292098',122,3022,'Herrera','Depacho en sitio'),(694,699,2,'5352 Wayridge Center',0,0,2,'2022-02-11 00:00:00','Florian Lindback','flindbackjd@elpais.com','543 Thierer Terrace','(379) 3526437',6,487,'Komsomolsk','Depacho en sitio'),(695,705,1,'4060 Caliangt Lane',0,0,4,'2022-07-31 00:00:00','Salli Longmore','slongmorejj@technorati.com','14 Dahle Place','(894) 3569220',210,2839,'Qiansuo','Contraentrega'),(696,990,2,'5042 Meadow Vale Trail',0,0,1,'2022-08-07 00:00:00','Kathryne Clissett','kclissettrg@fotki.com','87 Glendale Crossing','(662) 6282409',248,3723,'Wuyang','Contraentrega'),(697,149,2,'4454 Division Avenue',0,0,4,'2022-09-09 00:00:00','Sallyann Mangion','smangion43@booking.com','2310 Kim Park','(636) 5436937',174,1269,'Paris 24','Contraentrega'),(698,484,2,'005 Holy Cross Point',0,0,3,'2022-08-10 00:00:00','Simone Gallahue','sgallahuede@cnn.com','70 Forest Dale Avenue','(753) 3674309',135,74,'Tianzhu','Contraentrega'),(699,986,1,'7522 Ohio Hill',0,0,4,'2022-01-10 00:00:00','Conrad Gallelli','cgallellirc@geocities.com','14 Mendota Circle','(816) 6662254',248,3723,'Zhouzai','Contraentrega'),(700,752,3,'9 Westerfield Way',0,0,1,'2022-01-30 00:00:00','Abby Okenfold','aokenfoldku@ucsd.edu','713 Duke Way','(490) 7763259',58,4542,'Hiroshima-shi','Contraentrega'),(701,979,2,'30319 Maryland Way',0,0,3,'2022-07-30 00:00:00','Silvana Leband','slebandr5@furl.net','9951 Forest Run Plaza','(407) 3224515',97,4041,'Gastoúni','Depacho en sitio'),(702,894,2,'42 Raven Court',0,0,4,'2022-08-02 00:00:00','Nat Goatman','ngoatmanos@hostgator.com','27 Oak Court','(383) 9260001',173,3678,'Kaniów','Depacho en sitio'),(703,982,1,'05903 Declaration Circle',0,0,5,'2022-03-15 00:00:00','Garth Bester','gbesterr8@telegraph.co.uk','31 Pleasure Point','(486) 1790715',196,3711,'Tulcán','Depacho en sitio'),(704,162,1,'357 Reinke Trail',0,0,1,'2022-02-02 00:00:00','Bari Devlin','bdevlin4g@mysql.com','106 Larry Place','(705) 4963048',105,1069,'Changning','Depacho en sitio'),(705,143,2,'6 Comanche Hill',0,0,1,'2022-05-17 00:00:00','Cherri Nuscha','cnuscha3x@fema.gov','647 Stuart Terrace','(376) 9944774',161,288,'Escazú','Contraentrega'),(706,812,2,'1 6th Center',0,0,4,'2022-04-08 00:00:00','Dedie Corwin','dcorwinmi@geocities.com','13 Vera Avenue','(411) 9959770',61,4076,'Suian','Contraentrega'),(707,871,2,'427 New Castle Place',0,0,1,'2022-01-09 00:00:00','Nixie Marco','nmarcoo5@sphinn.com','249 Northwestern Road','(974) 9630001',135,74,'Slyudyanka','Contraentrega'),(708,153,2,'228 Old Gate Hill',0,0,1,'2022-01-01 00:00:00','Adair Testin','atestin47@psu.edu','13 Pepper Wood Center','(224) 4670472',224,2550,'Ust-Labinsk','Contraentrega'),(709,961,2,'81863 Doe Crossing Place',0,0,5,'2022-08-03 00:00:00','Barrie Peasegod','bpeasegodqn@chron.com','75498 Clarendon Court','(315) 7457937',44,2823,'Gainesville','Contraentrega'),(710,317,2,'71 Trailsway Parkway',0,0,1,'2022-02-22 00:00:00','Junina Casperri','jcasperri8r@tinyurl.com','65 Stone Corner Alley','(986) 2989826',6,487,'Sóc Tr?ng','Contraentrega'),(711,243,1,'45 Waubesa Court',0,0,1,'2022-08-11 00:00:00','Cassi Ranald','cranald6p@noaa.gov','10 Sheridan Terrace','(243) 3917803',134,248,'Zipárion','Contraentrega'),(712,991,3,'7 Melrose Court',0,0,2,'2022-02-12 00:00:00','Jessie Houchen','jhouchenrh@prlog.org','555 Hovde Avenue','(634) 8762190',220,2575,'Kadipaten','Contraentrega'),(713,651,1,'9 Sundown Crossing',0,0,5,'2022-03-06 00:00:00','Rina Moncreif','rmoncreifi1@npr.org','650 Vermont Parkway','(150) 7231538',225,2148,'Gujba','Contraentrega'),(714,973,1,'67790 Brown Street',0,0,5,'2022-03-06 00:00:00','Bron Sainer','bsainerqz@google.it','746 Kingsford Alley','(983) 3205992',204,931,'Söderköping','Contraentrega'),(715,805,3,'33 Pierstorff Circle',0,0,2,'2022-05-09 00:00:00','Dian Lyfield','dlyfieldmb@wired.com','750 Hudson Crossing','(966) 7462076',45,2247,'Khao Kho','Contraentrega'),(716,730,2,'69078 Fallview Alley',0,0,1,'2022-08-04 00:00:00','Gisella Casewell','gcasewellk8@nih.gov','15 Loftsgordon Drive','(961) 5291699',156,2610,'Poitiers','Contraentrega'),(717,10,2,'8651 Clyde Gallagher Junction',0,0,3,'2022-06-20 00:00:00','Karry Lodwig','klodwig8@hud.gov','49066 Mitchell Way','(718) 4539989',14,3903,'Logroño','Contraentrega'),(718,980,2,'786 Dottie Hill',0,0,2,'2022-08-11 00:00:00','Ingeborg Blackmoor','iblackmoorr6@ebay.com','28519 Anzinger Park','(826) 8280213',160,67,'Medellín','Contraentrega'),(719,215,3,'205 2nd Junction',0,0,3,'2022-02-19 00:00:00','Abigale Taffe','ataffe5x@harvard.edu','17150 Russell Trail','(958) 9847116',195,473,'Banjarjo','Contraentrega'),(720,443,1,'857 Mcbride Way',0,0,1,'2022-07-29 00:00:00','Donni Lahiff','dlahiffc9@phoca.cz','13174 Mendota Lane','(834) 2423580',156,2610,'Naberezhnyye Chelny','Contraentrega'),(721,306,1,'21176 Shelley Center',0,0,2,'2022-03-29 00:00:00','Dun Gallaher','dgallaher8g@youtu.be','6699 Elgar Parkway','(839) 7524301',247,1951,'Itambé','Contraentrega'),(722,783,1,'70 5th Pass',0,0,2,'2022-06-15 00:00:00','Juieta Condy','jcondylp@angelfire.com','462 Superior Court','(269) 6683303',82,3005,'s-Hertogenbosch','Contraentrega'),(723,967,1,'690 Chinook Terrace',0,0,5,'2022-04-07 00:00:00','Lindsay Aldrich','laldrichqt@dailymotion.com','937 Dahle Plaza','(993) 7507913',43,3570,'Rouen','Contraentrega'),(724,443,3,'92017 Hollow Ridge Avenue',0,0,2,'2022-02-02 00:00:00','Donni Lahiff','dlahiffc9@phoca.cz','4047 Ridgeview Crossing','(834) 2423580',156,2610,'Biny Selo','Contraentrega'),(725,841,2,'35384 Kropf Lane',0,0,5,'2022-01-31 00:00:00','Martynne Rentoll','mrentollnb@moonfruit.com','14 Blaine Street','(249) 9837673',17,3593,'Niamtougou','Contraentrega'),(726,310,1,'4 Loeprich Crossing',0,0,4,'2022-06-17 00:00:00','Jaymee Brockbank','jbrockbank8k@mapquest.com','90618 Transport Park','(894) 3449430',40,2982,'El Nido','Contraentrega'),(727,247,3,'27043 Knutson Park',0,0,5,'2022-07-08 00:00:00','Leon Skevington','lskevington6t@usa.gov','4581 Northland Circle','(573) 6194072',63,4514,'Javarthushuu','Contraentrega'),(728,414,1,'5898 Golf Way',0,0,2,'2022-05-19 00:00:00','Kevin Tuckley','ktuckleybg@over-blog.com','94801 Northwestern Junction','(996) 6223243',16,518,'Minante Segundo','Contraentrega'),(729,370,3,'864 Bellgrove Pass',0,0,1,'2022-04-23 00:00:00','Rob Girardengo','rgirardengoa8@etsy.com','664 Kropf Parkway','(574) 1143615',82,3005,'Picungbera','Contraentrega'),(730,364,3,'07 Mallard Trail',0,0,2,'2022-02-07 00:00:00','Doralia Chaundy','dchaundya2@shutterfly.com','97696 Texas Avenue','(561) 5709098',31,1997,'Sangesi','Contraentrega'),(731,812,3,'76 Dixon Junction',0,0,4,'2022-05-17 00:00:00','Dedie Corwin','dcorwinmi@geocities.com','30 American Lane','(411) 9959770',61,4076,'Kemlya','Contraentrega'),(732,905,3,'685 Hollow Ridge Crossing',0,0,3,'2022-04-19 00:00:00','Cedric Wherrit','cwherritp3@youtube.com','38352 Norway Maple Lane','(223) 8415521',97,4041,'Garoua Boulaï','Contraentrega'),(733,239,2,'8 Victoria Place',0,0,4,'2022-05-28 00:00:00','Dory Keal','dkeal6l@webmd.com','15 Westend Road','(960) 4136298',230,4668,'Porsgrunn','Contraentrega'),(734,299,2,'688 Garrison Plaza',0,0,3,'2022-06-13 00:00:00','Aubree Riach','ariach89@google.pl','13 Straubel Point','(352) 1027825',117,972,'Tevriz','Contraentrega'),(735,346,3,'8786 Lakeland Parkway',0,0,4,'2022-01-30 00:00:00','Brandise Ditty','bditty9k@elegantthemes.com','67327 Clove Street','(565) 4506325',240,3768,'Huilong','Contraentrega'),(736,104,3,'4 Evergreen Place',0,0,1,'2022-06-17 00:00:00','Lauretta Hobgen','lhobgen2u@example.com','97696 Texas Avenue','(717) 9416441',43,3570,'Caucete','Contraentrega'),(737,51,1,'0 Manitowish Drive',0,0,5,'2022-02-08 00:00:00','Nevil Bartoszinski','nbartoszinski1d@mozilla.org','30 American Lane','(554) 3969049',182,1833,'Caçador','Contraentrega'),(738,49,1,'084 Mariners Cove Trail',0,0,4,'2022-01-01 00:00:00','Karita Leynagh','kleynagh1b@geocities.jp','38352 Norway Maple Lane','(545) 3683583',33,1216,'Tegalwero','Entrega en local'),(739,230,1,'009 Golden Leaf Street',0,0,1,'2022-07-28 00:00:00','Lucienne Skerme','lskerme6c@myspace.com','15 Westend Road','(379) 6710125',158,4059,'Aba','Entrega en local'),(740,645,3,'15572 Logan Hill',0,0,2,'2022-02-24 00:00:00','Roxana McCarthy','rmccarthyhv@blogs.com','13 Straubel Point','(889) 7477965',134,248,'Mishan','Entrega en local'),(741,507,2,'18217 Sutherland Junction',0,0,1,'2022-07-07 00:00:00','Dorene Ambroix','dambroixe1@wix.com','67327 Clove Street','(911) 4382756',12,2023,'Gabès','Entrega en local'),(742,638,2,'48052 Summit Street',0,0,2,'2022-01-16 00:00:00','Fax Patters','fpattersho@mapy.cz','13 Moland Drive','(185) 8170800',102,1792,'Dapawan','Entrega en local'),(743,431,3,'004 Messerschmidt Crossing',0,0,5,'2022-05-22 00:00:00','Aggi Cordelet','acordeletbx@army.mil','14 Brown Road','(601) 2993274',12,2023,'Guarda Nova','Entrega en local'),(744,418,3,'36 Debs Road',0,0,4,'2022-04-01 00:00:00','Winfield Eleshenar','weleshenarbk@amazonaws.com','79305 Mccormick Avenue','(870) 3884044',21,2954,'Créteil','Entrega en local'),(745,833,2,'46841 Vermont Trail',0,0,5,'2022-08-07 00:00:00','Kelvin Rosenboim','krosenboimn3@msu.edu','74285 Corscot Parkway','(131) 6680785',236,2536,'Dayr al Ghu??n','Entrega en local'),(746,655,1,'1 American Street',0,0,1,'2022-03-19 00:00:00','Correy Dight','cdighti5@mit.edu','13 Claremont Lane','(934) 7040479',248,3723,'Villeta','Entrega en local'),(747,551,2,'56 Village Alley',0,0,1,'2022-01-24 00:00:00','Nicolai Keirl','nkeirlf9@wunderground.com','8 Michigan Trail','(698) 1663655',218,1463,'Yuqunweng','Entrega en local'),(748,340,2,'8 Lillian Place',0,0,3,'2022-03-12 00:00:00','Eadith Smeuin','esmeuin9e@sina.com.cn','691 Hanson Parkway','(385) 2958353',53,1209,'Niepos','Entrega en local'),(749,196,2,'1 Garrison Pass',0,0,3,'2022-04-24 00:00:00','Omar Gley','ogley5e@topsy.com','7 Towne Park','(620) 6646007',173,3678,'Duqiao','Entrega en local'),(750,630,3,'856 Schurz Place',0,0,5,'2022-02-24 00:00:00','Susan Donnelly','sdonnellyhg@xinhuanet.com','2498 Rieder Way','(552) 2075450',172,2770,'Qümong','Entrega en local'),(751,803,1,'695 Farmco Crossing',0,0,4,'2022-06-18 00:00:00','Timotheus Haggleton','thaggletonm9@ask.com','15 Morningstar Plaza','(961) 5153796',69,3555,'Ganlin','Entrega en local'),(752,772,1,'98943 Alpine Plaza',0,0,2,'2022-04-21 00:00:00','Rosetta Braisher','rbraisherle@photobucket.com','79615 Scoville Junction','(672) 7493373',134,248,'Jaruco','Depacho en sitio'),(753,631,1,'5120 Kennedy Parkway',0,0,4,'2022-06-11 00:00:00','Leeann Buche','lbuchehh@plala.or.jp','71 Mifflin Court','(254) 7671549',208,2787,'Jianqiao','Depacho en sitio'),(754,323,3,'3506 Bartillon Plaza',0,0,2,'2022-08-27 00:00:00','Alina Neising','aneising8x@nationalgeographic.com','15 Luster Alley','(999) 1168738',33,1216,'Sanqishi','Depacho en sitio'),(755,668,1,'53 Fair Oaks Street',0,0,3,'2022-08-25 00:00:00','Juliane Dax','jdaxii@simplemachines.org','8682 Oakridge Parkway','(808) 7854073',146,1961,'Banyuresmi','Depacho en sitio'),(756,532,2,'3511 Magdeline Park',0,0,2,'2022-09-01 00:00:00','Paddie Arenson','parensoneq@pen.io','1079 Anthes Hill','(470) 9652686',237,4772,'Tocumen','Depacho en sitio'),(757,201,1,'17432 Nevada Lane',0,0,4,'2022-08-28 00:00:00','Zonnya Corps','zcorps5j@abc.net.au','1881 Mendota Parkway','(117) 8021434',202,4778,'Longgao','Depacho en sitio'),(758,575,1,'4712 Golf Circle',0,0,5,'2022-05-13 00:00:00','Bruis Barkway','bbarkwayfx@nsw.gov.au','50250 Sutteridge Avenue','(895) 8523037',143,2580,'Pak Phayun','Depacho en sitio'),(759,958,1,'077 Gulseth Parkway',0,0,1,'2022-05-08 00:00:00','Maribel Crouse','mcrouseqk@forbes.com','96429 Morningstar Avenue','(975) 3755532',196,3711,'Cruzeiro','Entrega en local'),(760,41,1,'9664 Northland Place',0,0,5,'2022-06-29 00:00:00','Gladi Cartmale','gcartmale13@intel.com','3490 Jana Court','(983) 4686139',119,978,'Limanowa','Entrega en local'),(761,994,1,'9 Pleasure Avenue',0,0,3,'2022-09-04 00:00:00','Virgina Raiman','vraimanrk@answers.com','13 Clemons Way','(839) 8203415',57,744,'Sindong','Entrega en local'),(762,137,1,'4 Village Drive',0,0,5,'2022-07-31 00:00:00','Kenon Rubbert','krubbert3r@dot.gov','31299 Eastwood Hill','(364) 5652058',25,4860,'Sampaloc','Entrega en local'),(763,296,3,'14279 Summer Ridge Park',0,0,1,'2022-01-19 00:00:00','Norrie Iacobucci','niacobucci86@blogger.com','633 Meadow Vale Avenue','(596) 1806159',131,3082,'Caqu','Entrega en local'),(764,219,1,'0225 Melrose Place',0,0,1,'2022-08-28 00:00:00','Germain Bramstom','gbramstom61@baidu.com','5966 Spenser Center','(305) 6808246',57,744,'Macachín','Entrega en local'),(765,506,1,'91807 Moland Plaza',0,0,3,'2022-06-28 00:00:00','Marys Coldtart','mcoldtarte0@amazon.co.uk','84 Steensland Park','(949) 6877006',224,2550,'Sada','Entrega en local'),(766,50,2,'1010 Burning Wood Terrace',0,0,5,'2022-03-12 00:00:00','Coretta Uzielli','cuzielli1c@livejournal.com','10 Rusk Way','(141) 2404314',98,4883,'Nicoya','Entrega en local'),(767,78,2,'00 Caliangt Terrace',0,0,1,'2022-02-24 00:00:00','Lidia Binks','lbinks24@wikispaces.com','34179 Upham Hill','(136) 6496041',237,4772,'El Paso','Entrega en local'),(768,905,1,'8011 La Follette Pass',0,0,2,'2022-05-27 00:00:00','Cedric Wherrit','cwherritp3@youtube.com','658 Utah Court','(223) 8415521',97,4041,'?shkh?neh','Entrega en local'),(769,761,1,'83178 Monterey Lane',0,0,2,'2022-05-17 00:00:00','Danyelle Kinnett','dkinnettl3@huffingtonpost.com','82 Morning Court','(478) 4760582',224,2550,'Gobernador Ingeniero Valentín Virasoro','Entrega en local'),(770,993,2,'9821 Doe Crossing Place',0,0,5,'2022-02-01 00:00:00','Floyd Bardey','fbardeyrj@soundcloud.com','92529 Ilene Point','(982) 9575829',216,3402,'Cascavel','Entrega en local'),(771,497,3,'4 Derek Way',0,0,1,'2022-07-23 00:00:00','Saxon Veronique','sveroniquedr@github.io','2919 Barby Court','(718) 4732296',242,5072,'Moyogalpa','Entrega en local'),(772,123,3,'7 Pawling Lane',0,0,4,'2022-01-11 00:00:00','Mirilla Robertazzi','mrobertazzi3d@umn.edu','16 Dawn Street','(164) 6633696',56,272,'Novyy Oskol','Entrega en local'),(773,961,2,'12601 Monterey Pass',0,0,1,'2022-03-19 00:00:00','Barrie Peasegod','bpeasegodqn@chron.com','78 Bartillon Road','(315) 7457937',44,2823,'?yse','Entrega en local'),(774,324,2,'7 Granby Circle',0,0,1,'2022-04-24 00:00:00','Isabelita Sweeting','isweeting8y@etsy.com','98 Forest Way','(362) 9693721',73,1916,'Uruobo-Okija','Entrega en local'),(775,905,2,'68141 Superior Road',0,0,3,'2022-06-15 00:00:00','Cedric Wherrit','cwherritp3@youtube.com','4345 Kingsford Pass','(223) 8415521',97,4041,'Xiongjia','Entrega en local'),(776,414,1,'15 Maryland Point',0,0,4,'2022-02-04 00:00:00','Kevin Tuckley','ktuckleybg@over-blog.com','493 Esker Lane','(996) 6223243',16,518,'Miami','Entrega en local'),(777,702,1,'5 Marquette Street',0,0,3,'2022-03-26 00:00:00','Ragnar Sember','rsemberjg@cyberchimps.com','912 Maple Parkway','(985) 8183937',112,141,'Huangtang','Entrega en local'),(778,132,2,'01765 Vermont Alley',0,0,4,'2022-03-23 00:00:00','Vassili Perschke','vperschke3m@dailymotion.com','9 Monica Center','(714) 5437501',17,3593,'El Triunfo de la Cruz','Entrega en local'),(779,981,1,'95037 Ludington Parkway',0,0,3,'2022-04-25 00:00:00','Kingsley Kellaway','kkellawayr7@paypal.com','84 Aberg Alley','(778) 7514183',12,2023,'Hexi','Entrega en local'),(780,886,3,'66802 5th Avenue',0,0,4,'2022-03-30 00:00:00','Abigail Boulton','aboultonok@scribd.com','48 Loomis Parkway','(607) 1522406',99,1027,'Shangshuai','Entrega en local'),(781,842,1,'2419 Hayes Trail',0,0,2,'2022-05-11 00:00:00','Zarah Prestige','zprestigenc@t.co','32009 Shopko Alley','(191) 1193462',114,1830,'Nikolsk','Entrega en local'),(782,935,2,'719 Eastlawn Road',0,0,2,'2022-07-16 00:00:00','Cazzie Yakunikov','cyakunikovpx@msn.com','14 Morning Lane','(419) 1011655',10,3703,'Longqiao','Entrega en local'),(783,251,1,'49071 Oneill Pass',0,0,1,'2022-06-17 00:00:00','Kailey Stow','kstow6x@tuttocitta.it','33 Lake View Place','(656) 3209591',152,34,'Letlhakane','Entrega en local'),(784,306,1,'1 Carey Pass',0,0,1,'2022-07-02 00:00:00','Dun Gallaher','dgallaher8g@youtu.be','16 Waxwing Hill','(839) 7524301',247,1951,'Lagoa Santa','Entrega en local'),(785,414,1,'0 Rowland Trail',0,0,1,'2022-02-24 00:00:00','Kevin Tuckley','ktuckleybg@over-blog.com','16 Bluestem Drive','(996) 6223243',16,518,'Atap','Entrega en local'),(786,236,2,'1137 Mayer Avenue',0,0,2,'2022-04-07 00:00:00','Xena Rebbeck','xrebbeck6i@amazon.com','7 Fremont Point','(345) 9987616',242,5072,'Zhongdong','Entrega en local'),(787,125,3,'589 Waywood Pass',0,0,2,'2022-05-20 00:00:00','Romona Renad','rrenad3f@cbc.ca','5485 Namekagon Pass','(381) 7010123',199,4649,'Phra Phutthabat','Depacho en sitio'),(788,982,3,'4514 Bultman Junction',0,0,5,'2022-04-10 00:00:00','Garth Bester','gbesterr8@telegraph.co.uk','561 Northland Circle','(486) 1790715',196,3711,'Mi?r?tah','Depacho en sitio'),(789,726,2,'45854 Towne Road',0,0,2,'2022-09-02 00:00:00','Thea Shears','tshearsk4@chron.com','5803 Eagle Crest Point','(328) 5958830',121,2281,'Yuannan','Depacho en sitio'),(790,202,1,'0091 Macpherson Trail',0,0,4,'2022-01-03 00:00:00','Jeniffer Grinyer','jgrinyer5k@chicagotribune.com','20 Evergreen Alley','(549) 1985239',222,3911,'He?man?v M?stec','Depacho en sitio'),(791,776,3,'5783 Mariners Cove Circle',0,0,4,'2022-02-19 00:00:00','Marna Kenningley','mkenningleyli@a8.net','16 Montana Terrace','(616) 2297161',20,1220,'Oof','Depacho en sitio'),(792,101,1,'83 American Ash Terrace',0,0,2,'2022-07-26 00:00:00','Audy Zouch','azouch2r@sina.com.cn','405 Fordem Parkway','(923) 2073661',37,3972,'Herrera','Depacho en sitio'),(793,398,1,'9185 Morrow Street',0,0,5,'2022-08-04 00:00:00','Nye MacCarter','nmaccarterb0@archive.org','8943 1st Way','(762) 8179752',142,3447,'Komsomolsk','Depacho en sitio'),(794,340,3,'9 Swallow Terrace',0,0,1,'2022-03-05 00:00:00','Eadith Smeuin','esmeuin9e@sina.com.cn','119 Packers Alley','(385) 2958353',53,1209,'Qiansuo','Contraentrega'),(795,36,2,'6 Grasskamp Way',0,0,1,'2022-03-27 00:00:00','Emalee Dymocke','edymockey@issuu.com','10 Huxley Street','(915) 7789380',97,4041,'Wuyang','Contraentrega'),(796,446,1,'44 Texas Court',0,0,1,'2022-08-06 00:00:00','Nadya Landall','nlandallcc@istockphoto.com','7585 Hayes Center','(786) 8611063',176,1622,'Paris 25','Contraentrega'),(797,746,2,'9 Brentwood Way',0,0,4,'2022-09-12 00:00:00','Risa Petzolt','rpetzoltko@state.tx.us','13 Longview Hill','(634) 7165429',203,915,'Tianzhu','Contraentrega'),(798,150,1,'388 Twin Pines Lane',0,0,2,'2022-01-27 00:00:00','Minetta Vest','mvest44@apple.com','1434 Arkansas Road','(588) 3382973',135,74,'Zhouzai','Contraentrega'),(799,761,1,'0 Mccormick Hill',0,0,5,'2022-05-08 00:00:00','Danyelle Kinnett','dkinnettl3@huffingtonpost.com','544 Thierer Terrace','(478) 4760582',224,2550,'Hiroshima-shi','Contraentrega'),(800,932,2,'57478 Valley Edge Court',0,0,1,'2022-02-05 00:00:00','Edythe Sherington','esheringtonpu@ovh.net','15 Dahle Place','(327) 7274661',156,2610,'Gastoúni','Depacho en sitio'),(801,45,1,'34 Moose Lane',0,0,2,'2022-02-14 00:00:00','Hillary Maciocia','hmaciocia17@adobe.com','88 Glendale Crossing','(457) 9415944',145,4917,'Kaniów','Depacho en sitio'),(802,235,3,'8 Declaration Pass',0,0,3,'2022-04-18 00:00:00','Sula Brevitt','sbrevitt6h@latimes.com','2311 Kim Park','(761) 8999431',207,1146,'Tulcán','Depacho en sitio'),(803,682,3,'51 Susan Circle',0,0,1,'2022-04-04 00:00:00','Zara Jellings','zjellingsiw@vimeo.com','71 Forest Dale Avenue','(639) 6972425',61,4076,'Changning','Depacho en sitio'),(804,576,1,'2298 Corscot Hill',0,0,1,'2022-05-13 00:00:00','Aaron Van Hesteren','avanhesterenfy@mapquest.com','15 Mendota Circle','(239) 9968364',222,3911,'Escazú','Contraentrega'),(805,772,2,'8536 Mitchell Park',0,0,3,'2022-01-05 00:00:00','Rosetta Braisher','rbraisherle@photobucket.com','714 Duke Way','(672) 7493373',134,248,'Suian','Contraentrega'),(806,732,2,'864 Luster Pass',0,0,4,'2022-09-04 00:00:00','Agustin Cowling','acowlingka@ask.com','9952 Forest Run Plaza','(331) 8164881',67,3438,'Slyudyanka','Contraentrega'),(807,67,1,'59 Pennsylvania Alley',0,0,3,'2022-05-31 00:00:00','Kirsti Symms','ksymms1t@drupal.org','28 Oak Court','(175) 8217214',233,1398,'Ust-Labinsk','Contraentrega'),(808,316,1,'26823 Toban Road',0,0,1,'2022-08-21 00:00:00','Kristan Adriano','kadriano8q@ocn.ne.jp','32 Pleasure Point','(175) 4841280',20,1220,'Gainesville','Contraentrega'),(809,248,2,'3309 Ryan Place',0,0,5,'2022-01-26 00:00:00','Ritchie Simm','rsimm6u@w3.org','107 Larry Place','(636) 4547993',196,3711,'Sóc Tr?ng','Contraentrega'),(810,482,2,'1 Hansons Alley',0,0,2,'2022-03-24 00:00:00','Madelina Stavers','mstaversdc@cocolog-nifty.com','648 Stuart Terrace','(599) 5685924',61,4076,'Zipárion','Contraentrega'),(811,393,1,'370 Utah Drive',0,0,4,'2022-09-01 00:00:00','Zahara Restorick','zrestorickav@umn.edu','14 Vera Avenue','(259) 1211578',14,3903,'Kadipaten','Contraentrega'),(812,76,2,'74 Ramsey Point',0,0,2,'2022-05-03 00:00:00','Aguie Kalkofer','akalkofer22@list-manage.com','250 Northwestern Road','(331) 7844460',107,1664,'Gujba','Contraentrega'),(813,919,3,'783 Kings Circle',0,0,2,'2022-06-10 00:00:00','Geneva Matuszinski','gmatuszinskiph@phpbb.com','14 Pepper Wood Center','(954) 7563340',115,3995,'Söderköping','Contraentrega'),(814,458,1,'51582 School Junction',0,0,5,'2022-03-24 00:00:00','Mellisa Leggon','mleggonco@marriott.com','75498 Clarendon Court','(718) 3116480',43,3570,'Khao Kho','Contraentrega'),(815,299,1,'6518 Portage Drive',0,0,5,'2022-05-13 00:00:00','Aubree Riach','ariach89@google.pl','66 Stone Corner Alley','(352) 1027825',117,972,'Poitiers','Contraentrega'),(816,552,3,'0055 Golf View Way',0,0,2,'2022-06-18 00:00:00','Arabele Ewenson','aewensonfa@ox.ac.uk','11 Sheridan Terrace','(911) 7580538',161,288,'Logroño','Contraentrega'),(817,1001,3,'42 Mallard Circle',0,0,4,'2022-04-27 00:00:00','Edik Randlesome','erandlesomerr@is.gd','556 Hovde Avenue','(888) 3593378',108,3742,'Medellín','Contraentrega'),(818,439,3,'73537 Hollow Ridge Hill',0,0,4,'2022-08-13 00:00:00','Hortense Manderson','hmandersonc5@google.com.br','651 Vermont Parkway','(790) 6355444',73,1916,'Banjarjo','Contraentrega'),(819,504,1,'021 Lakeland Drive',0,0,4,'2022-05-02 00:00:00','Lizbeth OShiels','loshielsdy@behance.net','747 Kingsford Alley','(383) 1681323',31,1997,'Naberezhnyye Chelny','Contraentrega'),(820,18,2,'84128 Beilfuss Junction',0,0,4,'2022-02-22 00:00:00','Hewett Pavitt','hpavittg@google.it','751 Hudson Crossing','(349) 5786618',57,744,'Itambé','Contraentrega'),(821,463,3,'61049 Cody Center',0,0,3,'2022-04-04 00:00:00','Martino Ferrelli','mferrellict@mit.edu','16 Loftsgordon Drive','(615) 5703363',160,67,'s-Hertogenbosch','Contraentrega'),(822,405,1,'4410 Muir Park',0,0,5,'2022-07-11 00:00:00','Danni Barth','dbarthb7@cocolog-nifty.com','49067 Mitchell Way','(615) 1730514',1,3870,'Rouen','Contraentrega'),(823,976,2,'02 Marcy Parkway',0,0,3,'2022-07-08 00:00:00','Caressa Blind','cblindr2@intel.com','28520 Anzinger Park','(663) 3290201',61,4076,'Biny Selo','Contraentrega'),(824,656,3,'9920 Hollow Ridge Parkway',0,0,4,'2022-08-10 00:00:00','Tamra Zmitruk','tzmitruki6@china.com.cn','17151 Russell Trail','(757) 5810439',153,4654,'Niamtougou','Contraentrega'),(825,880,2,'3 Arapahoe Avenue',0,0,5,'2022-06-16 00:00:00','Shaun Land','slandoe@nba.com','13175 Mendota Lane','(678) 4066205',242,5072,'El Nido','Contraentrega'),(826,768,3,'8175 Mallard Pass',0,0,3,'2022-08-27 00:00:00','Floris Eliaz','feliazla@sbwire.com','6700 Elgar Parkway','(103) 8182027',107,1664,'Javarthushuu','Contraentrega'),(827,853,1,'4587 Judy Alley',0,0,2,'2022-05-04 00:00:00','Crawford Shoutt','cshouttnn@aol.com','463 Superior Court','(615) 6646843',111,956,'Minante Segundo','Contraentrega'),(828,501,1,'2 Blackbird Trail',0,0,2,'2022-04-13 00:00:00','Rosalie Thacke','rthackedv@blogspot.com','938 Dahle Plaza','(958) 8381908',186,3756,'Picungbera','Contraentrega'),(829,67,3,'95 Northport Park',0,0,1,'2022-08-08 00:00:00','Kirsti Symms','ksymms1t@drupal.org','4048 Ridgeview Crossing','(175) 8217214',233,1398,'Sangesi','Contraentrega'),(830,736,3,'975 4th Center',0,0,2,'2022-06-26 00:00:00','Sianna Hadigate','shadigateke@cdbaby.com','15 Blaine Street','(578) 5269779',144,4360,'Kemlya','Contraentrega'),(831,316,1,'6721 Quincy Parkway',0,0,4,'2022-02-13 00:00:00','Kristan Adriano','kadriano8q@ocn.ne.jp','90618 Transport Park','(175) 4841280',20,1220,'Garoua Boulaï','Contraentrega'),(832,333,1,'309 Lighthouse Bay Road',0,0,3,'2022-05-03 00:00:00','Jaymee Birden','jbirden97@npr.org','4582 Northland Circle','(316) 3831918',11,3634,'Porsgrunn','Contraentrega'),(833,487,3,'3614 Sycamore Street',0,0,1,'2022-04-04 00:00:00','Aurel Gaudin','agaudindh@ifeng.com','94801 Northwestern Junction','(407) 4783324',17,3593,'Tevriz','Contraentrega'),(834,459,2,'55103 Gerald Alley',0,0,2,'2022-06-20 00:00:00','Sibyl Antognelli','santognellicp@joomla.org','665 Kropf Parkway','(427) 5473868',85,2095,'Huilong','Contraentrega'),(835,944,1,'57018 Maple Wood Junction',0,0,5,'2022-05-15 00:00:00','Ara Casemore','acasemoreq6@friendfeed.com','97696 Texas Avenue','(647) 7754073',232,2289,'Caucete','Contraentrega'),(836,450,1,'96 Gerald Pass',0,0,4,'2022-07-03 00:00:00','Arlie Stockell','astockellcg@fc2.com','31 American Lane','(700) 7963348',235,3203,'Caçador','Contraentrega'),(837,292,2,'0 East Plaza',0,0,4,'2022-08-18 00:00:00','Jacynth Seargeant','jseargeant82@addtoany.com','38353 Norway Maple Lane','(855) 5891606',216,3402,'Tegalwero','Entrega en local'),(838,363,3,'048 Jenna Crossing',0,0,2,'2022-04-29 00:00:00','Bobbie Harwood','bharwooda1@geocities.jp','16 Westend Road','(549) 8453469',235,3203,'Aba','Entrega en local'),(839,379,1,'15730 Golf View Terrace',0,0,1,'2022-04-07 00:00:00','Annalee Lob','alobah@jiathis.com','14 Straubel Point','(179) 4043900',67,3438,'Mishan','Entrega en local'),(840,820,1,'927 Johnson Center',0,0,1,'2022-09-01 00:00:00','Marietta Linnett','mlinnettmq@sohu.com','67327 Clove Street','(670) 2772418',237,4772,'Gabès','Entrega en local'),(841,632,1,'315 Roxbury Junction',0,0,5,'2022-05-29 00:00:00','Orv Du Plantier','oduplantierhi@ucsd.edu','97696 Texas Avenue','(916) 4641564',109,820,'Dapawan','Entrega en local'),(842,568,2,'9 Hazelcrest Pass',0,0,1,'2022-02-22 00:00:00','Wynn Bunstone','wbunstonefq@over-blog.com','31 American Lane','(314) 5765704',10,3703,'Guarda Nova','Entrega en local'),(843,237,3,'8 Carioca Place',0,0,2,'2022-03-28 00:00:00','Robby Chandlar','rchandlar6j@ameblo.jp','38353 Norway Maple Lane','(986) 8577048',43,3570,'Créteil','Entrega en local'),(844,771,1,'8 Golf Alley',0,0,5,'2022-03-12 00:00:00','Karylin Thunnerclef','kthunnerclefld@slate.com','16 Westend Road','(407) 2650694',185,3831,'Dayr al Ghu??n','Entrega en local'),(845,469,1,'45 Roth Junction',0,0,3,'2022-03-07 00:00:00','Tremain Metzel','tmetzelcz@cocolog-nifty.com','14 Straubel Point','(938) 3333893',156,2610,'Villeta','Entrega en local'),(846,733,3,'93 Summerview Way',0,0,4,'2022-07-09 00:00:00','Giffer Vance','gvancekb@nifty.com','67327 Clove Street','(966) 1103927',82,3005,'Yuqunweng','Entrega en local'),(847,757,1,'6 Summit Road',0,0,2,'2022-05-27 00:00:00','Fraze Ibbett','fibbettkz@intel.com','14 Moland Drive','(242) 2504950',142,3447,'Niepos','Entrega en local'),(848,867,3,'263 Dennis Trail',0,0,5,'2022-04-08 00:00:00','Kai Yurygyn','kyurygyno1@va.gov','15 Brown Road','(686) 1690095',134,248,'Duqiao','Entrega en local'),(849,475,1,'68 Hagan Road',0,0,5,'2022-02-16 00:00:00','Berta Coleborn','bcolebornd5@forbes.com','79305 Mccormick Avenue','(208) 3578330',246,1982,'Qümong','Entrega en local'),(850,663,3,'90873 Arizona Alley',0,0,5,'2022-08-24 00:00:00','Sibby Mateiko','smateikoid@delicious.com','74285 Corscot Parkway','(734) 9508304',12,2023,'Ganlin','Entrega en local'),(851,821,3,'73298 Lindbergh Road',0,0,3,'2022-06-28 00:00:00','Aubrey McRory','amcrorymr@umn.edu','14 Claremont Lane','(157) 5959356',18,1992,'Jaruco','Depacho en sitio'),(852,698,1,'2032 Karstens Point',0,0,5,'2022-08-12 00:00:00','Sheilah Castelow','scastelowjc@oracle.com','9 Michigan Trail','(517) 8427425',104,3954,'Jianqiao','Depacho en sitio'),(853,940,2,'7924 Merchant Junction',0,0,4,'2022-06-11 00:00:00','Benita McMoyer','bmcmoyerq2@toplist.cz','692 Hanson Parkway','(858) 9851600',186,3756,'Sanqishi','Depacho en sitio'),(854,361,3,'8450 Almo Crossing',0,0,3,'2022-06-10 00:00:00','Virge Barukh','vbarukh9z@ocn.ne.jp','8 Towne Park','(310) 1086290',186,3756,'Banyuresmi','Depacho en sitio'),(855,6,3,'20744 Hayes Center',0,0,5,'2022-06-27 00:00:00','Wendie Pietruszka','wpietruszka4@spiegel.de','2499 Rieder Way','(963) 1099835',67,3438,'Tocumen','Depacho en sitio'),(856,684,2,'775 Cardinal Court',0,0,1,'2022-02-14 00:00:00','Torie Victory','tvictoryiy@unblog.fr','16 Morningstar Plaza','(859) 1429413',108,3742,'Longgao','Depacho en sitio'),(857,196,2,'92 Mifflin Place',0,0,5,'2022-06-20 00:00:00','Omar Gley','ogley5e@topsy.com','79615 Scoville Junction','(620) 6646007',173,3678,'Pak Phayun','Depacho en sitio'),(858,326,1,'785 Tomscot Point',0,0,2,'2022-03-30 00:00:00','Faina Santello','fsantello90@histats.com','72 Mifflin Court','(356) 7341493',186,3756,'Cruzeiro','Entrega en local'),(859,31,3,'1067 Summerview Parkway',0,0,3,'2022-02-17 00:00:00','Pauly Abbett','pabbettt@google.es','16 Luster Alley','(864) 4533873',177,2228,'Limanowa','Entrega en local'),(860,357,2,'791 Raven Plaza',0,0,2,'2022-07-16 00:00:00','Marin Blundel','mblundel9v@ucoz.com','8683 Oakridge Parkway','(156) 1902619',151,2133,'Sindong','Entrega en local'),(861,947,2,'5 Buell Way',0,0,5,'2022-02-17 00:00:00','Ricky Biggin','rbigginq9@jimdo.com','1080 Anthes Hill','(945) 9584264',198,911,'Sampaloc','Entrega en local'),(862,872,2,'8 Leroy Junction',0,0,5,'2022-03-10 00:00:00','Selby Richin','srichino6@tripadvisor.com','1882 Mendota Parkway','(701) 2205852',161,288,'Caqu','Entrega en local'),(863,297,1,'3718 Sauthoff Point',0,0,3,'2022-04-21 00:00:00','Delbert Wyard','dwyard87@omniture.com','50251 Sutteridge Avenue','(675) 1146783',69,3555,'Macachín','Entrega en local'),(864,803,1,'78 Golden Leaf Street',0,0,5,'2022-08-30 00:00:00','Timotheus Haggleton','thaggletonm9@ask.com','96429 Morningstar Avenue','(961) 5153796',69,3555,'Sada','Entrega en local'),(865,12,3,'02 Dexter Avenue',0,0,5,'2022-08-03 00:00:00','Cassandra Treasaden','ctreasadena@imdb.com','3491 Jana Court','(197) 8182538',225,2148,'Nicoya','Entrega en local'),(866,652,2,'40180 Garrison Point',0,0,4,'2022-01-03 00:00:00','Jacky Regina','jreginai2@baidu.com','14 Clemons Way','(534) 1031500',129,640,'El Paso','Entrega en local'),(867,905,3,'93 Summit Point',0,0,5,'2022-01-27 00:00:00','Cedric Wherrit','cwherritp3@youtube.com','31300 Eastwood Hill','(223) 8415521',97,4041,'?shkh?neh','Entrega en local'),(868,220,1,'64908 Boyd Place',0,0,3,'2022-04-25 00:00:00','Antin Ziemsen','aziemsen62@bloomberg.com','634 Meadow Vale Avenue','(329) 4890570',233,1398,'Gobernador Ingeniero Valentín Virasoro','Entrega en local'),(869,794,1,'13 Graedel Pass',0,0,3,'2022-07-24 00:00:00','Rurik Prickett','rprickettm0@omniture.com','5967 Spenser Center','(794) 2163078',129,640,'Cascavel','Entrega en local'),(870,29,2,'111 Karstens Center',0,0,5,'2022-03-30 00:00:00','Lynett Morrel','lmorrelr@mapy.cz','85 Steensland Park','(526) 6263471',93,2712,'Moyogalpa','Entrega en local'),(871,215,3,'5 Haas Hill',0,0,5,'2022-03-24 00:00:00','Abigale Taffe','ataffe5x@harvard.edu','11 Rusk Way','(958) 9847116',195,473,'Novyy Oskol','Entrega en local'),(872,803,1,'277 Drewry Avenue',0,0,3,'2022-07-14 00:00:00','Timotheus Haggleton','thaggletonm9@ask.com','34180 Upham Hill','(961) 5153796',69,3555,'?yse','Entrega en local'),(873,343,3,'754 Fulton Way',0,0,4,'2022-03-22 00:00:00','Ivory Gann','igann9h@goo.ne.jp','659 Utah Court','(340) 3738839',58,4542,'Uruobo-Okija','Entrega en local'),(874,676,3,'5629 Mccormick Lane',0,0,1,'2022-06-11 00:00:00','Laura Benford','lbenfordiq@eventbrite.com','83 Morning Court','(606) 7937585',240,3768,'Xiongjia','Entrega en local'),(875,686,3,'5511 Troy Avenue',0,0,2,'2022-05-15 00:00:00','Jennette Darleston','jdarlestonj0@admin.ch','92529 Ilene Point','(674) 9241244',107,1664,'Miami','Entrega en local'),(876,506,1,'91593 Sloan Parkway',0,0,4,'2022-08-17 00:00:00','Marys Coldtart','mcoldtarte0@amazon.co.uk','2920 Barby Court','(949) 6877006',224,2550,'Huangtang','Entrega en local'),(877,327,3,'9 Amoth Court',0,0,2,'2022-06-29 00:00:00','Kari Archbutt','karchbutt91@elegantthemes.com','17 Dawn Street','(829) 3688797',222,3911,'El Triunfo de la Cruz','Entrega en local'),(878,194,3,'40 Waubesa Parkway',0,0,2,'2022-07-25 00:00:00','Briana Mutton','bmutton5c@livejournal.com','79 Bartillon Road','(756) 4976993',156,2610,'Hexi','Entrega en local'),(879,623,1,'66218 Burrows Street',0,0,5,'2022-01-31 00:00:00','Alyda Cohan','acohanh9@virginia.edu','99 Forest Way','(242) 4447697',196,3711,'Shangshuai','Entrega en local'),(880,828,1,'4165 Milwaukee Drive',0,0,1,'2022-04-10 00:00:00','Ryann McLarty','rmclartymy@flickr.com','4346 Kingsford Pass','(894) 6815397',43,3570,'Nikolsk','Entrega en local'),(881,323,2,'78 Tennessee Circle',0,0,2,'2022-01-05 00:00:00','Alina Neising','aneising8x@nationalgeographic.com','494 Esker Lane','(999) 1168738',33,1216,'Longqiao','Entrega en local'),(882,981,1,'21 Thierer Center',0,0,1,'2022-03-02 00:00:00','Kingsley Kellaway','kkellawayr7@paypal.com','913 Maple Parkway','(778) 7514183',12,2023,'Letlhakane','Entrega en local'),(883,793,2,'91114 Vera Drive',0,0,1,'2022-07-03 00:00:00','Damita Hancorn','dhancornlz@economist.com','10 Monica Center','(366) 3980103',129,640,'Lagoa Santa','Entrega en local'),(884,430,1,'815 Onsgard Road',0,0,1,'2022-05-26 00:00:00','Towny Gallego','tgallegobw@mit.edu','85 Aberg Alley','(447) 9434498',69,3555,'Atap','Entrega en local'),(885,790,2,'827 Eagan Hill',0,0,5,'2022-01-10 00:00:00','Dianne Peeter','dpeeterlw@usa.gov','49 Loomis Parkway','(788) 4606055',69,3555,'Zhongdong','Entrega en local'),(886,826,3,'9738 Stone Corner Hill',0,0,1,'2022-08-19 00:00:00','Erna Rief','eriefmw@booking.com','32010 Shopko Alley','(228) 1292098',122,3022,'Phra Phutthabat','Depacho en sitio'),(887,571,3,'8891 Rutledge Trail',0,0,1,'2022-06-09 00:00:00','Frankie Petrovsky','fpetrovskyft@purevolume.com','15 Morning Lane','(412) 6709460',176,1622,'Mi?r?tah','Depacho en sitio'),(888,45,3,'39781 Logan Drive',0,0,3,'2022-03-24 00:00:00','Hillary Maciocia','hmaciocia17@adobe.com','34 Lake View Place','(457) 9415944',145,4917,'Yuannan','Depacho en sitio'),(889,960,3,'2895 Corscot Alley',0,0,2,'2022-05-03 00:00:00','Camey Cummine','ccummineqm@slashdot.org','17 Waxwing Hill','(503) 7874603',118,997,'He?man?v M?stec','Depacho en sitio'),(890,972,3,'4 Lawn Place',0,0,3,'2022-07-11 00:00:00','Hewett Dennistoun','hdennistounqy@typepad.com','17 Bluestem Drive','(374) 2526711',217,3397,'Oof','Depacho en sitio'),(891,344,1,'3546 High Crossing Pass',0,0,4,'2022-07-08 00:00:00','Hillyer Savage','hsavage9i@discuz.net','8 Fremont Point','(816) 7430179',149,3265,'Herrera','Depacho en sitio'),(892,149,2,'03 Lien Hill',0,0,4,'2022-02-14 00:00:00','Sallyann Mangion','smangion43@booking.com','5486 Namekagon Pass','(636) 5436937',174,1269,'Komsomolsk','Depacho en sitio'),(893,139,2,'03 Arkansas Pass',0,0,1,'2022-06-10 00:00:00','Wylma Adamthwaite','wadamthwaite3t@webeden.co.uk','562 Northland Circle','(636) 5584082',119,978,'Qiansuo','Contraentrega'),(894,676,2,'69 Carioca Court',0,0,5,'2022-05-16 00:00:00','Laura Benford','lbenfordiq@eventbrite.com','5804 Eagle Crest Point','(606) 7937585',240,3768,'Wuyang','Contraentrega'),(895,578,2,'452 Ramsey Parkway',0,0,3,'2022-05-10 00:00:00','Kessiah Ollenbuttel','kollenbuttelg0@loc.gov','21 Evergreen Alley','(313) 8891097',124,2961,'Paris 26','Contraentrega'),(896,448,3,'35 Duke Street',0,0,2,'2022-01-19 00:00:00','Raf Hartshorn','rhartshornce@deliciousdays.com','17 Montana Terrace','(408) 3572416',210,2839,'Tianzhu','Contraentrega'),(897,890,2,'91460 Helena Point',0,0,5,'2022-03-23 00:00:00','Lacie Tiebe','ltiebeoo@ftc.gov','406 Fordem Parkway','(119) 9894507',94,2760,'Zhouzai','Contraentrega'),(898,171,1,'530 Forster Circle',0,0,2,'2022-06-15 00:00:00','Krisha Fulford','kfulford4p@t.co','8944 1st Way','(419) 3884592',173,3678,'Hiroshima-shi','Contraentrega'),(899,232,1,'8 East Way',0,0,5,'2022-03-30 00:00:00','Carlita Hanse','chanse6e@ucoz.com','120 Packers Alley','(528) 8317144',36,3185,'Gastoúni','Depacho en sitio'),(900,902,2,'027 Amoth Avenue',0,0,5,'2022-03-20 00:00:00','Charlot Bakewell','cbakewellp0@ehow.com','11 Huxley Street','(808) 2187041',103,3916,'Kaniów','Depacho en sitio'),(901,6,1,'09975 Northport Drive',0,0,1,'2022-03-16 00:00:00','Wendie Pietruszka','wpietruszka4@spiegel.de','7586 Hayes Center','(963) 1099835',67,3438,'Tulcán','Depacho en sitio'),(902,357,3,'8 Lakewood Gardens Hill',0,0,2,'2022-02-18 00:00:00','Marin Blundel','mblundel9v@ucoz.com','14 Longview Hill','(156) 1902619',151,2133,'Changning','Depacho en sitio'),(903,802,3,'1203 Schurz Crossing',0,0,1,'2022-03-07 00:00:00','Heddi Farre','hfarrem8@ucla.edu','1435 Arkansas Road','(169) 3344837',161,288,'Escazú','Contraentrega'),(904,684,2,'46666 Bayside Center',0,0,3,'2022-03-01 00:00:00','Torie Victory','tvictoryiy@unblog.fr','545 Thierer Terrace','(859) 1429413',108,3742,'Suian','Contraentrega'),(905,713,2,'57 Anderson Park',0,0,5,'2022-08-08 00:00:00','Jemmie McTerrelly','jmcterrellyjr@mac.com','16 Dahle Place','(679) 2603847',191,4761,'Slyudyanka','Contraentrega'),(906,239,3,'10 East Center',0,0,1,'2022-06-13 00:00:00','Dory Keal','dkeal6l@webmd.com','89 Glendale Crossing','(960) 4136298',230,4668,'Ust-Labinsk','Contraentrega'),(907,400,1,'417 Spaight Pass',0,0,5,'2022-01-15 00:00:00','Todd Marfield','tmarfieldb2@issuu.com','2312 Kim Park','(710) 4478246',194,2849,'Gainesville','Contraentrega'),(908,806,2,'7 Monterey Trail',0,0,5,'2022-02-09 00:00:00','Joannes Grindle','jgrindlemc@plala.or.jp','72 Forest Dale Avenue','(373) 1612139',150,3327,'Sóc Tr?ng','Contraentrega'),(909,231,2,'284 Oneill Junction',0,0,1,'2022-07-14 00:00:00','Hans Ledur','hledur6d@sina.com.cn','16 Mendota Circle','(822) 4007935',209,879,'Zipárion','Contraentrega'),(910,914,3,'0247 Washington Lane',0,0,3,'2022-02-02 00:00:00','Jan Ianniello','jianniellopc@com.com','715 Duke Way','(637) 5122164',212,968,'Kadipaten','Contraentrega'),(911,777,1,'85333 Declaration Circle',0,0,2,'2022-08-14 00:00:00','Farand Hincks','fhinckslj@cnn.com','9953 Forest Run Plaza','(808) 7509806',165,1006,'Gujba','Contraentrega'),(912,149,3,'0064 Ridge Oak Lane',0,0,1,'2022-08-26 00:00:00','Sallyann Mangion','smangion43@booking.com','29 Oak Court','(636) 5436937',174,1269,'Söderköping','Contraentrega'),(913,395,3,'1 Golf View Circle',0,0,4,'2022-03-06 00:00:00','Aldwin Pigden','apigdenax@joomla.org','33 Pleasure Point','(464) 7579661',130,2948,'Khao Kho','Contraentrega'),(914,417,3,'02024 Haas Plaza',0,0,3,'2022-01-16 00:00:00','Creighton Braunds','cbraundsbj@histats.com','108 Larry Place','(933) 5254785',219,3478,'Poitiers','Contraentrega'),(915,616,1,'214 Annamark Parkway',0,0,4,'2022-02-04 00:00:00','Earlie Fratson','efratsonh2@bloomberg.com','649 Stuart Terrace','(307) 2234096',172,2770,'Logroño','Contraentrega'),(916,413,2,'7 Dennis Road',0,0,2,'2022-04-08 00:00:00','Lon Harfleet','lharfleetbf@psu.edu','15 Vera Avenue','(547) 3603890',103,3916,'Medellín','Contraentrega'),(917,548,2,'18 Farmco Parkway',0,0,5,'2022-09-04 00:00:00','Al Mogg','amoggf6@clickbank.net','251 Northwestern Road','(973) 3210756',124,2961,'Banjarjo','Contraentrega'),(918,778,2,'9 Briar Crest Point',0,0,2,'2022-01-12 00:00:00','Marcile Bysouth','mbysouthlk@acquirethisname.com','15 Pepper Wood Center','(596) 8066282',108,3742,'Naberezhnyye Chelny','Contraentrega'),(919,32,1,'72 Eggendart Junction',0,0,3,'2022-06-15 00:00:00','Kassie Farn','kfarnu@sina.com.cn','75498 Clarendon Court','(618) 9525114',67,3438,'Itambé','Contraentrega'),(920,508,1,'78 Maywood Pass',0,0,2,'2022-01-23 00:00:00','Domeniga Queyos','dqueyose2@cornell.edu','67 Stone Corner Alley','(398) 2895336',248,3723,'s-Hertogenbosch','Contraentrega'),(921,246,1,'156 Beilfuss Circle',0,0,1,'2022-01-25 00:00:00','Norry Feast','nfeast6s@friendfeed.com','12 Sheridan Terrace','(456) 5263191',43,3570,'Rouen','Contraentrega'),(922,880,2,'8643 Hagan Street',0,0,5,'2022-05-05 00:00:00','Shaun Land','slandoe@nba.com','557 Hovde Avenue','(678) 4066205',242,5072,'Biny Selo','Contraentrega'),(923,313,1,'15063 Canary Park',0,0,1,'2022-03-17 00:00:00','Dayle Critcher','dcritcher8n@examiner.com','652 Vermont Parkway','(535) 4498028',231,3390,'Niamtougou','Contraentrega'),(924,70,2,'2 Marcy Drive',0,0,1,'2022-07-31 00:00:00','Karel Denyer','kdenyer1w@about.com','748 Kingsford Alley','(525) 2884605',20,1220,'El Nido','Contraentrega'),(925,406,3,'91114 Golf Course Hill',0,0,2,'2022-08-22 00:00:00','Karee OSheeryne','kosheeryneb8@miitbeian.gov.cn','752 Hudson Crossing','(243) 6129623',23,264,'Javarthushuu','Contraentrega'),(926,488,3,'207 North Pass',0,0,3,'2022-05-22 00:00:00','Olia Corteney','ocorteneydi@tuttocitta.it','17 Loftsgordon Drive','(294) 2945439',17,3593,'Minante Segundo','Contraentrega'),(927,530,2,'67 Barnett Place',0,0,5,'2022-03-14 00:00:00','Hogan Hinrich','hhinricheo@walmart.com','49068 Mitchell Way','(427) 5540483',99,1027,'Picungbera','Contraentrega'),(928,998,2,'63505 Hagan Park',0,0,2,'2022-08-05 00:00:00','Allissa Byres','abyresro@infoseek.co.jp','28521 Anzinger Park','(328) 5473065',85,2095,'Sangesi','Contraentrega'),(929,654,2,'159 Moose Street',0,0,2,'2022-03-01 00:00:00','Luce Beldon','lbeldoni4@taobao.com','17152 Russell Trail','(807) 3014824',193,270,'Kemlya','Contraentrega'),(930,362,3,'30196 Little Fleur Street',0,0,3,'2022-01-22 00:00:00','Mickey Bestiman','mbestimana0@xing.com','13176 Mendota Lane','(536) 4259241',177,2228,'Garoua Boulaï','Contraentrega'),(931,206,3,'46675 Stang Street',0,0,1,'2022-01-16 00:00:00','Robert Freen','rfreen5o@si.edu','6701 Elgar Parkway','(603) 9702409',246,1982,'Porsgrunn','Contraentrega'),(932,3,2,'95 Donald Crossing',0,0,4,'2022-01-04 00:00:00','Quincey Gemeau','qgemeau1@skype.com','464 Superior Court','(963) 6483630',67,3438,'Tevriz','Contraentrega'),(933,914,1,'6188 Warrior Avenue',0,0,3,'2022-06-22 00:00:00','Jan Ianniello','jianniellopc@com.com','939 Dahle Plaza','(637) 5122164',212,968,'Huilong','Contraentrega'),(934,861,1,'6 Loftsgordon Court',0,0,4,'2022-03-19 00:00:00','Urson Peaple','upeaplenv@plala.or.jp','4049 Ridgeview Crossing','(239) 3434615',10,3703,'Caucete','Contraentrega'),(935,54,3,'4936 Anhalt Road',0,0,3,'2022-07-23 00:00:00','Ardeen Denidge','adenidge1g@nba.com','16 Blaine Street','(525) 1290700',57,744,'Caçador','Contraentrega'),(936,637,2,'8 Superior Lane',0,0,2,'2022-07-17 00:00:00','Sheelagh Beltzner','sbeltznerhn@opera.com','90618 Transport Park','(756) 9111229',79,2723,'Tegalwero','Entrega en local'),(937,927,2,'75 Stoughton Hill',0,0,3,'2022-01-13 00:00:00','Celestyn Harkess','charkesspp@surveymonkey.com','4583 Northland Circle','(239) 6011364',233,1398,'Aba','Entrega en local'),(938,666,3,'95 Fulton Center',0,0,3,'2022-06-14 00:00:00','Ewell Rampton','eramptonig@cnn.com','94801 Northwestern Junction','(350) 2810523',142,3447,'Mishan','Entrega en local'),(939,623,2,'05666 Cambridge Terrace',0,0,4,'2022-02-10 00:00:00','Alyda Cohan','acohanh9@virginia.edu','666 Kropf Parkway','(242) 4447697',196,3711,'Gabès','Entrega en local'),(940,479,2,'1 Red Cloud Street',0,0,2,'2022-02-17 00:00:00','Joey Campbell-Dunlop','jcampbelldunlopd9@mit.edu','97696 Texas Avenue','(855) 9311085',135,74,'Dapawan','Entrega en local'),(941,156,2,'01 Menomonie Trail',0,0,2,'2022-04-25 00:00:00','Valery McMichan','vmcmichan4a@sun.com','32 American Lane','(433) 1508246',11,3634,'Guarda Nova','Entrega en local'),(942,415,1,'149 Victoria Place',0,0,3,'2022-01-29 00:00:00','Gray Bearham','gbearhambh@loc.gov','38354 Norway Maple Lane','(283) 6695072',6,487,'Créteil','Entrega en local'),(943,951,1,'22803 Sunbrook Trail',0,0,5,'2022-09-07 00:00:00','Chick Stoacley','cstoacleyqd@nhs.uk','17 Westend Road','(669) 2578775',208,2787,'Dayr al Ghu??n','Entrega en local'),(944,975,3,'5 Morrow Alley',0,0,1,'2022-03-06 00:00:00','Sterling Bolden','sboldenr1@biblegateway.com','15 Straubel Point','(796) 3582464',154,2066,'Villeta','Entrega en local'),(945,37,2,'36569 Oak Valley Court',0,0,5,'2022-07-27 00:00:00','Elyn Reppaport','ereppaportz@so-net.ne.jp','67327 Clove Street','(842) 5747275',130,2948,'Yuqunweng','Entrega en local'),(946,797,3,'5 Waubesa Lane',0,0,1,'2022-01-03 00:00:00','Anitra Congreve','acongrevem3@webmd.com','97696 Texas Avenue','(871) 9725378',57,744,'Niepos','Entrega en local'),(947,156,2,'608 Blaine Plaza',0,0,2,'2022-08-09 00:00:00','Valery McMichan','vmcmichan4a@sun.com','32 American Lane','(433) 1508246',11,3634,'Duqiao','Entrega en local'),(948,374,1,'1049 Pennsylvania Plaza',0,0,3,'2022-06-12 00:00:00','Waiter Heritege','wheritegeac@uiuc.edu','38354 Norway Maple Lane','(772) 4632768',224,2550,'Qümong','Entrega en local'),(949,561,2,'09624 Lakewood Gardens Terrace',0,0,4,'2022-06-09 00:00:00','Fancie Hessel','fhesselfj@wikispaces.com','17 Westend Road','(627) 4333852',3,593,'Ganlin','Entrega en local'),(950,567,3,'9823 Muir Park',0,0,4,'2022-04-01 00:00:00','Teena Divis','tdivisfp@vimeo.com','15 Straubel Point','(205) 4097116',24,3070,'Jaruco','Depacho en sitio'),(951,951,1,'1 Kingsford Lane',0,0,5,'2022-07-08 00:00:00','Chick Stoacley','cstoacleyqd@nhs.uk','67327 Clove Street','(669) 2578775',208,2787,'Jianqiao','Depacho en sitio'),(952,816,2,'18 Hagan Center',0,0,1,'2022-08-28 00:00:00','Nerita Biskup','nbiskupmm@hao123.com','15 Moland Drive','(320) 9461340',20,1220,'Sanqishi','Depacho en sitio'),(953,12,1,'4 East Plaza',0,0,2,'2022-08-15 00:00:00','Cassandra Treasaden','ctreasadena@imdb.com','16 Brown Road','(197) 8182538',225,2148,'Banyuresmi','Depacho en sitio'),(954,829,3,'2168 Vernon Pass',0,0,5,'2022-04-01 00:00:00','Mitzi Bernt','mberntmz@shop-pro.jp','79305 Mccormick Avenue','(870) 3051369',108,3742,'Tocumen','Depacho en sitio'),(955,690,3,'7200 Valley Edge Circle',0,0,3,'2022-09-08 00:00:00','Lombard Jansey','ljanseyj4@google.it','74285 Corscot Parkway','(523) 2995455',10,3703,'Longgao','Depacho en sitio'),(956,505,2,'0 Manitowish Drive',0,0,4,'2022-02-04 00:00:00','Chloris Starmer','cstarmerdz@dagondesign.com','15 Claremont Lane','(806) 8389199',220,2575,'Pak Phayun','Depacho en sitio'),(957,146,3,'0 Monument Plaza',0,0,1,'2022-06-04 00:00:00','Hilary Blayd','hblayd40@umn.edu','10 Michigan Trail','(332) 3716708',105,1069,'Cruzeiro','Entrega en local'),(958,386,2,'102 Nancy Crossing',0,0,3,'2022-02-09 00:00:00','Tudor Hardware','thardwareao@devhub.com','693 Hanson Parkway','(840) 9079926',150,3327,'Limanowa','Entrega en local'),(959,434,3,'2 Goodland Crossing',0,0,5,'2022-07-14 00:00:00','Bert Ziemen','bziemenc0@army.mil','9 Towne Park','(855) 4663420',23,264,'Sindong','Entrega en local'),(960,277,3,'28381 Porter Terrace',0,0,3,'2022-08-06 00:00:00','Kinsley Blasetti','kblasetti7n@blinklist.com','2500 Rieder Way','(591) 3591945',108,3742,'Sampaloc','Entrega en local'),(961,9,3,'1643 Lunder Court',0,0,5,'2022-08-19 00:00:00','Anallise Rain','arain7@vk.com','17 Morningstar Plaza','(993) 2559633',133,2584,'Caqu','Entrega en local'),(962,247,2,'7070 Weeping Birch Drive',0,0,5,'2022-05-03 00:00:00','Leon Skevington','lskevington6t@usa.gov','79615 Scoville Junction','(573) 6194072',63,4514,'Macachín','Entrega en local'),(963,392,3,'671 Warrior Pass',0,0,3,'2022-08-27 00:00:00','Licha Jesty','ljestyau@moonfruit.com','73 Mifflin Court','(840) 3729863',182,1833,'Sada','Entrega en local'),(964,956,1,'67 Anhalt Court',0,0,1,'2022-01-09 00:00:00','Ab Arnull','aarnullqi@godaddy.com','17 Luster Alley','(791) 8673152',42,1252,'Nicoya','Entrega en local'),(965,678,2,'760 Weeping Birch Circle',0,0,4,'2022-07-17 00:00:00','Lance Beaze','lbeazeis@noaa.gov','8684 Oakridge Parkway','(913) 1578940',33,1216,'El Paso','Entrega en local'),(966,417,2,'8259 Talisman Park',0,0,3,'2022-06-25 00:00:00','Creighton Braunds','cbraundsbj@histats.com','1081 Anthes Hill','(933) 5254785',219,3478,'?shkh?neh','Entrega en local'),(967,969,3,'84 Continental Center',0,0,1,'2022-03-30 00:00:00','Kahaleel Giotto','kgiottoqv@cnbc.com','1883 Mendota Parkway','(677) 1054749',117,972,'Gobernador Ingeniero Valentín Virasoro','Entrega en local'),(968,451,1,'88 Messerschmidt Trail',0,0,5,'2022-02-19 00:00:00','Nana Jonke','njonkech@ycombinator.com','50252 Sutteridge Avenue','(684) 3652757',114,1830,'Cascavel','Entrega en local'),(969,33,3,'8713 Loeprich Lane',0,0,3,'2022-08-03 00:00:00','Lynnette Loxdale','lloxdalev@uiuc.edu','96429 Morningstar Avenue','(155) 5717027',178,5075,'Moyogalpa','Entrega en local'),(970,356,3,'9 Del Sol Plaza',0,0,3,'2022-08-10 00:00:00','Salli Lidgett','slidgett9u@accuweather.com','3492 Jana Court','(134) 5684789',44,2823,'Novyy Oskol','Entrega en local'),(971,346,2,'16 Bunting Trail',0,0,4,'2022-06-12 00:00:00','Brandise Ditty','bditty9k@elegantthemes.com','15 Clemons Way','(565) 4506325',240,3768,'?yse','Entrega en local'),(972,690,1,'3124 Mendota Lane',0,0,4,'2022-01-31 00:00:00','Lombard Jansey','ljanseyj4@google.it','31301 Eastwood Hill','(523) 2995455',10,3703,'Uruobo-Okija','Entrega en local'),(973,489,2,'89763 Maple Circle',0,0,2,'2022-08-11 00:00:00','Jamill Shafier','jshafierdj@sitemeter.com','635 Meadow Vale Avenue','(203) 3550475',53,1209,'Xiongjia','Entrega en local'),(974,521,3,'62 Forest Place',0,0,2,'2022-05-11 00:00:00','Reggie Cater','rcateref@arstechnica.com','5968 Spenser Center','(983) 9035157',22,1372,'Miami','Entrega en local'),(975,1000,3,'7 Jana Pass',0,0,1,'2022-02-20 00:00:00','Alain Lammiman','alammimanrq@globo.com','86 Steensland Park','(369) 7423902',207,1146,'Huangtang','Entrega en local'),(976,195,2,'28233 Granby Street',0,0,2,'2022-04-14 00:00:00','Buckie Jonk','bjonk5d@istockphoto.com','12 Rusk Way','(345) 2551648',116,3846,'El Triunfo de la Cruz','Entrega en local'),(977,842,1,'0065 Waywood Avenue',0,0,1,'2022-06-29 00:00:00','Zarah Prestige','zprestigenc@t.co','34181 Upham Hill','(191) 1193462',114,1830,'Hexi','Entrega en local'),(978,147,3,'72 Steensland Park',0,0,1,'2022-08-24 00:00:00','Janelle Bulfit','jbulfit41@whitehouse.gov','660 Utah Court','(803) 2342275',48,2874,'Shangshuai','Entrega en local'),(979,913,3,'4300 Lunder Way',0,0,1,'2022-04-19 00:00:00','Perren Wooler','pwoolerpb@webnode.com','84 Morning Court','(757) 3179358',173,3678,'Nikolsk','Entrega en local'),(980,423,2,'5906 Lunder Way',0,0,2,'2022-01-29 00:00:00','Zelma Greatrex','zgreatrexbp@boston.com','92529 Ilene Point','(513) 4661828',39,866,'Longqiao','Entrega en local'),(981,657,1,'9312 Northview Point',0,0,2,'2022-05-23 00:00:00','Gusti Maypes','gmaypesi7@t-online.de','2921 Barby Court','(846) 2912530',171,4830,'Letlhakane','Entrega en local'),(982,668,1,'1 Pawling Lane',0,0,5,'2022-07-18 00:00:00','Juliane Dax','jdaxii@simplemachines.org','18 Dawn Street','(808) 7854073',146,1961,'Lagoa Santa','Entrega en local'),(983,528,3,'7069 Brickson Park Pass',0,0,4,'2022-05-19 00:00:00','Minnnie Blamire','mblamireem@bbb.org','80 Bartillon Road','(269) 8920754',145,4917,'Atap','Entrega en local'),(984,773,3,'937 Eagle Crest Circle',0,0,5,'2022-02-20 00:00:00','Amii Silvers','asilverslf@forbes.com','100 Forest Way','(499) 7636407',135,74,'Zhongdong','Entrega en local'),(985,750,1,'12 Glacier Hill Crossing',0,0,2,'2022-03-28 00:00:00','Felipa Allawy','fallawyks@e-recht24.de','4347 Kingsford Pass','(529) 4788643',166,3047,'Phra Phutthabat','Depacho en sitio'),(986,414,3,'7881 Old Shore Junction',0,0,5,'2022-07-11 00:00:00','Kevin Tuckley','ktuckleybg@over-blog.com','495 Esker Lane','(996) 6223243',16,518,'Mi?r?tah','Depacho en sitio'),(987,400,2,'6686 Jenna Hill',0,0,2,'2022-05-17 00:00:00','Todd Marfield','tmarfieldb2@issuu.com','914 Maple Parkway','(710) 4478246',194,2849,'Yuannan','Depacho en sitio'),(988,538,1,'21457 Hollow Ridge Center',0,0,3,'2022-04-07 00:00:00','Binny Antwis','bantwisew@mtv.com','11 Monica Center','(713) 6319672',208,2787,'He?man?v M?stec','Depacho en sitio'),(989,567,2,'22 Westerfield Hill',0,0,1,'2022-04-19 00:00:00','Teena Divis','tdivisfp@vimeo.com','86 Aberg Alley','(205) 4097116',24,3070,'Oof','Depacho en sitio'),(990,917,2,'3533 Eagle Crest Lane',0,0,5,'2022-03-15 00:00:00','Evelina McPhee','emcpheepf@hibu.com','50 Loomis Parkway','(841) 3620935',6,487,'Herrera','Depacho en sitio'),(991,987,2,'2677 Meadow Vale Pass',0,0,3,'2022-01-14 00:00:00','Seka Lafferty','slaffertyrd@ebay.co.uk','32011 Shopko Alley','(819) 4070169',59,1528,'Komsomolsk','Depacho en sitio'),(992,636,2,'34 Northport Circle',0,0,1,'2022-07-01 00:00:00','Giacobo Brittin','gbrittinhm@purevolume.com','16 Morning Lane','(579) 3009220',236,2536,'Qiansuo','Contraentrega'),(993,549,3,'1 Northfield Lane',0,0,3,'2022-01-27 00:00:00','Marjory Crocetto','mcrocettof7@smugmug.com','35 Lake View Place','(412) 1687596',173,3678,'Wuyang','Contraentrega'),(994,515,2,'6 Fuller Circle',0,0,2,'2022-05-23 00:00:00','Glendon Soot','gsoote9@jiathis.com','18 Waxwing Hill','(753) 4121514',7,212,'Paris 27','Contraentrega'),(995,5,3,'39846 Armistice Park',0,0,3,'2022-08-25 00:00:00','Freeman Mattiassi','fmattiassi3@un.org','18 Bluestem Drive','(666) 7811941',67,3438,'Tianzhu','Contraentrega'),(996,787,3,'8 Thackeray Center',0,0,4,'2022-02-28 00:00:00','Brooks Roddy','broddylt@reuters.com','9 Fremont Point','(399) 6851208',182,1833,'Zhouzai','Contraentrega'),(997,784,1,'5 Trailsway Crossing',0,0,5,'2022-04-03 00:00:00','Giacobo Poltun','gpoltunlq@comcast.net','5487 Namekagon Pass','(305) 8556726',176,1622,'Hiroshima-shi','Contraentrega'),(998,731,2,'343 Schurz Way',0,0,5,'2022-09-06 00:00:00','Lonna Phippard','lphippardk9@seattletimes.com','563 Northland Circle','(412) 3534177',67,3438,'Gastoúni','Depacho en sitio'),(999,320,3,'93 Larry Lane',0,0,2,'2022-04-20 00:00:00','Bernette McCosker','bmccosker8u@yahoo.co.jp','5805 Eagle Crest Point','(850) 9313867',186,3756,'Kaniów','Depacho en sitio'),(1000,784,3,'2 Bartelt Street',0,0,4,'2022-08-02 00:00:00','Giacobo Poltun','gpoltunlq@comcast.net','22 Evergreen Alley','(305) 8556726',176,1622,'Tulcán','Depacho en sitio'),(1001,666,3,'39846 Armistice Park',0,0,4,'2022-04-03 05:00:00','Test Tester','test@test.com','10 Test Test','(123) 1122123',57,744,'Niepos','Entrega en local test');
/*!40000 ALTER TABLE `factura` ENABLE KEYS */;
UNLOCK TABLES;

--
-- Table structure for table `modo_pago`
--

DROP TABLE IF EXISTS `modo_pago`;
/*!40101 SET @saved_cs_client     = @@character_set_client */;
/*!50503 SET character_set_client = utf8mb4 */;
CREATE TABLE `modo_pago` (
  `id` int(11) NOT NULL AUTO_INCREMENT,
  `nombre` varchar(100) NOT NULL,
  `otrosdetalles` varchar(100) NOT NULL,
  PRIMARY KEY (`id`)
) ENGINE=InnoDB AUTO_INCREMENT=6 DEFAULT CHARSET=utf8mb4;
/*!40101 SET character_set_client = @saved_cs_client */;

--
-- Dumping data for table `modo_pago`
--

LOCK TABLES `modo_pago` WRITE;
/*!40000 ALTER TABLE `modo_pago` DISABLE KEYS */;
INSERT INTO `modo_pago` VALUES (1,'Transferencia bancaria','Bancolombia a la mano, Nequi, Daviplata, baloto, SuperGiro, Gana'),(2,'Tarjeta de crédito','Visa, MasterCard, American Express, Diners Club, Tarjeta Tuya'),(3,'Pago en destino','Pago en efectivo en el destinatario'),(4,'PSE','Pagos Seguros en Línea'),(5,'PayPal','Pagos Seguros en Línea Internacional');
/*!40000 ALTER TABLE `modo_pago` ENABLE KEYS */;
UNLOCK TABLES;

--
-- Table structure for table `pais`
--

DROP TABLE IF EXISTS `pais`;
/*!40101 SET @saved_cs_client     = @@character_set_client */;
/*!50503 SET character_set_client = utf8mb4 */;
CREATE TABLE `pais` (
  `id` int(11) NOT NULL AUTO_INCREMENT,
  `nombre` varchar(100) NOT NULL,
  PRIMARY KEY (`id`)
) ENGINE=InnoDB AUTO_INCREMENT=251 DEFAULT CHARSET=utf8mb4;
/*!40101 SET character_set_client = @saved_cs_client */;

--
-- Dumping data for table `pais`
--

LOCK TABLES `pais` WRITE;
/*!40000 ALTER TABLE `pais` DISABLE KEYS */;
INSERT INTO `pais` VALUES (1,'Afghanistan'),(2,'Aland Islands'),(3,'Albania'),(4,'Algeria'),(5,'American Samoa'),(6,'Andorra'),(7,'Angola'),(8,'Anguilla'),(9,'Antarctica'),(10,'Antigua And Barbuda'),(11,'Argentina'),(12,'Armenia'),(13,'Aruba'),(14,'Australia'),(15,'Austria'),(16,'Azerbaijan'),(17,'The Bahamas'),(18,'Bahrain'),(19,'Bangladesh'),(20,'Barbados'),(21,'Belarus'),(22,'Belgium'),(23,'Belize'),(24,'Benin'),(25,'Bermuda'),(26,'Bhutan'),(27,'Bolivia'),(28,'Bosnia and Herzegovina'),(29,'Botswana'),(30,'Bouvet Island'),(31,'Brazil'),(32,'British Indian Ocean Territory'),(33,'Brunei'),(34,'Bulgaria'),(35,'Burkina Faso'),(36,'Burundi'),(37,'Cambodia'),(38,'Cameroon'),(39,'Canada'),(40,'Cape Verde'),(41,'Cayman Islands'),(42,'Central African Republic'),(43,'Chad'),(44,'Chile'),(45,'China'),(46,'Christmas Island'),(47,'Cocos (Keeling) Islands'),(48,'Colombia'),(49,'Comoros'),(50,'Congo'),(51,'Democratic Republic of the Congo'),(52,'Cook Islands'),(53,'Costa Rica'),(54,'Cote D\'Ivoire (Ivory Coast)'),(55,'Croatia'),(56,'Cuba'),(57,'Cyprus'),(58,'Czech Republic'),(59,'Denmark'),(60,'Djibouti'),(61,'Dominica'),(62,'Dominican Republic'),(63,'East Timor'),(64,'Ecuador'),(65,'Egypt'),(66,'El Salvador'),(67,'Equatorial Guinea'),(68,'Eritrea'),(69,'Estonia'),(70,'Ethiopia'),(71,'Falkland Islands'),(72,'Faroe Islands'),(73,'Fiji Islands'),(74,'Finland'),(75,'France'),(76,'French Guiana'),(77,'French Polynesia'),(78,'French Southern Territories'),(79,'Gabon'),(80,'Gambia The'),(81,'Georgia'),(82,'Germany'),(83,'Ghana'),(84,'Gibraltar'),(85,'Greece'),(86,'Greenland'),(87,'Grenada'),(88,'Guadeloupe'),(89,'Guam'),(90,'Guatemala'),(91,'Guernsey and Alderney'),(92,'Guinea'),(93,'Guinea-Bissau'),(94,'Guyana'),(95,'Haiti'),(96,'Heard Island and McDonald Islands'),(97,'Honduras'),(98,'Hong Kong S.A.R.'),(99,'Hungary'),(100,'Iceland'),(101,'India'),(102,'Indonesia'),(103,'Iran'),(104,'Iraq'),(105,'Ireland'),(106,'Israel'),(107,'Italy'),(108,'Jamaica'),(109,'Japan'),(110,'Jersey'),(111,'Jordan'),(112,'Kazakhstan'),(113,'Kenya'),(114,'Kiribati'),(115,'North Korea'),(116,'South Korea'),(117,'Kuwait'),(118,'Kyrgyzstan'),(119,'Laos'),(120,'Latvia'),(121,'Lebanon'),(122,'Lesotho'),(123,'Liberia'),(124,'Libya'),(125,'Liechtenstein'),(126,'Lithuania'),(127,'Luxembourg'),(128,'Macau S.A.R.'),(129,'Macedonia'),(130,'Madagascar'),(131,'Malawi'),(132,'Malaysia'),(133,'Maldives'),(134,'Mali'),(135,'Malta'),(136,'Man (Isle of)'),(137,'Marshall Islands'),(138,'Martinique'),(139,'Mauritania'),(140,'Mauritius'),(141,'Mayotte'),(142,'Mexico'),(143,'Micronesia'),(144,'Moldova'),(145,'Monaco'),(146,'Mongolia'),(147,'Montenegro'),(148,'Montserrat'),(149,'Morocco'),(150,'Mozambique'),(151,'Myanmar'),(152,'Namibia'),(153,'Nauru'),(154,'Nepal'),(155,'Bonaire, Sint Eustatius and Saba'),(156,'Netherlands'),(157,'New Caledonia'),(158,'New Zealand'),(159,'Nicaragua'),(160,'Niger'),(161,'Nigeria'),(162,'Niue'),(163,'Norfolk Island'),(164,'Northern Mariana Islands'),(165,'Norway'),(166,'Oman'),(167,'Pakistan'),(168,'Palau'),(169,'Palestinian Territory Occupied'),(170,'Panama'),(171,'Papua new Guinea'),(172,'Paraguay'),(173,'Peru'),(174,'Philippines'),(175,'Pitcairn Island'),(176,'Poland'),(177,'Portugal'),(178,'Puerto Rico'),(179,'Qatar'),(180,'Reunion'),(181,'Romania'),(182,'Russia'),(183,'Rwanda'),(184,'Saint Helena'),(185,'Saint Kitts And Nevis'),(186,'Saint Lucia'),(187,'Saint Pierre and Miquelon'),(188,'Saint Vincent And The Grenadines'),(189,'Saint-Barthelemy'),(190,'Saint-Martin (French part)'),(191,'Samoa'),(192,'San Marino'),(193,'Sao Tome and Principe'),(194,'Saudi Arabia'),(195,'Senegal'),(196,'Serbia'),(197,'Seychelles'),(198,'Sierra Leone'),(199,'Singapore'),(200,'Slovakia'),(201,'Slovenia'),(202,'Solomon Islands'),(203,'Somalia'),(204,'South Africa'),(205,'South Georgia'),(206,'South Sudan'),(207,'Spain'),(208,'Sri Lanka'),(209,'Sudan'),(210,'Suriname'),(211,'Svalbard And Jan Mayen Islands'),(212,'Swaziland'),(213,'Sweden'),(214,'Switzerland'),(215,'Syria'),(216,'Taiwan'),(217,'Tajikistan'),(218,'Tanzania'),(219,'Thailand'),(220,'Togo'),(221,'Tokelau'),(222,'Tonga'),(223,'Trinidad And Tobago'),(224,'Tunisia'),(225,'Turkey'),(226,'Turkmenistan'),(227,'Turks And Caicos Islands'),(228,'Tuvalu'),(229,'Uganda'),(230,'Ukraine'),(231,'United Arab Emirates'),(232,'United Kingdom'),(233,'United States'),(234,'United States Minor Outlying Islands'),(235,'Uruguay'),(236,'Uzbekistan'),(237,'Vanuatu'),(238,'Vatican City State (Holy See)'),(239,'Venezuela'),(240,'Vietnam'),(241,'Virgin Islands (British)'),(242,'Virgin Islands (US)'),(243,'Wallis And Futuna Islands'),(244,'Western Sahara'),(245,'Yemen'),(246,'Zambia'),(247,'Zimbabwe'),(248,'Kosovo'),(249,'Cura‡ao'),(250,'Sint Maarten (Dutch part)');
/*!40000 ALTER TABLE `pais` ENABLE KEYS */;
UNLOCK TABLES;

--
-- Table structure for table `personas`
--

DROP TABLE IF EXISTS `personas`;
/*!40101 SET @saved_cs_client     = @@character_set_client */;
/*!50503 SET character_set_client = utf8mb4 */;
CREATE TABLE `personas` (
  `id` int(11) NOT NULL AUTO_INCREMENT,
  `nombrecompleto` varchar(200) DEFAULT NULL,
  PRIMARY KEY (`id`)
) ENGINE=InnoDB AUTO_INCREMENT=11 DEFAULT CHARSET=utf8mb4;
/*!40101 SET character_set_client = @saved_cs_client */;

--
-- Dumping data for table `personas`
--

LOCK TABLES `personas` WRITE;
/*!40000 ALTER TABLE `personas` DISABLE KEYS */;
INSERT INTO `personas` VALUES (1,'Yusuke Murata'),(2,'Takeshi Obata'),(3,'Yasuo Ohtagaki'),(4,'Tite Kubo'),(5,'ONE'),(6,'Tsugumi Ōba'),(7,'Hajime Yatate'),(8,'Hideaki Anno '),(9,'Yoshiyuki Sadamoto'),(10,'Kohei Horikoshi ');
/*!40000 ALTER TABLE `personas` ENABLE KEYS */;
UNLOCK TABLES;

--
-- Table structure for table `productos`
--

DROP TABLE IF EXISTS `productos`;
/*!40101 SET @saved_cs_client     = @@character_set_client */;
/*!50503 SET character_set_client = utf8mb4 */;
CREATE TABLE `productos` (
  `id` int(11) NOT NULL AUTO_INCREMENT,
  `titulo` varchar(200) NOT NULL,
  `temporada` varchar(200) NOT NULL,
  `volumen` varchar(200) NOT NULL,
  `descripcioncorta` varchar(200) NOT NULL,
  `descripciondetallada` varchar(4000) NOT NULL,
  `precionormal` float NOT NULL,
  `publicacion` date NOT NULL,
  `imagen` varchar(100) NOT NULL,
  `precio` float NOT NULL,
  `descontinuado` tinyint(1) DEFAULT NULL,
  `stock` int(11) NOT NULL,
  `id_categoria` int(11) NOT NULL,
  `id_pais` int(11) NOT NULL,
  PRIMARY KEY (`id`),
  KEY `id_categoria` (`id_categoria`),
  KEY `id_pais` (`id_pais`),
  CONSTRAINT `productos_ibfk_1` FOREIGN KEY (`id_categoria`) REFERENCES `categoria` (`id`),
  CONSTRAINT `productos_ibfk_2` FOREIGN KEY (`id_pais`) REFERENCES `pais` (`id`)
) ENGINE=InnoDB AUTO_INCREMENT=161 DEFAULT CHARSET=utf8mb4;
/*!40101 SET character_set_client = @saved_cs_client */;

--
-- Dumping data for table `productos`
--

LOCK TABLES `productos` WRITE;
/*!40000 ALTER TABLE `productos` DISABLE KEYS */;
INSERT INTO `productos` VALUES (1,'One-Punch Man, Vol. 1','Temp. 1','Vol. 1','Life gets pretty boring when you can beat the snot out of any villain with just one punch.','Nothing about Saitama passes the eyeball test when it comes to superheroes, from his lifeless expression to his bald head to his unimpressive physique. However, this average-looking guy has a not-so-average problem—he just can’t seem to find an opponent strong enough to take on!\n\nEvery time a promising villain appears, Saitama beats the snot out of ’em with one punch! Can he finally find an opponent who can go toe-to-toe with him and give his life some meaning? Or is he doomed to a life of superpowered boredom?',9.99,'2015-09-01','one-punch-man-vol-1-9781421585642_hr.jpg',18.981,1,14,2,109),(2,'One-Punch Man, Vol. 2','Temp. 1','Vol. 2','Life gets pretty boring when you can beat the snot out of any villain with just one punch','Nothing about Saitama passes the eyeball test when it comes to superheroes, from his lifeless expression to his bald head to his unimpressive physique. However, this average-looking guy has a not-so-average problem—he just can’t seem to find an opponent strong enough to take on!\n\nSaitama’s easily taken out a number of monsters, including a crabby creature, a malicious mosquito girl and a muscly meathead. But his humdrum life takes a drastic turn when he meets Genos—a cyborg who wants to uncover the secret behind his strength!',9.99,'2015-09-01','one-punch-man-vol-2-9781421585659_hr.jpg',18.981,0,0,2,109),(3,'One-Punch Man, Vol. 3','Temp. 1','Vol. 3','Life gets pretty boring when you can beat the snot out of any villain with just one punch.','Nothing about Saitama passes the eyeball test when it comes to superheroes, from his lifeless expression to his bald head to his unimpressive physique. However, this average-looking guy has a not-so-average problem—he just can’t seem to find an opponent strong enough to take on!\n\nFor three years, Saitama has defeated countless monsters, but no one knows about him… That’s because he isn’t in the Hero Association’s registry! Together with Genos, Saitama decides to take the Hero Association’s test! But can they pass?!',9.99,'2015-11-03','one-punch-man-vol-3-9781421564616_hr.jpg',18.981,1,22,2,109),(4,'One-Punch Man, Vol. 4','Temp. 1','Vol. 4','Life gets pretty boring when you can beat the snot out of any villain with just one punch.','Nothing about Saitama passes the eyeball test when it comes to superheroes, from his lifeless expression to his bald head to his unimpressive physique. However, this average-looking guy has a not-so-average problem—he just can’t seem to find an opponent strong enough to take on!\n\nSaitama is now a certified hero! And with that title comes great responsibility—he’s required to perform one heroic deed per week. While Saitama makes the rounds to meet his quota, an incoming threat from outer space is screeching toward Earth...',9.99,'2016-01-05','one-punch-man-vol-4-9781421569208_hr.jpg',18.981,1,15,2,109),(5,'One-Punch Man, Vol. 5','Temp. 1','Vol. 5','Life gets pretty boring when you can beat the snot out of any villain with just one punch.','Nothing about Saitama passes the eyeball test when it comes to superheroes, from his lifeless expression to his bald head to his unimpressive physique. However, this average-looking guy has a not-so-average problem—he just can’t seem to find an opponent strong enough to take on!\n\nTo stop a Demon-level crisis, Saitama and company head toward the action. However, even Class-S heroes prove to be no match for the Deep Sea King! In order to protect the good citizens, our heroes will need to summon all of their courage and confront this threat!',9.99,'2016-03-01','one-punch-man-vol-5-9781421569543_hr.jpg',18.981,0,0,2,109),(6,'One-Punch Man, Vol. 6','Temp. 1','Vol. 6','Life gets pretty boring when you can beat the snot out of any villain with just one punch.','Nothing about Saitama passes the eyeball test when it comes to superheroes, from his lifeless expression to his bald head to his unimpressive physique. However, this average-looking guy has a not-so-average problem—he just can’t seem to find an opponent strong enough to take on!\n\nAn emergency summons gathers Class S heroes at headquarters…and Saitama tags along. There, they learn that the great seer Shibabawa left the following prophecy: “The Earth is in danger!” What in the world is going to happen?!',9.99,'2016-05-03','one-punch-man-vol-6-9781421585277_hr.jpg',18.981,1,13,2,109),(7,'One-Punch Man, Vol. 7','Temp. 1','Vol. 7','Life gets pretty boring when you can beat the snot out of any villain with just one punc','Nothing about Saitama passes the eyeball test when it comes to superheroes, from his lifeless expression to his bald head to his unimpressive physique. However, this average-looking guy has a not-so-average problem—he just can’t seem to find an opponent strong enough to take on!\n\nWhen aliens invade Earth, a group of Class-S heroes finally finds a way to fight back and go on the offensive. Inside the enemy mother ship, Saitama fights Boros. Faced with the alien’s frightful power, he decides to get serious! What is the Earth’s fate?!',9.99,'2016-07-05','one-punch-man-vol-7-9781421585284_hr.jpg',18.981,0,0,2,109),(8,'One-Punch Man, Vol. 8','Temp. 1','Vol. 8','Life gets pretty boring when you can beat the snot out of any villain with just one punch.','Nothing about Saitama passes the eyeball test when it comes to superheroes, from his lifeless expression to his bald head to his unimpressive physique. However, this average-looking guy has a not-so-average problem—he just can’t seem to find an opponent strong enough to take on!\n\nClass-S hero King is known as the strongest man on earth. Even monsters fear him. But when a mysterious organization sends an assassin after him, the shocking truth about King is revealed!',9.99,'2016-09-06','one-punch-man-vol-8-9781421586564_hr.jpg',18.981,1,8,2,109),(9,'One-Punch Man, Vol. 9','Temp. 1','Vol. 9','Life gets pretty boring when you can beat the snot out of any villain with just one punch.','Nothing about Saitama passes the eyeball test when it comes to superheroes, from his lifeless expression to his bald head to his unimpressive physique. However, this average-looking guy has a not-so-average problem—he just can’t seem to find an opponent strong enough to take on!\n\nTime bomb Garo, a monster admirer, finally explodes, attacking the Hero Association! Meanwhile, Miss Blizzard visits Saitama at his apartment. Because of his lower rank, she plans to make him one of her subordinates, but…',9.99,'2016-11-01','one-punch-man-vol-9-9781421586571_hr.jpg',18.981,1,15,2,109),(10,'One-Punch Man, Vol. 10','Temp. 1','Vol. 10','Life gets pretty boring when you can beat the snot out of any villain with just one punch.','Nothing about Saitama passes the eyeball test when it comes to superheroes, from his lifeless expression to his bald head to his unimpressive physique. However, this average-looking guy has a not-so-average problem—he just can’t seem to find an opponent strong enough to take on!\n\nHero hunter Gato intensifies his onslaught, so of course Saitama decides now is the perfect time to join a combat tournament. Meanwhile, Class-S hero Metal Bat takes an assignment guarding a Hero Association executive and his son, and before long trouble appears!',9.99,'2017-01-03','one-punch-man-vol-10-9781421590158_hr.jpg',18.981,1,34,2,109),(11,'One-Punch Man, Vol. 11','Temp. 1','Vol. 11','Life gets pretty boring when you can beat the snot out of any villain with just one punch.','Nothing about Saitama passes the eyeball test when it comes to superheroes, from his lifeless expression to his bald head to his unimpressive physique. However, this average-looking guy has a not-so-average problem—he just can’t seem to find an opponent strong enough to take on!\n\nWhile Saitama’s distracted at a martial arts tournament, Centichoro, a threat-level Dragon monster, attacks! Metal Bat engages it in battle but struggles against its gargantuan size. The monster knocks him into the distance and right into the path of hero-hunter Garo! ',9.99,'2017-03-07','one-punch-man-vol-11-9781421592268_hr.jpg',18.981,1,35,2,109),(12,'One-Punch Man, Vol. 12','Temp. 1','Vol. 12','Life gets pretty boring when you can beat the snot out of any villain with just one punch.','Nothing about Saitama passes the eyeball test when it comes to superheroes, from his lifeless expression to his bald head to his unimpressive physique. However, this average-looking guy has a not-so-average problem—he just can’t seem to find an opponent strong enough to take on!\n\nAt the martial arts tournament, Suiryu of the Dark Body Art shows promise with his outstanding strength. But outside the stadium, a large number of monsters are pushing the heroes, even Genos, to their limits! Inside, unaware, Saitama approaches his match against Bakuzan!',9.99,'2017-09-05','one-punch-man-vol-12-9781421596204_hr.jpg',18.981,1,32,2,109),(13,'One-Punch Man, Vol. 13','Temp. 1','Vol. 13','Life gets pretty boring when you can beat the snot out of any villain with just one punch.','Nothing about Saitama passes the eyeball test when it comes to superheroes, from his lifeless expression to his bald head to his unimpressive physique. However, this average-looking guy has a not-so-average problem—he just can’t seem to find an opponent strong enough to take on!\n\nThe Class-A heroes struggle in their fight against the giant monster Multieyed Octopus. Wait, is that Class-S hero Flashy Flash joining the fight?! Unfazed, the Monster Association continues ramping up its attacks, but its goal remains a mystery. Meanwhile, the martial arts tournament reaches the semifinals!',9.99,'2018-03-06','one-punch-man-vol-13-9781421598062_xlg.jpg',18.981,1,13,2,109),(14,'One-Punch Man, Vol. 14','Temp. 1','Vol. 14','Life gets pretty boring when you can beat the snot out of any villain with just one punch.','Nothing about Saitama passes the eyeball test when it comes to superheroes, from his lifeless expression to his bald head to his unimpressive physique. However, this average-looking guy has a not-so-average problem—he just can’t seem to find an opponent strong enough to take on!\n\nThe monster Goketsu appears at the martial arts tournament, and in an attempt to turn its participants into monsters, he gives them monster cells. Tournament champ Suiryu fights the newly monsterized fighters one after another, until a certain hero rushes to his side to help!',9.99,'2018-07-03','one-punch-man-vol-14-9781974700431_hr.jpg',18.981,0,0,2,109),(15,'One-Punch Man, Vol. 15','Temp. 1','Vol. 15','Life gets pretty boring when you can beat the snot out of any villain with just one punch.','Nothing about Saitama passes the eyeball test when it comes to superheroes, from his lifeless expression to his bald head to his unimpressive physique. However, this average-looking guy has a not-so-average problem—he just can’t seem to find an opponent strong enough to take on!\n\nDespite just finishing a martial arts tournament and immediately dealing with the Monster Association invasion, Saitama still proves to be so incredibly strong that he feels empty inside. King lectures him on how to live like a hero, but it doesn’t help. Meanwhile, servants of the Monster Association close in on Speed-o’-Sound Sonic!',9.99,'2019-01-01','one-punch-man-vol-15-9781974702237_xlg.jpg',18.981,1,34,2,109),(16,'One-Punch Man, Vol. 16','Temp. 1','Vol. 16','Life gets pretty boring when you can beat the snot out of any villain with just one punch.','Nothing about Saitama passes the eyeball test when it comes to superheroes, from his lifeless expression to his bald head to his unimpressive physique. However, this average-looking guy has a not-so-average problem—he just can’t seem to find an opponent strong enough to take on!\n\nSurrounded by heroes, Garo finds himself in a tight spot. But despite the great numbers, he defeats the heroes one by one with his unmatched strength before Genos comes rushing in! Meanwhile, Saitama is reaching the height of irritation in his own battle…with King?!',9.99,'2019-05-07','one-punch-man-vol-16-9781974704613_xlg.jpg',18.981,1,29,2,109),(17,'One-Punch Man, Vol. 17','Temp. 1','Vol. 17','Life gets pretty boring when you can beat the snot out of any villain with just one punch.','Nothing about Saitama passes the eyeball test when it comes to superheroes, from his lifeless expression to his bald head to his unimpressive physique. However, this average-looking guy has a not-so-average problem—he just can’t seem to find an opponent strong enough to take on!\n\nThe hero hunter is near death when the Monster Association attempts to steal him away, unleashing Centichoro in the process. Bang and company face it head-on before Genos boldly enters the fray!',9.99,'2019-08-06','one-punch-man-vol-17-9781974707454_xlg.jpg',18.981,1,3,2,109),(18,'One-Punch Man, Vol. 18','Temp. 1','Vol. 18','Life gets pretty boring when you can beat the snot out of any villain with just one punch.','Nothing about Saitama passes the eyeball test when it comes to superheroes, from his lifeless expression to his bald head to his unimpressive physique. However, this average-looking guy has a not-so-average problem—he just can’t seem to find an opponent strong enough to take on!\n\nGaro has just left the Monster Association’s hideout when he crosses paths with Saitama, who’s in quite a pickle, but Saitama still doesn’t know Garo is the Hero Hunter. Later, King the Ripper can no longer hold back his murderous urges and confronts Garo himself!',9.99,'2019-12-03','one-punch-man-vol-18-9781974709465_xlg.jpg',18.981,1,39,2,109),(19,'One-Punch Man, Vol. 19','Temp. 1','Vol. 19','Life gets pretty boring when you can beat the snot out of any villain with just one punch.','Nothing about Saitama passes the eyeball test when it comes to superheroes, from his lifeless expression to his bald head to his unimpressive physique. However, this average-looking guy has a not-so-average problem—he just can’t seem to find an opponent strong enough to take on!\n\nThe Monster Association has kidnapped Tareo, the boy who admires Garo, and now Garo finds himself plunging headfirst and alone into the heart of the Monster Association’s hideout. Meanwhile, the Hero Association pushes forward with its operation to rescue Waganma, while Genos and the others are living it up enjoying hot pot at Saitama’s place! ',9.99,'2020-03-03','one-punch-man-vol-19-9781974711703_xlg.jpg',18.981,1,33,2,109),(20,'One-Punch Man, Vol. 20','Temp. 1','Vol. 20','Life gets pretty boring when you can beat the snot out of any villain with just one punch.','Nothing about Saitama passes the eyeball test when it comes to superheroes, from his lifeless expression to his bald head to his unimpressive physique. However, this average-looking guy has a not-so-average problem—he just can’t seem to find an opponent strong enough to take on!\n\nImmediately before the big Monster Association battle, the Class-S heroes hold a strategy meeting. Unfortunately, they just aren’t in sync, and when Amai Mask barges in, the situation only gets worse. Thankfully, King appears just in time to boost their morale—and it’s a good thing, too, because suddenly the big monster battle begins!',9.99,'2020-07-07','one-punch-man-vol-20-9781974714742_xlg.jpg',18.981,1,7,2,109),(21,'One-Punch Man, Vol. 21','Temp. 1','Vol. 21','Life gets pretty boring when you can beat the snot out of any villain with just one punch.','Nothing about Saitama passes the eyeball test when it comes to superheroes, from his lifeless expression to his bald head to his unimpressive physique. However, this average-looking guy has a not-so-average problem—he just can’t seem to find an opponent strong enough to take on!\n\nThe curtain rises on the big battle between the Monster Association and heroes! As the lower-ranked heroes engage in intense battle, the Class-S crew takes out many monsters in one fell swoop before venturing further underground. Among them, Flashy Flash demonstrates splendid battle prowess against a duo of monstrous ninja!',9.99,'2020-10-06','one-punch-man-vol-21-9781974717644_xlg.jpg',18.981,1,27,2,109),(22,'One-Punch Man, Vol. 22','Temp. 1','Vol. 22','Life gets pretty boring when you can beat the snot out of any villain with just one punch.','Nothing about Saitama passes the eyeball test when it comes to superheroes, from his lifeless expression to his bald head to his unimpressive physique. However, this average-looking guy has a not-so-average problem—he just can’t seem to find an opponent strong enough to take on!\n\nChild Emperor uses his trump card, the robotic Brave Giant, to fight against the reincarnated Phoenix Man. However, his enemy easily counters this last-ditch attempt, brushing Brave Giant off as a mere toy. When Phoenix Man then evolves into an even stronger monster, Child Emperor’s conviction is shaken. Does this spell the end for the clever child hero?',9.99,'2021-06-01','one-punch-man-vol-22-9781974722907_xlg.jpg',18.981,1,41,2,109),(23,'One-Punch Man, Vol. 23','Temp. 1','Vol. 23','Life gets pretty boring when you can beat the snot out of any villain with just one punch.','Nothing about Saitama passes the eyeball test when it comes to superheroes, from his lifeless expression to his bald head to his unimpressive physique. However, this average-looking guy has a not-so-average problem—he just can’t seem to find an opponent strong enough to take on!\n\nNarinki’s private force is now free from Super S’s control. Bushi Drill, Okama Itachi and Iaian plot their escape, but threat level Demon monster Malong Hair appears before they can flee, and a fierce fight breaks out. Elsewhere, their master Atomic Samurai encounters a creepy opponent!',9.99,'2021-10-05','one-punch-man-vol-23-9781974725120_xlg.jpg',18.981,1,5,2,109),(24,'One-Punch Man, Vol. 24','Temp. 1','Vol. 24','Life gets pretty boring when you can beat the snot out of any villain with just one punch.','Nothing about Saitama passes the eyeball test when it comes to superheroes, from his lifeless expression to his bald head to his unimpressive physique. However, this average-looking guy has a not-so-average problem—he just can’t seem to find an opponent strong enough to take on!\n\nThe dangerous monster that can’t be cut, Evil Mineral Water, confronts Bushi Drill, Okama Itachi, and Iaian. Meanwhile, Saitama runs into the giant demonic dog Pochi, and Terrible Tornado launches into an epic supernatural battle against Gyoro-Gyoro!',9.99,'2022-11-01','one-punch-man-vol-24-9781974734405_xlg.jpg',18.981,0,0,2,109),(25,'Aburrimiento','Temp. 1','Vol. 1','Death Note, Vol. 1','Light Yagami, un estudiante de secundaria prodigio, está insatisfecho de llevar una vida ordinaria y aburrida hasta que encuentra un cuaderno sobrenatural, llamado «Death Note», el cual es capaz de matar a cualquier persona con tan sólo escribir su nombre en él y visualizar mentalmente su cara. Tras probar su poder en dos ocasiones y luego de cinco días de usarlo, recibe la visita del verdadero dueño de la libreta, un shinigami llamado Ryuk, quien le explica que lo acompañara durante el tiempo que sea dueño de la libreta.',9.99,'2004-04-02','DN-VOLUMEN_1.jpg',18.981,1,32,2,109),(26,'Confluencia','Temp. 1','Vol. 2','Death Note, Vol. 2','Armado con el nombre del detective que lo ha estado siguiendo, Light acaba con sus problemas con el FBI mediante el uso del Death Note, el cual usó para matar a Raye Penber y a todos los detectives de Estados Unidos enviados a Japón. Al poco tiempo, Light cruza caminos con la prometida de Penber, Naomi Misora que, con sus propias conclusiones, se convierte en una amenaza para Light cuando ésta intenta contactar a L',9.99,'2004-06-02','DN-VOLUMEN_2.jpg',18.981,1,6,2,109),(27,'Arrebato de furia','Temp. 1','Vol. 3','Death Note, Vol. 3','Con el apoyo de Ryuk, Light comprueba la presencia de cámaras y, con una nueva estrategia, continúa castigando criminales a la vez que pretende ser un estudiante ordinario ante la vigilancia de L. Con el paso del tiempo, L descarta sus sospechas sobre las familias de los miembros de la investigación y sorprende a Light en su primer día como universitario al presentarse como un compañero en su ceremonia de ingreso.',9.99,'2004-09-02','DN-VOLUMEN_3.jpg',18.981,1,38,2,109),(28,'Amor','Temp. 1','Vol. 4','Death Note, Vol. 4','Light es recibido en la investigación de L para reforzar la teoría de éste sobre el segundo Kira y, con su colaboración, consiguen enviarle un mensaje falso al segundo Kira que no sólo cae fácilmente sino que revela algunos detalles esenciales destacando la existencia de los shinigami. La segunda Kira es en realidad Misa Amane: una ídola pop japonesa que obtuvo su propia Death Note bajo circunstancias diferentes a Light y espera apoyar a Kira al compartir sus ideales.',9.99,'2004-11-04','DN-VOLUMEN_4.jpg',18.981,1,26,2,109),(29,'En blanco','Temp. 1','Vol. 5','Death Note, Vol. 5','Light renuncia a la propiedad de su Death Note para perder sus recuerdos y ante la inminente aparición de otro Kira al cabo de unas semanas después de su arresto y el de Misa, L se ve obligado a liberarlos pero los mantiene bajo vigilancia las 24 horas del día a la vez que esposa a Light a su lado para que juntos atrapen al nuevo Kira. Gracias a la colaboración de los dos, descubren que los asesinatos de Kira han beneficiado a una empresa japonesa llamada Yotsuba',9.99,'2005-02-04','DN-VOLUMEN_5.jpg',18.981,1,4,2,109),(30,'Intercambio','Temp. 1','Vol. 6','Death Note, Vol. 6','Luego de conseguir volver a Namikawa (uno de los miembros del grupo Yotsuba) en su espía interno para detener los asesinatos de Kira, L queda impresionado y le ofrece a Light la oferta de ser su sucesor aunque éste lo rechaza, ya que sólo le interesa atrapar a Kira. Dado que L comienza a tener conflictos con el resto del grupo con sus métodos para atrapar a Kira, decide involucrar a Misa en la investigación debido a su antigua conexión con Kira.',9.99,'2005-04-04','DN-VOLUMEN_6.jpg',18.981,0,0,2,109),(31,'Cero','Temp. 1','Vol. 7','Death Note, Vol. 7',' Poco después del arresto de Higuchi, Light al tocar el Death note recupera todos sus recuerdos y se prepara para la siguiente etapa de sus planes. Habiendo asesinado a Higuchi para conseguir la posesión del Death Note, Light guía a Misa a encontrar su propia Death Note y gracias a que Misa realiza el trato de los ojos de shinigami de nuevo, ella comienza a matar a criminales para confundir al equipo de investigación.',9.99,'2005-07-04','DN-VOLUMEN_7.jpg',18.981,1,27,2,109),(32,'Objetivo','Temp. 1','Vol. 8','Death Note, Vol. 8','Sin más opción que acceder a las exigencias de Mello y sus hombres, el equipo accede a entregar la Death Note y aunque Light considera asesinar a su hermana para evitar la entrega de la libreta, la pandilla de Mello consigue escapar con el death note. Gracias al uso de la libreta Mello comienza a extorsionar tanto a la policía japonesa como al gobierno de los Estados Unidos lo que obliga a Light a aliarse con Near quien le revela a Light que tanto el cómo Mello buscan terminar lo que L empezó: atrapar a Kira.',9.99,'2005-09-02','DN-VOLUMEN_8.jpg',18.981,1,39,2,109),(33,'Contacto','Temp. 1','Vol. 9','Death Note, Vol. 9','Decidido a recuperar el Death Note y ahora consciente de la participación del shinigami Sidoh; Light elabora un plan para proporcionarle al equipo de investigación una de sus death note y así organizar una redada en contra de la pandilla con la que Mello está asociado.',9.99,'2005-12-02','DN-VOLUMEN_9.jpg',18.981,1,17,2,109),(34,'Supresión','Temp. 1','Vol. 10','Death Note, Vol. 10','Near y su grupo junto a Mogi escapan de la turba enviada por Light y como resultado Aizawa comienza a sospechar de nuevo de Light hasta el punto en que se comunica con Near para revelarle detalles sobre lo ocurrido en el equipo de investigación y vigila Misa para descartar que tenga una libreta.',9.99,'2006-02-03','DN-VOLUMEN_10.jpg',18.981,1,11,2,109),(35,'Unanimidad','Temp. 1','Vol. 11','Death Note, Vol. 11','Near anuncia su arribo a Japón ante Light para continuar con la investigación de Kira, en respuesta Light ordena a Mikami a utilizar el death note en público a sabiendas de que podría ser sospechoso en la subsecuente investigación.',9.99,'2006-05-02','DN-VOLUMEN_11.jpg',18.981,1,35,2,109),(36,'Final','Temp. 1','Vol. 12','Death Note, Vol. 12','Pese a los esfuerzos de la policía por localizar a Kiyomi y aprender a Mello, ambos acaban muriendo de acuerdo al plan de Light cuando consigue que su vocera aniquile a su secuestrador y luego la asesina al inducirle que se suicide incendiando todo a su alrededor. En el día de la reunión Near explica que ha deducido el método para capturar a Kira al cambiar la Death note por una replica y que solo tienen que esperar a que Kira y su súbdito intenten asesinar a los presentes.',9.99,'2006-06-04','DN-VOLUMEN_12.jpg',18.981,1,2,2,109),(37,'Cómo leer','Temp. 1','Vol. 13','Death Note, Vol. 13','Este es un volumen especial, es una guía que contiene datos relacionados con la serie, anécdotas sobre la producción de ésta, el perfil de todos los personajes principales, además de una copia del capítulo piloto en el que se basó el manga; el volumen también contiene entrevistas exclusivas con los creadores de la serie, Tsugumi Ōba y Takeshi Obata.',9.99,'2006-10-13','DN-VOLUMEN_13.jpg',18.981,1,19,2,109),(38,'Mobile Suit Gundam Thunderbolt, Vol. 1','Temp. 1','Vol. 1','An epic story of war and survival set in the legendary Gundam universe!','In the Universal Century year 0079, the space colony known as Side 3 proclaims independence as the Principality of Zeon and declares war on the Earth Federation. One year later, they are locked in a fierce battle for the Thunderbolt Sector, an area of space scarred by the wreckage of destroyed colonies.\n\nInto this maelstrom of destruction go two veteran Mobile Suit pilots: the deadly Zeon sniper Daryl Lorenz, and Federation ace Io Fleming. It’s the beginning of a rivalry that can end only when one of them is destroyed. The lightning-streaked debris fields are about to become the stage for an epic duel where death is the only true winner.',14.99,'2016-11-15','mobile-suit-gundam-thunderbolt-vol-1-9781421590554_hr.jpg',28.481,1,21,2,109),(39,'Mobile Suit Gundam Thunderbolt, Vol. 2','Temp. 1','Vol. 2','An epic story of war and survival set in the legendary Gundam universe!','In the Universal Century year 0079, the space colony known as Side 3 proclaims independence as the Principality of Zeon and declares war on the Earth Federation. One year later, they are locked in a fierce battle for the Thunderbolt Sector, an area of space scarred by the wreckage of destroyed colonies.\n\nIn the Universal Century year 0079, the space colony known as Side 3 proclaims independence as the Principality of Zeon and declares war on the Earth Federation. One year later, they are locked in a fierce battle for the Thunderbolt Sector, an area of space scarred by the wreckage of destroyed colonies.',14.99,'2017-02-21','mobile-suit-gundam-thunderbolt-vol-2-9781421592602_hr.jpg',28.481,1,3,2,109),(40,'Mobile Suit Gundam Thunderbolt, Vol. 3','Temp. 1','Vol. 3','An epic story of war and survival set in the legendary Gundam universe!','In the Universal Century year 0079, the space colony known as Side 3 proclaims independence as the Principality of Zeon and declares war on the Earth Federation. One year later, they are locked in a fierce battle for the Thunderbolt Sector, an area of space scarred by the wreckage of destroyed colonies.\n\nThe Federation attack on the Zeon fleet in the Thunderbolt sector is a bloody fiasco as Io Fleming leads a squadron of inexperienced young pilots into the teeth of the Zeon defenses. Desperate, the Federation throws even the maintenance crews into the fray. Casualties mount as the two fleets clash, and Fleming and his Zeon rival, Daryl Lorenz, engage deep in the ruins of one of the space colonies. Shattered and driven by memories of the past and all they’ve lost, their duel resonates with the fierce emotions of both sides in this deadly conflict.',14.99,'2017-05-16','mobile-suit-gundam-thunderbolt-vol-3-9781421592619_hr.jpg',28.481,1,24,2,109),(41,'Mobile Suit Gundam Thunderbolt, Vol. 4','Temp. 1','Vol. 4','An epic story of war and survival set in the legendary Gundam universe!','In the Universal Century year 0079, the space colony known as Side 3 proclaims independence as the Principality of Zeon and declares war on the Earth Federation. One year later, they are locked in a fierce battle for the Thunderbolt Sector, an area of space scarred by the wreckage of destroyed colonies.\n\nThe fleets of the Earth Federation’s Moore Brotherhood and the Republic of Zeon have shattered each other in a bloody battle for the Thunderbolt Sector. Mirroring the greater struggle, the ferocious duel between Io Fleming and Daryl Lorenz leaves both the Full Armor Gundam and the Psycho Zaku heavily damaged and Io a prisoner of war. The Zeon space habitat A Baoa Qu now becomes the final battleground of the One Year War…',14.99,'2017-08-15','mobile-suit-gundam-thunderbolt-vol-4-9781421593029_hr.jpg',28.481,1,30,2,109),(42,'Mobile Suit Gundam Thunderbolt, Vol. 5','Temp. 1','Vol. 5','An epic story of war and survival set in the legendary Gundam universe!','In the Universal Century year 0079, the space colony known as Side 3 proclaims independence as the Principality of Zeon and declares war on the Earth Federation. One year later, they are locked in a fierce battle for the Thunderbolt Sector, an area of space scarred by the wreckage of destroyed colonies.\n\nOn Earth, political turmoil has led the Nanyang Alliance to challenge Federation control. Now in possession of Zeon’s priceless Reuse P Device technology, the Alliance moves forward with its plans. If they can develop the stolen tech, it could make them invincible. Both Io Fleming and Daryl Lorenz begin new operations against the Alliance on dangerous missions that are sure to bring them face-to-face once again…',14.99,'2017-11-21','mobile-suit-gundam-thunderbolt-vol-5-9781421593036_hr.jpg',28.481,0,0,2,109),(43,'Mobile Suit Gundam Thunderbolt, Vol. 6','Temp. 1','Vol. 6','An epic story of war and survival set in the legendary Gundam universe!','In the Universal Century year 0079, the space colony known as Side 3 proclaims independence as the Principality of Zeon and declares war on the Earth Federation. One year later, they are locked in a fierce battle for the Thunderbolt Sector, an area of space scarred by the wreckage of destroyed colonies.\n\nFrom the frozen wastes of Antarctica to the abyssal depths of the ocean, Operation Thunderbolt is under way. Io Fleming heads back into battle aboard the Federation MS carrier Spartan. While taking a perilous course through the Antarctic Ocean, Spartan is pursued by a Zeon submarine unit. Io takes the controls of the awesome new RX-78AL Atlas Gundam, but as always, it’s not the machine but the pilot that makes the difference in the unforgiving crucible of combat. ',14.99,'2018-02-20','mobile-suit-gundam-thunderbolt-vol-6-9781421593043_hr.jpg',28.481,0,0,2,109),(44,'Mobile Suit Gundam Thunderbolt, Vol. 7','Temp. 1','Vol. 7','An epic story of war and survival set in the legendary Gundam universe!','In the Universal Century year 0079, the space colony known as Side 3 proclaims independence as the Principality of Zeon and declares war on the Earth Federation. One year later, they are locked in a fierce battle for the Thunderbolt Sector, an area of space scarred by the wreckage of destroyed colonies.\n\nZeon ace Daryl Lorenz works to help Kara Mitchum, the brilliant designer of the Reuse P. Device, recover from the trauma she suffered in the Battle of the Thunderbolt Sector. Meanwhile, after a deadly pursuit and confrontation both in the frozen wastes of Antarctica and the black depths of the ocean, the Federation ship Spartan reaches the territory of the Nanyang Alliance. As the Spartan encounters the first Alliance border patrol units, Io Fleming learns that not all of the Thunderbolt Sector’s ghosts are dead...',14.99,'2018-05-15','mobile-suit-gundam-thunderbolt-vol-7-9781421595054_hr.jpg',28.481,1,23,2,109),(45,'Mobile Suit Gundam Thunderbolt, Vol. 8','Temp. 1','Vol. 8','An epic story of war and survival set in the legendary Gundam universe!','In the Universal Century year 0079, the space colony known as Side 3 proclaims independence as the Principality of Zeon and declares war on the Earth Federation. One year later, they are locked in a fierce battle for the Thunderbolt Sector, an area of space scarred by the wreckage of destroyed colonies.\n\nThe mission to recover Zeon’s Reuse P. Device technology leads Daryl Lorenz and his unit to the Rig, a network of oil platforms inside Nanyang Alliance territory now repurposed as a floating city. The Rig is a haven for refugees and deserters from both sides of the war, all living under the watchful eye of the warrior monks of the Alliance. Ordered to infiltrate the Rig undercover, Lorenz and his team must make contact with a Zeon operative and begin a covert operation to learn the secrets of the Nanyang Alliance and its leader, Sojo Levan Fu, who plans to do far more than simply mass-produce the Psycho Zaku…',14.99,'2018-08-21','mobile-suit-gundam-thunderbolt-vol-8-9781421595061_hr.jpg',28.481,1,11,2,109),(46,'Mobile Suit Gundam Thunderbolt, Vol. 9','Temp. 1','Vol. 9','An epic story of war and survival set in the legendary Gundam universe!','In the Universal Century year 0079, the space colony known as Side 3 proclaims independence as the Principality of Zeon and declares war on the Earth Federation. One year later, they are locked in a fierce battle for the Thunderbolt Sector, an area of space scarred by the wreckage of destroyed colonies.\n\nOn the Nanyang Alliance floating city known as the Rig, Daryl Lorenz and his Zeon infiltration team have made their move to grab the Alliance’s data on the production of the Psycho Zaku. But Claudia—now a convert and servant of the Alliance leader, Sojo Levan Fu—has discovered Daryl’s squad. A massacre is averted after Levan Fu channels his awesome Newtype psychic abilities through Claudia to speak to Daryl, urging him to give up the path of killing. As things come to a head, the Federation assault ship Spartan arrives…',14.99,'2018-11-20','mobile-suit-gundam-thunderbolt-vol-9-9781421599151_xlg.jpg',28.481,0,0,2,109),(47,'Mobile Suit Gundam Thunderbolt, Vol. 10','Temp. 1','Vol. 10','An epic story of war and survival set in the legendary Gundam universe!','In the Universal Century year 0079, the space colony known as Side 3 proclaims independence as the Principality of Zeon and declares war on the Earth Federation. One year later, they are locked in a fierce battle for the Thunderbolt Sector, an area of space scarred by the wreckage of destroyed colonies.\n\nClaudia Peer has been captured by Zeon, which hopes that she will lead them to the location of the Psycho Zaku research facility. Daryl Lorenz brought Claudia in, but his encounter with Sojo Levan Fu has made him realize he shares her trauma. Elsewhere, the crew of the Spartan refit and rearm, and despite Io Fleming’s talent for combat, his hot temper fuels lingering doubts among the Federation command that he can get the job done. As the Spartan homes in on the hidden Zeon base, secret followers of Sojo Levan Fu among both Zeon and Federation forces make their move…',14.99,'2019-02-19','mobile-suit-gundam-thunderbolt-vol-10-9781974701070_xlg.jpg',28.481,1,26,2,109),(48,'Mobile Suit Gundam Thunderbolt, Vol. 11','Temp. 2','Vol. 11','An epic story of war and survival set in the legendary Gundam universe!','In the Universal Century year 0079, the space colony known as Side 3 proclaims independence as the Principality of Zeon and declares war on the Earth Federation. One year later, they are locked in a fierce battle for the Thunderbolt Sector, an area of space scarred by the wreckage of destroyed colonies.\n\nAbandoning their allegiance to Zeon, Daryl Lorenz and Dr. Karla Mitchum join Federation defector Claudia Peer and head for the Nanyang Alliance’s Taal volcano base to dedicate themselves to the cause of Sojo Levan Fu. Once there, they learn the full extent of the Nanyang operation to mass-produce the Psycho Zaku and the Reuse P. Device, and Sojo Levan Fu’s ultimate plan to end humanity’s fall toward inevitable destruction! Daryl and Karla are the keys to this plan, but unlocking their shattered memories has unexpected dangers.',14.99,'2019-05-21','mobile-suit-gundam-thunderbolt-vol-11-9781974706464_xlg.jpg',28.481,1,30,2,109),(49,'Mobile Suit Gundam Thunderbolt, Vol. 12','Temp. 2','Vol. 12','An epic story of war and survival set in the legendary Gundam universe!','In the Universal Century year 0079, the space colony known as Side 3 proclaims independence as the Principality of Zeon and declares war on the Earth Federation. One year later, they are locked in a fierce battle for the Thunderbolt Sector, an area of space scarred by the wreckage of destroyed colonies.\n\nThe Federation assault ship Spartan sets course for the Nanyang Alliance’s Psycho Zaku manufacturing base in the Taal volcano and begins preparing for full-scale combat operations. Io Fleming and the members of the Trust Squadron bond before the struggle to come, as Daryl Lorenz and his crew of Zeon defectors do the same. On the Spartan, Director Humphrey lays out the challenges of the assault—in addition to the Psycho Zaku the Federation will be facing Alliance forces under the psychic control of Sojo Levan Fu. However, Levan Fu will not be the only Newtype in the looming battle…',14.99,'2019-08-20','mobile-suit-gundam-thunderbolt-vol-12-9781974707461_xlg.jpg',28.481,0,0,2,109),(50,'Mobile Suit Gundam Thunderbolt, Vol. 13','Temp. 2','Vol. 13','An epic story of war and survival set in the legendary Gundam universe!','In the Universal Century year 0079, the space colony known as Side 3 proclaims independence as the Principality of Zeon and declares war on the Earth Federation. One year later, they are locked in a fierce battle for the Thunderbolt Sector, an area of space scarred by the wreckage of destroyed colonies.\n\nNewtype Levan Fu has a grand vision of a time when mankind is at peace and free from the cycle of endless war. To realize this vision, he must first plunge himself and all his followers into the cauldron of battle. As the Federation assault on the Nanyang Alliance’s Taal volcano base begins, Daryl Lorenz and his squadron mates fight a rearguard action while the rest of the Alliance forces evacuate. On the other side, Federation ace Io Fleming leads the attack. The fate of humanity hangs in the balance as these two rival pilots prepare to cross swords once again.',14.99,'2020-02-18','mobile-suit-gundam-thunderbolt-vol-13-9781974711987_xlg.jpg',28.481,0,0,2,109),(51,'Mobile Suit Gundam Thunderbolt, Vol. 14','Temp. 2','Vol. 14','An epic story of war and survival set in the legendary Gundam universe!','In the Universal Century year 0079, the space colony known as Side 3 proclaims independence as the Principality of Zeon and declares war on the Earth Federation. One year later, they are locked in a fierce battle for the Thunderbolt Sector, an area of space scarred by the wreckage of destroyed colonies.\n\nThe Nanyang Alliance desperately tries to evacuate their Psycho Zakus from the Taal Volcano base under intense pressure from the attacking Earth Federation forces. To cover the retreat, Daryl Lorenz and the members of his team try to hold off Io Fleming and his unit. But this face-off was always going to come down to Io and Daryl, whose rivalry has only intensified since they first dueled in the Thunderbolt Sector. Each will accept nothing less than total destruction of the other, but victory always comes at a price…',14.99,'2020-07-21','mobile-suit-gundam-thunderbolt-vol-14-9781974715329_xlg.jpg',28.481,0,0,2,109),(52,'Mobile Suit Gundam Thunderbolt, Vol. 15','Temp. 2','Vol. 15','An epic story of war and survival set in the legendary Gundam universe!','In the Universal Century year 0079, the space colony known as Side 3 proclaims independence as the Principality of Zeon and declares war on the Earth Federation. One year later, they are locked in a fierce battle for the Thunderbolt Sector, an area of space scarred by the wreckage of destroyed colonies.\n\nThe battle for the Nanyang Alliance’s Taal volcano base is over. Sojo Levan Fu and his followers managed to evacuate the newly manufactured Psycho Zakus into orbit. But this victory came at a heavy price. During a ferocious rearguard action, Io—consumed by his bloodlust—accidentally killed someone dear to both he and Daryl. Enraged, Daryl destroyed the Spartan. In the aftermath of the battle, what’s left of the Spartan’s crew regroups to lick their wounds. Io lies in the infirmary, broken by what he’s done. But the war is not finished with Io Fleming, and will leave him with nothing when it’s over. Until then, he has only one job to do…',14.99,'2021-01-19','mobile-suit-gundam-thunderbolt-vol-15-9781974720729_xlg.jpg',28.481,1,12,2,109),(53,'Mobile Suit Gundam Thunderbolt, Vol. 16','Temp. 2','Vol. 16','An epic story of war and survival set in the legendary Gundam universe!','In the Universal Century year 0079, the space colony known as Side 3 proclaims independence as the Principality of Zeon and declares war on the Earth Federation. One year later, they are locked in a fierce battle for the Thunderbolt Sector, an area of space scarred by the wreckage of destroyed colonies.\n\nDaryl Lorenz and his fellow Zeon defectors have made it back into space, but they’ve got the entire Earth Federation fleet between them and the Nanyang Alliance rendezvous point. Renegade Zeon General Galle can help, but his assistance comes at a price, and getting through the blockade will require an audacious plan that only Daryl Lorenz can pull off—stealing an advanced Mobile Armor equipped with the advanced Psycommu control system, right out from under the Federation’s noses!',14.99,'2021-08-17','mobile-suit-gundam-thunderbolt-vol-16-9781974722952_xlg.jpg',28.481,1,15,2,109),(54,'Mobile Suit Gundam Thunderbolt, Vol. 17','Temp. 2','Vol. 17','An epic story of war and survival set in the legendary Gundam universe!','In the Universal Century year 0079, the space colony known as Side 3 proclaims independence as the Principality of Zeon and declares war on the Earth Federation. One year later, they are locked in a fierce battle for the Thunderbolt Sector, an area of space scarred by the wreckage of destroyed colonies.\n\nNanyang Alliance forces begin preparations for Operation Maitreya, their attempt to seize the Republic of Zeon’s Solar Ray weapon. The wreckage of the Side 4 Moore colony provides the ideal training environment for the assault, but Io Fleming and the Newtype Lily—piloting the cutting-edge Zeong MS and equipped with the Psycommu system—are closing in. Although the vast fields of debris give excellent cover, the Alliance deploys a new Psycho Zaku pilot to hold off Io and the oncoming Earth Federation fleet. As the combatants close to contact, the sound of jazz once again returns to the Thunderbolt Sector…',14.99,'2022-02-15','mobile-suit-gundam-thunderbolt-vol-17-9781974726530_xlg.jpg',28.481,0,0,2,109),(55,'Mobile Suit Gundam Thunderbolt, Vol. 18','Temp. 2','Vol. 18','An epic story of war and survival set in the legendary Gundam universe!','In the Universal Century year 0079, the space colony known as Side 3 proclaims independence as the Principality of Zeon and declares war on the Earth Federation. One year later, they are locked in a fierce battle for the Thunderbolt Sector, an area of space scarred by the wreckage of destroyed colonies.\n\nThe refugees from the Nanyang Alliance have slipped through the Earth Federation’s orbital blockade and arrived at Side 6, a neutral colony. Side 6’s conditions for accepting the refugees are strict—the Alliance refugees will have to disarm, leaving themselves defenseless. When an incoming Earth Federation patrol bent on hunting down the refugees kicks off a fierce battle near the colony, the Nanyang fleet begins a risky operation to reach safety. The battle rages as Side 6 struggles to maintain their neutrality in the face of a savage conflict that threatens to engulf them all.',14.99,'2022-10-18','mobile-suit-gundam-thunderbolt-vol-18-9781974732487_xlg.jpg',28.481,1,14,2,109),(56,'Bleach, Vol. 1','Temp. 1','Vol. 1','Part-time student, full-time Soul Reaper, Ichigo is one of the chosen few guardians of the afterlife.','Ichigo Kurosaki never asked for the ability to see ghosts—he was born with the gift. When his family is attacked by a Hollow—a malevolent lost soul—Ichigo becomes a Soul Reaper, dedicating his life to protecting the innocent and helping the tortured spirits themselves find peace. Find out why Tite Kubo’s Bleach has become an international manga smash-hit!\n\nIchigo Kurosaki has always been able to see ghosts, but this ability doesn’t change his life nearly as much as his close encounter with Rukia Kuchiki, a Soul Reaper and member of the mysterious Soul Society. While fighting a Hollow, an evil spirit that preys on humans who display psychic energy, Rukia attempts to lend Ichigo some of her powers so that he can save his family; but much to her surprise, Ichigo absorbs every last drop of her energy. Now a full-fledged Soul Reaper himself, Ichigo quickly learns that the world he inhabits is one full of dangerous spirits and, along with Rukia--who is slowly regaining her powers--it’s Ichigo’s job to protect the innocent from Hollows and help the spirits themselves find peace.',9.99,'2004-07-06','bleach-vol1-cvr9781591164418_9781591164418_lg.jpg',18.981,1,20,2,109),(57,'Bleach, Vol. 2','Temp. 1','Vol. 2','Part-time student, full-time Soul Reaper, Ichigo is one of the chosen few guardians of the afterlife.','Ichigo Kurosaki never asked for the ability to see ghosts—he was born with the gift. When his family is attacked by a Hollow—a malevolent lost soul—Ichigo becomes a Soul Reaper, dedicating his life to protecting the innocent and helping the tortured spirits themselves find peace. Find out why Tite Kubo’s Bleach has become an international manga smash-hit!\n\nImmediately after checking into the Kurosaki Clinic with a mysterious scar on his back, the muscle-bound Chad goes AWOL. Accompanying Chad is a talking parakeet imbued with the soul of a young boy named Yûichi. It doesn’t take newbie Soul Reaper Ichigo Kurosaki long to surmise that a Hollow must be involved--the strongest spirit he’s faced to date. Ichigo is about to discover that not every soul is bound for the Soul Society, especially if it’s tainted with innocent blood.',9.99,'2004-08-03','bleach-vol-2-9781591164425_lg.jpg',18.981,1,23,2,109),(58,'Bleach, Vol. 3','Temp. 1','Vol. 3','Part-time student, full-time Soul Reaper, Ichigo is one of the chosen few guardians of the afterlife.','Ichigo Kurosaki never asked for the ability to see ghosts—he was born with the gift. When his family is attacked by a Hollow—a malevolent lost soul—Ichigo becomes a Soul Reaper, dedicating his life to protecting the innocent and helping the tortured spirits themselves find peace. Find out why Tite Kubo’s Bleach has become an international manga smash-hit!\n\nIchigo Kurosaki was a little boy when his mother passed away. One rainy day, Ichigo, whose ability to see the undead is a blessing and a curse, tried to stop a young girl from drowning in a nearby river. His mother, Masaki, ran after them, frantically trying to rescue her only son. Then everything went black, and Ichigo awoke only to discover his mother dead and the little girl gone.\n\nIt’s the anniversary of Masaki’s death, and the entire Kurosaki clan, along with former Soul Reaper Rukia Kuchiki, head to the cemetery to pay their respects. Sleeping demons rarely ever stay still and pretty soon Ichigo confronts the Grand Fisher, the Hollow that may be responsible for his mother’s demise. This and more in this action-packed volume of Tite Kubo’s manga smash-hit Bleach.\n\nImmediately after checking into the Kurosaki Clinic with a mysterious scar on his back, the muscle-bound Chad goes AWOL. Accompanying Chad is a talking parakeet imbued with the soul of a young boy named Yûichi. It doesn’t take newbie Soul Reaper Ichigo Kurosaki long to surmise that a Hollow must be involved--the strongest spirit he’s faced to date. Ichigo is about to discover that not every soul is bound for the Soul Society, especially if it’s tainted with innocent blood.',9.99,'2004-10-12','bleach-vol-3-cvr9781591164432_9781591164432_lg.jpg',18.981,1,14,2,109),(59,'Bleach, Vol. 4','Temp. 1','Vol. 4','Part-time student, full-time Soul Reaper, Ichigo is one of the chosen few guardians of the afterlife.','Ichigo Kurosaki never asked for the ability to see ghosts—he was born with the gift. When his family is attacked by a Hollow—a malevolent lost soul—Ichigo becomes a Soul Reaper, dedicating his life to protecting the innocent and helping the tortured spirits themselves find peace. Find out why Tite Kubo’s Bleach has become an international manga smash-hit!\n\nA new reality-show craze is sweeping the nation, garnering legions of screaming fans (the majority of them being teenaged girls). But this program comes with a supernatural twist--the host, a media-savvy spiritualist, travels to local hotspots and performs exorcisms, live on national TV! Surly Soul Reaper Ichigo Kurosaki has his doubts about this primetime prima donna, and his assumptions are about to be put to the test--the show is heading straight for his neighborhood! What effect will this unprovoked media presence have on the fragile balance between Earth and the spirit world? Find out more in the fourth action-packed volume of Tite Kubo’s mega-manga hit Bleach.',9.99,'2004-12-07','bleach-vol-4-9781591164449_lg.jpg',18.981,1,30,2,109),(60,'Bleach, Vol. 5','Temp. 1','Vol. 5','Part-time student, full-time Soul Reaper, Ichigo is one of the chosen few guardians of the afterlife.','\nIchigo Kurosaki never asked for the ability to see ghosts—he was born with the gift. When his family is attacked by a Hollow—a malevolent lost soul—Ichigo becomes a Soul Reaper, dedicating his life to protecting the innocent and helping the tortured spirits themselves find peace. Find out why Tite Kubo’s Bleach has become an international manga smash-hit!\n\nIchigo Kurosaki thought that Soul Reapers were the only ones hunting Hollows, but he was wrong. Enter Uryû Ishida, a Quincy, and possibly the last member of a powerful clan that died out over 200 years ago. Unlike Soul Reapers who strive to cleanse Hollows of their sins and send them to the Soul Society, Quincies adopt a more direct approach--they kill Hollows without hesitation. To demonstrate the supremacy of the Quincies’ ways, Uryû challenges Ichigo to a contest--bait is spread around the city, attracting a large number of unstable Hollows. Whoever defeats the most wins, regardless of the danger.\n\nAlso, Orihime and Chad, confronted with a host of Hollows terrorizing their friends, awaken to their own psychic abilities. Who is the strongest? Find this out and more in the action-packed fifth volume of Tite Kubo’s Bleach!',9.99,'2005-02-01','bleach-vol-5-cvr9781591164456_9781591164456_lg.jpg',18.981,1,37,2,109),(61,'Bleach, Vol. 6','Temp. 1','Vol. 6','Part-time student, full-time Soul Reaper, Ichigo is one of the chosen few guardians of the afterlife.','Ichigo Kurosaki never asked for the ability to see ghosts—he was born with the gift. When his family is attacked by a Hollow—a malevolent lost soul—Ichigo becomes a Soul Reaper, dedicating his life to protecting the innocent and helping the tortured spirits themselves find peace. Find out why Tite Kubo’s Bleach has become an international manga smash-hit!\n\nIchigo Kurosaki may not know this, but the world he lives in is one predicated on balance--between the living and the dead, between everyday life and the Soul Society. Soul Reapers aren’t merely fighting Hollows, they are charged with the grand task of equalizing the balance between this life and the next. Naturally, if too much energy is channeled to one side, really bad things will happen--just as they’re happening now! Ichigo and Uryû’s competition inadvertently results in generating a leviathan of a Hollow whose sheer size is capable of tearing the Soul Reaper’s delicately constructed balance to ribbons. Find out what happens in Tite Kubo’s international manga smash-hit Bleach!',9.99,'2005-04-05','bleach-vol-6-9781591167280_lg.jpg',18.981,0,0,2,109),(62,'Bleach, Vol. 7','Temp. 1','Vol. 7','Part-time student, full-time Soul Reaper, Ichigo is one of the chosen few guardians of the afterlife.','Ichigo Kurosaki never asked for the ability to see ghosts—he was born with the gift. When his family is attacked by a Hollow—a malevolent lost soul—Ichigo becomes a Soul Reaper, dedicating his life to protecting the innocent and helping the tortured spirits themselves find peace. Find out why Tite Kubo’s Bleach has become an international manga smash-hit!\n\nRukia Kuchiki, the ex-Soul Reaper responsible for Ichigo’s transformation, is on the lam. Her brethren at the Soul Society are quite displeased with the fact that she transferred the powers of a Soul Reaper to a human and have dispatched two of their strongest agents to neutralize the situation. Their mission is twofold: to return Rukia to the Soul Society so that she may pay for her crime and to deal with Ichigo--permanently. But an unlikely third party is standing in their way: Uryû Ishida, the Quincy!',9.99,'2005-05-31','bleach-vol-7-cvr9781591168072_9781591168072_lg.jpg',18.981,0,0,2,109),(63,'Bleach, Vol. 8','Temp. 1','Vol. 8','Part-time student, full-time Soul Reaper, Ichigo is one of the chosen few guardians of the afterlife.','Ichigo Kurosaki never asked for the ability to see ghosts—he was born with the gift. When his family is attacked by a Hollow—a malevolent lost soul—Ichigo becomes a Soul Reaper, dedicating his life to protecting the innocent and helping the tortured spirits themselves find peace. Find out why Tite Kubo’s Bleach has become an international manga smash-hit!\n\nIchigo knows that to retrieve Rukia from the Soul Society, he’ll have to enter that world himself. But his fight with Rukia’s brother Byakuya showed, in no uncertain terms, that Ichigo still has a great deal of rigorous study and training ahead of him. Deep beneath Kisuke’s Urahara Shoten, Ichigo practices his fighting and hones his spiritual energies, and now he must face the most daunting challenge of all: prevent his Chain of Fate from consuming itself, or be forever transformed into a soul-devouring Hollow!',9.99,'2005-08-02','bleach-vol-8-cvr9781591168720_9781591168720_lg.jpg',18.981,1,21,2,109),(64,'Bleach, Vol. 9','Temp. 1','Vol. 9','Part-time student, full-time Soul Reaper, Ichigo is one of the chosen few guardians of the afterlife.','Ichigo Kurosaki never asked for the ability to see ghosts—he was born with the gift. When his family is attacked by a Hollow—a malevolent lost soul—Ichigo becomes a Soul Reaper, dedicating his life to protecting the innocent and helping the tortured spirits themselves find peace. Find out why Tite Kubo’s Bleach has become an international manga smash-hit!\n\nThe race to save Rukia from the Soul Society is officially on, and Ichigo and company have come to their first roadblock, a very, very big roadblock. Jindanbô, the monstrous, fez-sporting gatekeeper hasn’t let a single soul enter the Western Gate he guards in over 300 years, and he isn’t about to change his mind about it just because Ichigo’s crew wants to go through. But, in a where-the-rubber-meets-the-road kind of way, Ichigo wasn’t expecting his assault on the Soul Society to be a piece of cake. After all, that’d just be boring.',9.99,'2005-10-10','bleach-vol-9-cvr9781591169246_9781591169246_lg.jpg',18.981,1,5,2,109),(65,'Bleach, Vol. 10','Temp. 2','Vol. 10','Part-time student, full-time Soul Reaper, Ichigo is one of the chosen few guardians of the afterlife.','Ichigo Kurosaki never asked for the ability to see ghosts—he was born with the gift. When his family is attacked by a Hollow—a malevolent lost soul—Ichigo becomes a Soul Reaper, dedicating his life to protecting the innocent and helping the tortured spirits themselves find peace. Find out why Tite Kubo’s Bleach has become an international manga smash-hit!\n\nWith the help of Kûkaku--a one-armed explosives expert and old friend of the mysterious talking cat Yoruichi--Ichigo and crew are one step closer to infiltrating the Soul Society and rescuing their friend Rukia before she is executed. For Kûkaku’s plan to work, Ichigo must control his enormous reservoir of spiritual energy--and there’s no telling how much collateral damage this will cause. Meanwhile, the Soul Society hasn’t been twiddling their collective thumbs, and quickly dispatches a delegation of captains to give the unwanted visitors the rudest of welcomings imaginable.',9.99,'2005-12-06','bleach-vol-10-9781421500812_lg.jpg',18.981,1,26,2,109),(66,'Bleach, Vol. 11','Temp. 2','Vol. 11','Part-time student, full-time Soul Reaper, Ichigo is one of the chosen few guardians of the afterlife.','Ichigo Kurosaki never asked for the ability to see ghosts—he was born with the gift. When his family is attacked by a Hollow—a malevolent lost soul—Ichigo becomes a Soul Reaper, dedicating his life to protecting the innocent and helping the tortured spirits themselves find peace. Find out why Tite Kubo’s Bleach has become an international manga smash-hit!\n\nIchigo successfully defeats Ikkaku of the Eleventh Company and is rewarded with a valuable piece of information--the location of where Rukia is being detained as she awaits execution. However, Ichigo’s companion, the pyrotechnics-wielding Ganju, is having a much harder time with his Soul Reaper opponent. Meanwhile, Orihime and Uryû confront the younger brother of the gargantuan gatekeeper whom Ichigo defeated a little while ago. It’s time for Uryû to put all his training to the test and prove to everyone (and himself) how much more powerful he has become.',9.99,'2006-02-07','bleach-vol-11-9781421502717_lg.jpg',18.981,1,36,2,109),(67,'Bleach, Vol. 12','Temp. 2','Vol. 12','Part-time student, full-time Soul Reaper, Ichigo is one of the chosen few guardians of the afterlife.','Ichigo Kurosaki never asked for the ability to see ghosts—he was born with the gift. When his family is attacked by a Hollow—a malevolent lost soul—Ichigo becomes a Soul Reaper, dedicating his life to protecting the innocent and helping the tortured spirits themselves find peace. Find out why Tite Kubo’s Bleach has become an international manga smash-hit!\n\nWith reports of powerful intruders defeating a number of assistant captains, the inner sanctum of the Soul Society--the Seireitei, the home of the Soul Reapers--is put on a state of high alert. Matters are further compounded by the mysterious death of a prominent captain. Is his death a cover-up to prevent a valuable secret from being exposed? Meanwhile, Ichigo confronts Kenpachi Zaraki, captain of the eleventh company, and by far the most brutal fighter in the Seireitei!',9.99,'2006-04-04','bleach-vol-12-9781421504032_lg.jpg',18.981,1,34,2,109),(68,'Bleach, Vol. 13','Temp. 2','Vol. 13','Part-time student, full-time Soul Reaper, Ichigo is one of the chosen few guardians of the afterlife.','Ichigo Kurosaki never asked for the ability to see ghosts—he was born with the gift. When his family is attacked by a Hollow—a malevolent lost soul—Ichigo becomes a Soul Reaper, dedicating his life to protecting the innocent and helping the tortured spirits themselves find peace. Find out why Tite Kubo’s Bleach has become an international manga smash-hit!\n\nChad has stormed his way into the heart of the Soul Society, only to meet his match in Captain Kyôraku. Meanwhile, Ichigo struggles in his battle against Kenpachi Zaraki, the captain of the 11th company. Although Ichigo succeeds in drawing blood, the secret of Kenpachi’s zanpaku-tô may be his undoing. Before Ichigo realizes it, Kenpachi’s blade has pierced his heart!',9.99,'2006-06-06','bleach-vol-13-9781421506111_lg.jpg',18.981,1,30,2,109),(69,'Bleach, Vol. 14','Temp. 2','Vol. 14','Part-time student, full-time Soul Reaper, Ichigo is one of the chosen few guardians of the afterlife.','Ichigo Kurosaki never asked for the ability to see ghosts—he was born with the gift. When his family is attacked by a Hollow—a malevolent lost soul—Ichigo becomes a Soul Reaper, dedicating his life to protecting the innocent and helping the tortured spirits themselves find peace. Find out why Tite Kubo’s Bleach has become an international manga smash-hit!\n\nIchigo and Yoruichi race to save Ichigo’s friends from Rukia’s cold-blooded brother, Byakuya Kuchiki. They arrive to find Ganju in tatters, and Rukia with him. Ichigo is bent on defeating her brother this time, but he is nowhere near prepared. Can he learn decades’ worth of skill in just a matter of days?',9.99,'2006-08-01','bleach-vol-14-9781421506128_lg.jpg',18.981,1,29,2,109),(70,'Bleach, Vol. 15','Temp. 2','Vol. 15','Part-time student, full-time Soul Reaper, Ichigo is one of the chosen few guardians of the afterlife.','Ichigo Kurosaki never asked for the ability to see ghosts—he was born with the gift. When his family is attacked by a Hollow—a malevolent lost soul—Ichigo becomes a Soul Reaper, dedicating his life to protecting the innocent and helping the tortured spirits themselves find peace. Find out why Tite Kubo’s Bleach has become an international manga smash-hit!\n\nDuring a bloody confrontation with a sadistic Soul Reaper, Uryû chooses a path that will temporarily grant him enormous power, at great personal cost. Meanwhile, Ichigo races to master a powerful technique that will help him fight Byakuka and,hopefully, save Rukia from execution.',9.99,'2006-10-03','bleach-vol-15-9781421506135_lg.jpg',18.981,1,27,2,109),(71,'Bleach, Vol. 16','Temp. 2','Vol. 16','Part-time student, full-time Soul Reaper, Ichigo is one of the chosen few guardians of the afterlife.','Ichigo Kurosaki never asked for the ability to see ghosts—he was born with the gift. When his family is attacked by a Hollow—a malevolent lost soul—Ichigo becomes a Soul Reaper, dedicating his life to protecting the innocent and helping the tortured spirits themselves find peace. Find out why Tite Kubo’s Bleach has become an international manga smash-hit!\n\nThe scheduled execution of former Soul Reaper Rukia Kuchiki has been moved up and is now just hours away. Meanwhile, the Soul Society is in chaos, with Soul Reapers drawing swords against one other. Something is rotting at the core of the Soul Society, but who, or what, could be behind it?',9.99,'2006-12-05','bleach-vol-16-9781421506142_lg.jpg',18.981,0,0,2,109),(72,'Bleach, Vol. 17','Temp. 2','Vol. 17','Part-time student, full-time Soul Reaper, Ichigo is one of the chosen few guardians of the afterlife.','Ichigo Kurosaki never asked for the ability to see ghosts—he was born with the gift. When his family is attacked by a Hollow—a malevolent lost soul—Ichigo becomes a Soul Reaper, dedicating his life to protecting the innocent and helping the tortured spirits themselves find peace. Find out why Tite Kubo’s Bleach has become an international manga smash-hit!\n\nThe rebellion within the Soul Society grows as doubts spread about the death sentence of ex-Soul Reaper Rukia Kuchiki. Determined to save her, Rukia’s childhood friend Renji vows to cut down the captain of his own squad, unaware of the terrifying fate that awaits him.',9.99,'2007-02-06','bleach-vol-17-9781421510415_lg.jpg',18.981,1,20,2,109),(73,'Bleach, Vol. 18','Temp. 2','Vol. 18','Part-time student, full-time Soul Reaper, Ichigo is one of the chosen few guardians of the afterlife.','Ichigo Kurosaki never asked for the ability to see ghosts—he was born with the gift. When his family is attacked by a Hollow—a malevolent lost soul—Ichigo becomes a Soul Reaper, dedicating his life to protecting the innocent and helping the tortured spirits themselves find peace. Find out why Tite Kubo’s Bleach has become an international manga smash-hit!\n\nThe execution of Ichigo’s friend Rukia has begun, yet Ichigo himself is nowhere in sight. In a matter of seconds, the power of one million zanpaku-tô will slice through Rukia as punishment for sharing her Soul Reaper powers with Ichigo. Is this really how things are going to end?!',9.99,'2007-04-03','bleach-vol-18-9781421510422_lg.jpg',18.981,1,33,2,109),(74,'Bleach, Vol. 19','Temp. 2','Vol. 19','Part-time student, full-time Soul Reaper, Ichigo is one of the chosen few guardians of the afterlife.','Ichigo Kurosaki never asked for the ability to see ghosts—he was born with the gift. When his family is attacked by a Hollow—a malevolent lost soul—Ichigo becomes a Soul Reaper, dedicating his life to protecting the innocent and helping the tortured spirits themselves find peace. Find out why Tite Kubo’s Bleach has become an international manga smash-hit!\n\nThe long-awaited showdown between Ichigo and Byakuya Kuchiki has finally begun. Has Ichigo succeeded in mastering bankai, the highest level of power that a Soul Reaper can attain, to face Byakuya as an equal?',9.99,'2007-06-05','bleach-vol-19-9781421510439_lg.jpg',18.981,0,0,2,109),(75,'Bleach, Vol. 20','Temp. 2','Vol. 20','Part-time student, full-time Soul Reaper, Ichigo is one of the chosen few guardians of the afterlife.','Ichigo Kurosaki never asked for the ability to see ghosts—he was born with the gift. When his family is attacked by a Hollow—a malevolent lost soul—Ichigo becomes a Soul Reaper, dedicating his life to protecting the innocent and helping the tortured spirits themselves find peace. Find out why Tite Kubo’s Bleach has become an international manga smash-hit!\n\nThe shocking truth behind the collapse of the Soul Society is finally revealed! The magnitude of the conspiracy is far-reaching, and the perpetrators wield staggering power. Is this the end of the Soul Society?',9.99,'2007-08-07','bleach-vol-20-9781421510446_lg.jpg',18.981,1,31,2,109),(76,'Bleach, Vol. 21','Temp. 2','Vol. 21','Part-time student, full-time Soul Reaper, Ichigo is one of the chosen few guardians of the afterlife.','Ichigo Kurosaki never asked for the ability to see ghosts—he was born with the gift. When his family is attacked by a Hollow—a malevolent lost soul—Ichigo becomes a Soul Reaper, dedicating his life to protecting the innocent and helping the tortured spirits themselves find peace. Find out why Tite Kubo’s Bleach has become an international manga smash-hit!\n\nIchigo and his friends return to the world of the living, where life goes on as usual. But the arrival of a new transfer student raises disturbing questions, for outside school he carries a zanpaku-tô and wears the mask of a Hollow...',9.99,'2007-10-02','bleach-vol-21-9781421511658_lg.jpg',18.981,1,14,2,109),(77,'Bleach, Vol. 22','Temp. 2','Vol. 22','Part-time student, full-time Soul Reaper, Ichigo is one of the chosen few guardians of the afterlife.','Ichigo Kurosaki never asked for the ability to see ghosts—he was born with the gift. When his family is attacked by a Hollow—a malevolent lost soul—Ichigo becomes a Soul Reaper, dedicating his life to protecting the innocent and helping the tortured spirits themselves find peace. Find out why Tite Kubo’s Bleach has become an international manga smash-hit!\n\nThe noose is tightening around Ichigo. His inner Hollow can’t wait to consume him, the sinister transfer student has him tapped for a mysterious job, and now powerful new enemies have landed in his hometown to destroy him.',9.99,'2008-02-05','bleach-vol-22-9781421511795_lg.jpg',18.981,1,4,2,109),(78,'Bleach, Vol. 23','Temp. 2','Vol. 23','Part-time student, full-time Soul Reaper, Ichigo is one of the chosen few guardians of the afterlife.','Ichigo Kurosaki never asked for the ability to see ghosts—he was born with the gift. When his family is attacked by a Hollow—a malevolent lost soul—Ichigo becomes a Soul Reaper, dedicating his life to protecting the innocent and helping the tortured spirits themselves find peace. Find out why Tite Kubo’s Bleach has become an international manga smash-hit!\n\nThe Arrancars, Hollows that have attained Soul Reaper-like powers, have descended on Karakura Town. Led by Grimmjow Jaegerjaques, they plan to eliminate anyone who poses a threat to them. And their deadly hunt doesn’t stop with Ichigo and the Soul Reapers--the Arrancars are after anyone with even a trace of spiritual powers!',9.99,'2008-06-03','bleach-vol-23-9781421515410_lg.jpg',18.981,1,7,2,109),(79,'Bleach, Vol. 24','Temp. 2','Vol. 24','Part-time student, full-time Soul Reaper, Ichigo is one of the chosen few guardians of the afterlife.','Ichigo Kurosaki never asked for the ability to see ghosts—he was born with the gift. When his family is attacked by a Hollow—a malevolent lost soul—Ichigo becomes a Soul Reaper, dedicating his life to protecting the innocent and helping the tortured spirits themselves find peace. Find out why Tite Kubo’s Bleach has become an international manga smash-hit!\n\nIchigo and the Soul Reapers wage a furious battle against the Arrancars who are attacking Karakura Town. But this enemy is unlike anything they have ever fought before, and these aren’t even the strongest of the Arrancars! If Ichigo and his friends can barely face them, how can they hope to fight off the elite Arrancar warriors, the dreaded Espada?',9.99,'2008-09-02','bleach-vol-24-9781421516035_lg.jpg',18.981,1,29,2,109),(80,'Bleach, Vol. 25','Temp. 2','Vol. 25','Part-time student, full-time Soul Reaper, Ichigo is one of the chosen few guardians of the afterlife.','Ichigo Kurosaki never asked for the ability to see ghosts—he was born with the gift. When his family is attacked by a Hollow—a malevolent lost soul—Ichigo becomes a Soul Reaper, dedicating his life to protecting the innocent and helping the tortured spirits themselves find peace. Find out why Tite Kubo’s Bleach has become an international manga smash-hit!\n\nIchigo’s recent battles with the Arrancars have proven that if he wants to protect his friends he must get stronger, and the only way to do that is to control his inner Hollow. Ichigo turns to the Visoreds, ex-Soul Reapers who have been Hollowfied, to teach him. But before his training begins, Ichigo must do battle against his Hollow self--winner takes his soul!',9.99,'2008-12-02','bleach-vol-25-9781421517964_lg.jpg',18.981,1,33,2,109),(81,'Bleach, Vol. 26','Temp. 2','Vol. 26','Part-time student, full-time Soul Reaper, Ichigo is one of the chosen few guardians of the afterlife.','Ichigo Kurosaki never asked for the ability to see ghosts—he was born with the gift. When his family is attacked by a Hollow—a malevolent lost soul—Ichigo becomes a Soul Reaper, dedicating his life to protecting the innocent and helping the tortured spirits themselves find peace. Find out why Tite Kubo’s Bleach has become an international manga smash-hit!\n\nIchigo and all his friends are training like mad, spurred on by the looming threat of Aizen’s wicked plans. But while Uryû and Chad increase their powers, Orihime finds out that she has to sit out the coming fight, leaving her friends without her protection. And Ichigo, despite his intensive training with the Visoreds, can’t control his Hollowfied self long enough to battle. With the war against the Arrancars ramping up, can the team afford to have two fighters on the sidelines?',9.99,'2009-03-03','bleach-vol-26-9781421523842_lg.jpg',18.981,1,22,2,109),(82,'Bleach, Vol. 27','Temp. 2','Vol. 27','Part-time student, full-time Soul Reaper, Ichigo is one of the chosen few guardians of the afterlife.','Ichigo Kurosaki never asked for the ability to see ghosts—he was born with the gift. When his family is attacked by a Hollow—a malevolent lost soul—Ichigo becomes a Soul Reaper, dedicating his life to protecting the innocent and helping the tortured spirits themselves find peace. Find out why Tite Kubo’s Bleach has become an international manga smash-hit!\n\nOrihime’s return from the Soul Society is interrupted by the Arrancar Ulquiorra, who has a different, terrifying path for her. Using duplicitous tactics, Ulquiorra convinces Orihime to accompany him to Hueco Mundo, which brands her as a traitor in the Soul Society’s eyes and therefore unworthy of rescue. Ichigo refuses to abandon his friend, and sets out to storm Hueco Mundo to set her free! But can he win when the entire world is against him?!',9.99,'2009-06-02','bleach-vol-27-9781421523859_lg.jpg',18.981,1,3,2,109),(83,'Bleach, Vol. 28','Temp. 2','Vol. 28','Part-time student, full-time Soul Reaper, Ichigo is one of the chosen few guardians of the afterlife.','Ichigo Kurosaki never asked for the ability to see ghosts—he was born with the gift. When his family is attacked by a Hollow—a malevolent lost soul—Ichigo becomes a Soul Reaper, dedicating his life to protecting the innocent and helping the tortured spirits themselves find peace. Find out why Tite Kubo’s Bleach has become an international manga smash-hit!\n\nIchigo, Chad and Uryû are determined to rescue Orihime from Aizen’s vile machinations. But though the Arrancars’ fortress is in sight, the would-be heroes must first pass Tres Cifras--the land of the disgraced Arrancars, who see destroying Ichigo and his friends as a way to redeem their honor!',9.99,'2009-09-01','bleach-vol-28-9781421523866_lg.jpg',18.981,0,0,2,109),(84,'Bleach, Vol. 29','Temp. 2','Vol. 29','Part-time student, full-time Soul Reaper, Ichigo is one of the chosen few guardians of the afterlife.','Ichigo Kurosaki never asked for the ability to see ghosts—he was born with the gift. When his family is attacked by a Hollow—a malevolent lost soul—Ichigo becomes a Soul Reaper, dedicating his life to protecting the innocent and helping the tortured spirits themselves find peace. Find out why Tite Kubo’s Bleach has become an international manga smash-hit!\n\nIchigo and his friends knew invading Hueco Mundo wouldn’t be easy, but even the lesser Arrancars are pushing them to their limits! Can Ichigo, Uryû and Chad find the inner strength to overcome the first line of attack, or will Orihime be stuck in Hueco Mundo forever?!',9.99,'2009-12-01','bleach-vol-29-9781421523873_lg.jpg',18.981,0,0,2,109),(85,'Bleach, Vol. 30','Temp. 2','Vol. 30','Part-time student, full-time Soul Reaper, Ichigo is one of the chosen few guardians of the afterlife.','Ichigo Kurosaki never asked for the ability to see ghosts—he was born with the gift. When his family is attacked by a Hollow—a malevolent lost soul—Ichigo becomes a Soul Reaper, dedicating his life to protecting the innocent and helping the tortured spirits themselves find peace. Find out why Tite Kubo’s Bleach has become an international manga smash-hit!\n\nIchigo and his friends are moving ever closer to the center of Hueco Mundo and rescuing Orihime. But their battles against the Arrancars are testing them in ways they never thought possible. Can they keep their honor in a world where it doesn’t exist, or will Hueco Mundo leave an indelible mark on their souls?!',9.99,'2010-03-02','bleach-vol-30-9781421523880_lg.jpg',18.981,0,0,2,109),(86,'Bleach, Vol. 31','Temp. 3','Vol. 31','Part-time student, full-time Soul Reaper, Ichigo is one of the chosen few guardians of the afterlife.','Ichigo Kurosaki never asked for the ability to see ghosts—he was born with the gift. When his family is attacked by a Hollow—a malevolent lost soul—Ichigo becomes a Soul Reaper, dedicating his life to protecting the innocent and helping the tortured spirits themselves find peace. Find out why Tite Kubo’s Bleach has become an international manga smash-hit!\n\nIchigo and the rest of the rescue squad have made it as far as the fortress of Las Noches and are one step closer to freeing Orihime from the Arrancars’ clutches. And although the battles in Hueco Mundo have been brutal, the opponents have been surprisingly honorable. But that is about to change...',999,'2010-06-01','bleach-vol-31-9781421528090_lg.jpg',1898.1,1,20,2,109),(87,'Bleach, Vol. 32','Temp. 3','Vol. 32','Part-time student, full-time Soul Reaper, Ichigo is one of the chosen few guardians of the afterlife.','Ichigo Kurosaki never asked for the ability to see ghosts—he was born with the gift. When his family is attacked by a Hollow—a malevolent lost soul—Ichigo becomes a Soul Reaper, dedicating his life to protecting the innocent and helping the tortured spirits themselves find peace. Find out why Tite Kubo’s Bleach has become an international manga smash-hit!\n\nAfter healing Ichigo’s terrible wounds so that he can face the diabolic Grimmjow at full strength, Orihime must watch from the sidelines as the two battle. Orihime tries to convince herself that Ichigo will be all right, but she can’t help but be worried about him. And when Grimmjow taunts Ichigo into releasing his Hollow self, her confidence in her friend begins to waver. Has their time in the realm of the Hollows changed them both too much?',999,'2010-09-07','bleach-vol-32-9781421528106_lg.jpg',1898.1,1,23,2,109),(88,'Bleach, Vol. 33','Temp. 3','Vol. 33','Part-time student, full-time Soul Reaper, Ichigo is one of the chosen few guardians of the afterlife.','Ichigo Kurosaki never asked for the ability to see ghosts—he was born with the gift. When his family is attacked by a Hollow—a malevolent lost soul—Ichigo becomes a Soul Reaper, dedicating his life to protecting the innocent and helping the tortured spirits themselves find peace. Find out why Tite Kubo’s Bleach has become an international manga smash-hit!\n\nIchigo’s misson to rescue his friend Orihime from the Hollow world has turned into a struggle for survival against a succession of enemies, each one more powerful than the next. Now another vicious challenger has entered the fray, one that happens to know the startling truth about Ichigo’s new friend Nel!',999,'2010-12-07','bleach-vol-33-9781421528113_lg.jpg',1898.1,1,14,2,109),(89,'Bleach, Vol. 34','Temp. 3','Vol. 34','Part-time student, full-time Soul Reaper, Ichigo is one of the chosen few guardians of the afterlife.','Ichigo Kurosaki never asked for the ability to see ghosts—he was born with the gift. When his family is attacked by a Hollow—a malevolent lost soul—Ichigo becomes a Soul Reaper, dedicating his life to protecting the innocent and helping the tortured spirits themselves find peace. Find out why Tite Kubo’s Bleach has become an international manga smash-hit!\n\nTo Ichigo’s surprise, his childlike friend Nel Tu reverts to her true form to shield her human protectors. And yet, an unforeseen turn of events leaves Nel and everyone at the mercy of the enemy, who is a heartbeat away from exterminating them. What hope is there for Ichigo and his friends now?',999,'2011-03-01','bleach-vol-34-9781421528120_lg.jpg',1898.1,1,30,2,109),(90,'Bleach, Vol. 35','Temp. 3','Vol. 35','Part-time student, full-time Soul Reaper, Ichigo is one of the chosen few guardians of the afterlife.','Ichigo Kurosaki never asked for the ability to see ghosts—he was born with the gift. When his family is attacked by a Hollow—a malevolent lost soul—Ichigo becomes a Soul Reaper, dedicating his life to protecting the innocent and helping the tortured spirits themselves find peace. Find out why Tite Kubo’s Bleach has become an international manga smash-hit!\n\nWhile the Soul Reapers are entrenched in bloody one-on-one battles with the Espadas, their sworn enemy Aizen is preparing to make the next move in his elaborate plan. The battlefields of Hueco Mundo will soon give way to another battlefield where the price of losing will prove to be infinitely higher.',999,'2011-06-07','bleach-vol-35-9781421533124_lg.jpg',1898.1,1,37,2,109),(91,'Bleach, Vol. 36','Temp. 3','Vol. 36','Part-time student, full-time Soul Reaper, Ichigo is one of the chosen few guardians of the afterlife.','Ichigo Kurosaki never asked for the ability to see ghosts—he was born with the gift. When his family is attacked by a Hollow—a malevolent lost soul—Ichigo becomes a Soul Reaper, dedicating his life to protecting the innocent and helping the tortured spirits themselves find peace. Find out why Tite Kubo’s Bleach has become an international manga smash-hit!\n\nFind out what happened in the Soul Society one hundred years ago. Kisuke Urahara is the new captain of twelfth company—now if only he could get along with his assistant captain. And Soul Reaper captain Shinji Hirako suspects something sinister is going on with his second in command, Aizen.',999,'2011-09-06','bleach-vol-36-9781421533131_lg.jpg',1898.1,0,0,2,109),(92,'Bleach, Vol. 37','Temp. 3','Vol. 37','Part-time student, full-time Soul Reaper, Ichigo is one of the chosen few guardians of the afterlife.','Ichigo Kurosaki never asked for the ability to see ghosts—he was born with the gift. When his family is attacked by a Hollow—a malevolent lost soul—Ichigo becomes a Soul Reaper, dedicating his life to protecting the innocent and helping the tortured spirits themselves find peace. Find out why Tite Kubo’s Bleach has become an international manga smash-hit!\n\nSoul Reaper captain Shinji Hirako has uncovered Aizen’s betrayal, but it may be too late. As some of the Soul Society’s greatest Soul Reapers transform into Hollows, it will be up to Kisuke Urahara to save them. And back in the present time, the grand battle between the Thirteen Court Guard Companies and the remaining Espada finally begins!',999,'2011-12-06','bleach-vol-37-9781421533148_lg.jpg',1898.1,0,0,2,109),(93,'Bleach, Vol. 38','Temp. 3','Vol. 38','Part-time student, full-time Soul Reaper, Ichigo is one of the chosen few guardians of the afterlife.','Ichigo Kurosaki never asked for the ability to see ghosts—he was born with the gift. When his family is attacked by a Hollow—a malevolent lost soul—Ichigo becomes a Soul Reaper, dedicating his life to protecting the innocent and helping the tortured spirits themselves find peace. Find out why Tite Kubo’s Bleach has become an international manga smash-hit!\n\nThe Soul Reapers must guard the four pillars that are protecting Karakura Town from destruction at the hands of Aizen’s minions. Standing guard are assistant captains Yumichika, Kira, Hisagi and Ikkaku! But when Ikkaku goes down, will Karakura Town fall with him...?!',999,'2012-02-07','bleach-vol-38-9781421535975_lg.jpg',1898.1,1,21,2,109),(94,'Bleach, Vol. 39','Temp. 3','Vol. 39','Part-time student, full-time Soul Reaper, Ichigo is one of the chosen few guardians of the afterlife.','Ichigo Kurosaki never asked for the ability to see ghosts—he was born with the gift. When his family is attacked by a Hollow—a malevolent lost soul—Ichigo becomes a Soul Reaper, dedicating his life to protecting the innocent and helping the tortured spirits themselves find peace. Find out why Tite Kubo’s Bleach has become an international manga smash-hit!\n\nThe battle between the Soul Reapers and Aizen over the fate of Karakura Town continues with more warriors joining the fight. But when Captain General Yamamoto enters the battlefield, can he put a quick end to Aizen’s minions? ',999,'2012-04-03','bleach-vol-39-9781421535982_lg.jpg',1898.1,1,5,2,109),(95,'Bleach, Vol. 40','Temp. 3','Vol. 40','Part-time student, full-time Soul Reaper, Ichigo is one of the chosen few guardians of the afterlife.','Ichigo Kurosaki never asked for the ability to see ghosts—he was born with the gift. When his family is attacked by a Hollow—a malevolent lost soul—Ichigo becomes a Soul Reaper, dedicating his life to protecting the innocent and helping the tortured spirits themselves find peace. Find out why Tite Kubo’s Bleach has become an international manga smash-hit!\n\nWhile the Soul Reaper captains deal with Aizen’s forces in Karakura Town, Ichigo faces Ulquiorra in Hueco Mundo. To match the powerful Espada, Ichigo will have to rely on his Hollow powers. But will the darkness overwhelm him…?',999,'2012-06-05','bleach-vol-40-9781421541372_lg.jpg',1898.1,1,26,2,109),(96,'Bleach, Vol. 41','Temp. 3','Vol. 41','Part-time student, full-time Soul Reaper, Ichigo is one of the chosen few guardians of the afterlife.','Ichigo Kurosaki never asked for the ability to see ghosts—he was born with the gift. When his family is attacked by a Hollow—a malevolent lost soul—Ichigo becomes a Soul Reaper, dedicating his life to protecting the innocent and helping the tortured spirits themselves find peace. Find out why Tite Kubo’s Bleach has become an international manga smash-hit!\n\nPushed to the verge of death by Ulquiorra, Ichigo releases his Hollow powers. But can Ichigo control his powers long enough to claim victory against his rival, or will he lose everything he’s been fighting for...?',999,'2012-06-05','bleach-vol-41-9781421541389_lg.jpg',1898.1,1,36,2,109),(97,'Bleach, Vol. 42','Temp. 3','Vol. 42','Part-time student, full-time Soul Reaper, Ichigo is one of the chosen few guardians of the afterlife.','\nIchigo Kurosaki never asked for the ability to see ghosts—he was born with the gift. When his family is attacked by a Hollow—a malevolent lost soul—Ichigo becomes a Soul Reaper, dedicating his life to protecting the innocent and helping the tortured spirits themselves find peace. Find out why Tite Kubo’s Bleach has become an international manga smash-hit!\n\nThe battle between the Soul Reaper Captains and Aizen’s Espadas continues with the fate of Karakura Town in the balance. And just as things take a turn for the worse, some surprising allies make their grand entrance!',999,'2012-07-03','bleach-vol-42-9781421541396_lg.jpg',1898.1,1,34,2,109),(98,'Bleach, Vol. 43','Temp. 3','Vol. 43','Part-time student, full-time Soul Reaper, Ichigo is one of the chosen few guardians of the afterlife.','Ichigo Kurosaki never asked for the ability to see ghosts—he was born with the gift. When his family is attacked by a Hollow—a malevolent lost soul—Ichigo becomes a Soul Reaper, dedicating his life to protecting the innocent and helping the tortured spirits themselves find peace. Find out why Tite Kubo’s Bleach has become an international manga smash-hit!\n\nThe battle against Aizen’s Espadas continues as the Soul Reapers search for a way to defeat Barragan’s terrifying abilities. Meanwhile, Shunsui will need every trick in his bag to compete against Stark!',999,'2012-07-03','bleach-vol-43-9781421542966_lg.jpg',1898.1,1,30,2,109),(99,'Bleach, Vol. 44','Temp. 3','Vol. 44','Part-time student, full-time Soul Reaper, Ichigo is one of the chosen few guardians of the afterlife.','Ichigo Kurosaki never asked for the ability to see ghosts—he was born with the gift. When his family is attacked by a Hollow—a malevolent lost soul—Ichigo becomes a Soul Reaper, dedicating his life to protecting the innocent and helping the tortured spirits themselves find peace. Find out why Tite Kubo’s Bleach has become an international manga smash-hit!\n\nOld friends turn against each other as Tosen and Komamura battle it out. Will Tosen’s new powers be too much for the Soul Reapers? And when Hirako reveals his Bankai for the first time, can he turn the tables against Aizen?!',999,'2012-08-07','bleach-vol-44-9781421542973_lg.jpg',1898.1,1,29,2,109),(100,'Bleach, Vol. 45','Temp. 3','Vol. 45','Part-time student, full-time Soul Reaper, Ichigo is one of the chosen few guardians of the afterlife.','Ichigo Kurosaki never asked for the ability to see ghosts—he was born with the gift. When his family is attacked by a Hollow—a malevolent lost soul—Ichigo becomes a Soul Reaper, dedicating his life to protecting the innocent and helping the tortured spirits themselves find peace. Find out why Tite Kubo’s Bleach has become an international manga smash-hit!\n\nThe great battle heads for a climax as Aizen joins the battlefield and faces the Soul Society’s greatest captains. Captain General Yamamoto reveals his true powers for the first time, but will it be enough to stop Aizen?',999,'2012-08-07','bleach-vol-45-9781421542980_lg.jpg',1898.1,1,27,2,109),(101,'Bleach, Vol. 46','Temp. 3','Vol. 46','Part-time student, full-time Soul Reaper, Ichigo is one of the chosen few guardians of the afterlife.','Ichigo Kurosaki never asked for the ability to see ghosts—he was born with the gift. When his family is attacked by a Hollow—a malevolent lost soul—Ichigo becomes a Soul Reaper, dedicating his life to protecting the innocent and helping the tortured spirits themselves find peace. Find out why Tite Kubo’s Bleach has become an international manga smash-hit!\n\nWith Captain General Yamamoto giving him an opening, Ichigo goes in for the finishing strike against Aizen! But Ichigo will need the help of some new reinforcements if he hopes to defeat both Aizen and Ichimaru Gin!',999,'2012-09-04','bleach-vol-46-9781421542997_lg.jpg',1898.1,0,0,2,109),(102,'Bleach, Vol. 47','Temp. 3','Vol. 47','Part-time student, full-time Soul Reaper, Ichigo is one of the chosen few guardians of the afterlife.','Ichigo Kurosaki never asked for the ability to see ghosts—he was born with the gift. When his family is attacked by a Hollow—a malevolent lost soul—Ichigo becomes a Soul Reaper, dedicating his life to protecting the innocent and helping the tortured spirits themselves find peace. Find out why Tite Kubo’s Bleach has become an international manga smash-hit!\n\nAizen’s new powers are too much for even the combined efforts of Ichigo, Isshin, Urahara, and Yoruichi. But as Aizen and Gin head for the real Karakura Town, Ichigo decides to undergo intense training under his father’s tutelage.',999,'2012-09-04','bleach-vol-47-9781421543000_lg.jpg',1898.1,1,20,2,109),(103,'Bleach, Vol. 48','Temp. 3','Vol. 48','Part-time student, full-time Soul Reaper, Ichigo is one of the chosen few guardians of the afterlife.','Ichigo Kurosaki never asked for the ability to see ghosts—he was born with the gift. When his family is attacked by a Hollow—a malevolent lost soul—Ichigo becomes a Soul Reaper, dedicating his life to protecting the innocent and helping the tortured spirits themselves find peace. Find out why Tite Kubo’s Bleach has become an international manga smash-hit!\n\nAs Aizen strolls through Karakura Town, Ichigo undergoes furious training in order to master the one technique that could bring an end to the conflict. But when the battle is finally over, how will Ichigo’s world have changed…?',999,'2022-10-02','bleach-vol-48-9781421543017_lg.jpg',1898.1,1,33,2,109),(104,'Bleach, Vol. 49','Temp. 3','Vol. 49','Part-time student, full-time Soul Reaper, Ichigo is one of the chosen few guardians of the afterlife.','Ichigo Kurosaki never asked for the ability to see ghosts—he was born with the gift. When his family is attacked by a Hollow—a malevolent lost soul—Ichigo becomes a Soul Reaper, dedicating his life to protecting the innocent and helping the tortured spirits themselves find peace. Find out why Tite Kubo’s Bleach has become an international manga smash-hit!\n\nAfter a long battle, Ichigo loses his Soul Reaper powers... Ichigo now leads a quiet and peaceful life until he is approached by a mysterious man. What does the man want and how does it relate to Ichigo’s lost powers?!',999,'2022-10-02','bleach-vol-49-9781421543024_lg.jpg',1898.1,0,0,2,109),(105,'Bleach, Vol. 50','Temp. 3','Vol. 50','Part-time student, full-time Soul Reaper, Ichigo is one of the chosen few guardians of the afterlife.','Ichigo Kurosaki never asked for the ability to see ghosts—he was born with the gift. When his family is attacked by a Hollow—a malevolent lost soul—Ichigo becomes a Soul Reaper, dedicating his life to protecting the innocent and helping the tortured spirits themselves find peace. Find out why Tite Kubo’s Bleach has become an international manga smash-hit!\n\nAfter a long battle, Ichigo loses his Soul Reaper powers and is now living a quiet and peaceful life. But when a mysterious man named Kugo Ginjo approaches him, Ichigo might have a chance to regain his powers. But what are Ginjo’s true motives…?',999,'2012-11-06','bleach-vol-50-cvr9781421543031_9781421543031_lg.jpg',1898.1,1,31,2,109),(106,'Bleach, Vol. 51','Temp. 3','Vol. 51','Part-time student, full-time Soul Reaper, Ichigo is one of the chosen few guardians of the afterlife.','Ichigo Kurosaki never asked for the ability to see ghosts—he was born with the gift. When his family is attacked by a Hollow—a malevolent lost soul—Ichigo becomes a Soul Reaper, dedicating his life to protecting the innocent and helping the tortured spirits themselves find peace. Find out why Tite Kubo’s Bleach has become an international manga smash-hit!\n\nKnowing Tsukishima is after Ichigo, Ginjo continues the Fullbring training at a secret base. Ichigo is mastering Fullbring at an incredible speed and regaining his lost powers, but is he ready to face Tsukishima just yet…?',999,'2012-11-06','bleach-vol-51-9781421543048_lg.jpg',1898.1,1,14,2,109),(107,'Bleach, Vol. 52','Temp. 3','Vol. 52','Part-time student, full-time Soul Reaper, Ichigo is one of the chosen few guardians of the afterlife.','Ichigo Kurosaki never asked for the ability to see ghosts—he was born with the gift. When his family is attacked by a Hollow—a malevolent lost soul—Ichigo becomes a Soul Reaper, dedicating his life to protecting the innocent and helping the tortured spirits themselves find peace. Find out why Tite Kubo’s Bleach has become an international manga smash-hit!\n\nIchigo continues his training to master Fullbring and hopefully regain his lost Soul Reaper powers. But as Ichigo gets closer, Ginjo makes a startling move. Can Ginjo truly be trusted? And what lies ahead for Ichigo when he finally regains his powers…?',999,'2012-12-04','bleach-vol-52-9781421543055_lg.jpg',1898.1,1,4,2,109),(108,'Bleach, Vol. 53','Temp. 3','Vol. 53','Part-time student, full-time Soul Reaper, Ichigo is one of the chosen few guardians of the afterlife.','Ichigo Kurosaki never asked for the ability to see ghosts—he was born with the gift. When his family is attacked by a Hollow—a malevolent lost soul—Ichigo becomes a Soul Reaper, dedicating his life to protecting the innocent and helping the tortured spirits themselves find peace. Find out why Tite Kubo’s Bleach has become an international manga smash-hit!\n\nIchigo is rescued from the pit of despair once again by Rukia. And she’s not the only member of the Soul Society who shows up to help out. Now having finally regained his true Soul Reaper powers, Ichigo faces off against Ginjo with no restraints.',999,'2012-12-04','bleach-vol-53-9781421549491_lg.jpg',1898.1,1,7,2,109),(109,'Bleach, Vol. 54','Temp. 3','Vol. 54','Part-time student, full-time Soul Reaper, Ichigo is one of the chosen few guardians of the afterlife.','Ichigo Kurosaki never asked for the ability to see ghosts—he was born with the gift. When his family is attacked by a Hollow—a malevolent lost soul—Ichigo becomes a Soul Reaper, dedicating his life to protecting the innocent and helping the tortured spirits themselves find peace. Find out why Tite Kubo’s Bleach has become an international manga smash-hit!\n\nAfter a long struggle, Ichigo finally regains his Soul Reaper powers thanks to Rukia. But as the battle against Kugo Ginjo heats up, Ichigo learns a shocking secret behind his role as a Deputy Soul Reaper. With the truth finally revealed to him, what action will Ichigo take?',999,'2013-01-01','bleach-vol-54-9781421551388_lg.jpg',1898.1,1,29,2,109),(110,'Bleach, Vol. 55','Temp. 3','Vol. 55','Part-time student, full-time Soul Reaper, Ichigo is one of the chosen few guardians of the afterlife.','Ichigo Kurosaki never asked for the ability to see ghosts—he was born with the gift. When his family is attacked by a Hollow—a malevolent lost soul—Ichigo becomes a Soul Reaper, dedicating his life to protecting the innocent and helping the tortured spirits themselves find peace. Find out why Tite Kubo’s Bleach has become an international manga smash-hit!\n\nThe peace is suddenly broken when warning sirens blare through the Soul Society. Residents there are disappearing without a trace, and nobody knows who’s behind it. Meanwhile, a dark shadow is also extending itself toward Ichigo and his friends in Karakura Town…',999,'2013-02-05','bleach-vol-55-9781421552361_lg.jpg',1898.1,1,33,2,109),(111,'Bleach, Vol. 56','Temp. 3','Vol. 56','Part-time student, full-time Soul Reaper, Ichigo is one of the chosen few guardians of the afterlife.','Ichigo Kurosaki never asked for the ability to see ghosts—he was born with the gift. When his family is attacked by a Hollow—a malevolent lost soul—Ichigo becomes a Soul Reaper, dedicating his life to protecting the innocent and helping the tortured spirits themselves find peace. Find out why Tite Kubo’s Bleach has become an international manga smash-hit!\n\nWhen a mysterious group of warriors calling themselves the Vandenreich attacks, Ichigo heads to Hueco Mundo to help his friend Nel. And when the Vandenreich takes the fight to the Soul Society, an all-out war between Soul Reapers and Quincies breaks out!',999,'2013-04-02','bleach-vol-56-9781421554761_lg.jpg',1898.1,1,22,2,109),(112,'Bleach, Vol. 57','Temp. 3','Vol. 57','Part-time student, full-time Soul Reaper, Ichigo is one of the chosen few guardians of the afterlife.','Ichigo Kurosaki never asked for the ability to see ghosts—he was born with the gift. When his family is attacked by a Hollow—a malevolent lost soul—Ichigo becomes a Soul Reaper, dedicating his life to protecting the innocent and helping the tortured spirits themselves find peace. Find out why Tite Kubo’s Bleach has become an international manga smash-hit!\n\nWith Ichigo trapped in Hueco Mundo, the Soul Society comes under attack by a mysterious group of warriors calling themselves the Vandenreich. The Soul Reaper captains valiantly stand up to the invaders, but this is a battle they might not be able to win!',999,'2013-07-02','bleach-vol-57-9781421558820_lg.jpg',1898.1,1,3,2,109),(113,'Bleach, Vol. 58','Temp. 3','Vol. 58','Part-time student, full-time Soul Reaper, Ichigo is one of the chosen few guardians of the afterlife.','Ichigo Kurosaki never asked for the ability to see ghosts—he was born with the gift. When his family is attacked by a Hollow—a malevolent lost soul—Ichigo becomes a Soul Reaper, dedicating his life to protecting the innocent and helping the tortured spirits themselves find peace. Find out why Tite Kubo’s Bleach has become an international manga smash-hit!\n\nAs the Soul Society struggles against the mysterious group of warriors calling themselves the Vandenreich, Captain General Yamamoto joins the battle. With his Bankai finally revealed, Yamamoto takes down the Vandenreich’s king. But is the battle really over…?',999,'2013-10-01','bleach-vol-58-9781421561356_lg.jpg',1898.1,0,0,2,109),(114,'Bleach, Vol. 59','Temp. 3','Vol. 59','Part-time student, full-time Soul Reaper, Ichigo is one of the chosen few guardians of the afterlife.','Ichigo Kurosaki never asked for the ability to see ghosts—he was born with the gift. When his family is attacked by a Hollow—a malevolent lost soul—Ichigo becomes a Soul Reaper, dedicating his life to protecting the innocent and helping the tortured spirits themselves find peace. Find out why Tite Kubo’s Bleach has become an international manga smash-hit!\n\nAfter the defeat of the Soul Reapers by the mysterious group of warriors calling themselves the Vandenreich, Ichigo heads to the royal palace to heal his wounds. With that accomplished, it’s time to get stronger! But does Ichigo have what it takes to survive some super-intense training?!',999,'2014-02-04','bleach-vol-59-9781421562377_lg.jpg',1898.1,0,0,2,109),(115,'Bleach, Vol. 60','Temp. 3','Vol. 60','Part-time student, full-time Soul Reaper, Ichigo is one of the chosen few guardians of the afterlife.','Ichigo Kurosaki never asked for the ability to see ghosts—he was born with the gift. When his family is attacked by a Hollow—a malevolent lost soul—Ichigo becomes a Soul Reaper, dedicating his life to protecting the innocent and helping the tortured spirits themselves find peace. Find out why Tite Kubo’s Bleach has become an international manga smash-hit!\n\nAs the rain falls in Karakura Town, Isshin faces off against a mysterious Black Hollow. But when a familiar face joins the fight, Isshin will need all the help he can get. Ichigo’s dark past is revealed, but can he recover from the shock of finally learning the truth?!',999,'2014-04-01','bleach-vol-60-9781421564586_lg.jpg',1898.1,0,0,2,109),(116,'Bleach, Vol. 61','Temp. 4','Vol. 61','Part-time student, full-time Soul Reaper, Ichigo is one of the chosen few guardians of the afterlife.','Ichigo Kurosaki never asked for the ability to see ghosts—he was born with the gift. When his family is attacked by a Hollow—a malevolent lost soul—Ichigo becomes a Soul Reaper, dedicating his life to protecting the innocent and helping the tortured spirits themselves find peace. Find out why Tite Kubo’s Bleach has become an international manga smash-hit!\n\nAfter finally learning the truth about his mother and his own connection to the Quincies, Ichigo now faces off against his true Zanpakuto. Meanwhile, the Vandenreich prepares its final plans as Uryu’s role becomes clearer. The world’s last nine days now begin...',999,'2014-08-05','bleach-vol-61-9781421573830_lg.jpg',1898.1,1,20,2,109),(117,'Bleach, Vol. 62','Temp. 4','Vol. 62','Part-time student, full-time Soul Reaper, Ichigo is one of the chosen few guardians of the afterlife.','Ichigo Kurosaki never asked for the ability to see ghosts—he was born with the gift. When his family is attacked by a Hollow—a malevolent lost soul—Ichigo becomes a Soul Reaper, dedicating his life to protecting the innocent and helping the tortured spirits themselves find peace. Find out why Tite Kubo’s Bleach has become an international manga smash-hit!\n\nUnable to use their Bankai special abilities, the Soul Reaper captains are at a severe disadvantage against the invading Quincy army. Urahara has a plan to turn the tide of battle, but will it be enough as the Quincies continue their onslaught?!',999,'2014-11-04','bleach-vol-62-9781421576817_lg.jpg',1898.1,1,33,2,109),(118,'Bleach, Vol. 63','Temp. 4','Vol. 63','Part-time student, full-time Soul Reaper, Ichigo is one of the chosen few guardians of the afterlife.','Ichigo Kurosaki never asked for the ability to see ghosts—he was born with the gift. When his family is attacked by a Hollow—a malevolent lost soul—Ichigo becomes a Soul Reaper, dedicating his life to protecting the innocent and helping the tortured spirits themselves find peace. Find out why Tite Kubo’s Bleach has become an international manga smash-hit!\n\nMask De Masculine’s onslaught continues as he takes on multiple Soul Reaper captains at once. However, he may have met his match when Renji makes his appearance. Meanwhile, the secrets behind the Quincy king’s power may finally be revealed.',999,'2015-02-03','bleach-vol-63-9781421578552_lg.jpg',1898.1,0,0,2,109),(119,'Bleach, Vol. 64','Temp. 4','Vol. 64','Part-time student, full-time Soul Reaper, Ichigo is one of the chosen few guardians of the afterlife.','Ichigo Kurosaki never asked for the ability to see ghosts—he was born with the gift. When his family is attacked by a Hollow—a malevolent lost soul—Ichigo becomes a Soul Reaper, dedicating his life to protecting the innocent and helping the tortured spirits themselves find peace. Find out why Tite Kubo’s Bleach has become an international manga smash-hit!\n\nAs the battle between the Soul Reapers and Quincies continues to heat up, both sides start experiencing casualties. Yachiru now joins the battlefield and prepares to show her true powers for the first time. However, standing in her way is an opponent whose abilities may defy imagination...',999,'2015-07-07','bleach-vol-64-9781421579733_lg.jpg',1898.1,1,31,2,109),(120,'Bleach, Vol. 65','Temp. 4','Vol. 65','Part-time student, full-time Soul Reaper, Ichigo is one of the chosen few guardians of the afterlife.','Ichigo Kurosaki never asked for the ability to see ghosts—he was born with the gift. When his family is attacked by a Hollow—a malevolent lost soul—Ichigo becomes a Soul Reaper, dedicating his life to protecting the innocent and helping the tortured spirits themselves find peace. Find out why Tite Kubo’s Bleach has become an international manga smash-hit!\n\nThe war between the Soul Reapers and the Quincies continues as an injured Kenpachi faces off against more Stern Ritters. Can Ichigo arrive in time to save the day again?!',999,'2015-11-03','bleach-vol-65-9781421580845_lg.jpg',1898.1,1,14,2,109),(121,'Bleach, Vol. 66','Temp. 4','Vol. 66','Part-time student, full-time Soul Reaper, Ichigo is one of the chosen few guardians of the afterlife.','Ichigo Kurosaki never asked for the ability to see ghosts—he was born with the gift. When his family is attacked by a Hollow—a malevolent lost soul—Ichigo becomes a Soul Reaper, dedicating his life to protecting the innocent and helping the tortured spirits themselves find peace. Find out why Tite Kubo’s Bleach has become an international manga smash-hit!\n\nWith Hitsugaya as her own personal zombie, Gigi continues her attack against the other soul reapers. Does Mayuri have a plan to turn the fight around? Meanwhile, Yhwach and his strongest warriors head toward the royal palace to face off against Squad Zero!',999,'2016-03-01','bleach-vol-66-9781421582627_lg.jpg',1898.1,1,4,2,109),(122,'Bleach, Vol. 67','Temp. 4','Vol. 67','Part-time student, full-time Soul Reaper, Ichigo is one of the chosen few guardians of the afterlife.','\nIchigo Kurosaki never asked for the ability to see ghosts—he was born with the gift. When his family is attacked by a Hollow—a malevolent lost soul—Ichigo becomes a Soul Reaper, dedicating his life to protecting the innocent and helping the tortured spirits themselves find peace. Find out why Tite Kubo’s Bleach has become an international manga smash-hit!\n\nThe Soul Reapers of Squad Zero continue their defense of the royal palace as Yhwach’s strongest Quincies reveal their true powers! But when Hyosube, the leader of Squad Zero, joins the fray, will Yhwach be forced into the fight as well?',999,'2016-07-05','bleach-vol-67-9781421585062_lg.jpg',1898.1,1,7,2,109),(123,'Bleach, Vol. 68','Temp. 4','Vol. 68','Part-time student, full-time Soul Reaper, Ichigo is one of the chosen few guardians of the afterlife.','Ichigo Kurosaki never asked for the ability to see ghosts—he was born with the gift. When his family is attacked by a Hollow—a malevolent lost soul—Ichigo becomes a Soul Reaper, dedicating his life to protecting the innocent and helping the tortured spirits themselves find peace. Find out why Tite Kubo’s Bleach has become an international manga smash-hit!\n\nWith the death of Reio at the hands of the Quincy King Yhwach, the world starts to crumble. Hope seems lost until Ukitake performs a mysterious ceremony to save the Soul Society. Meanwhile, Soul Reaper Captain General Kyoraku has his own plan, but will it mean making a deal with the devil?',999,'2016-11-01','bleach-vol-68-9781421585833_lg.jpg',1898.1,1,29,2,109),(124,'Bleach, Vol. 69','Temp. 4','Vol. 69','Part-time student, full-time Soul Reaper, Ichigo is one of the chosen few guardians of the afterlife.','\nIchigo Kurosaki never asked for the ability to see ghosts—he was born with the gift. When his family is attacked by a Hollow—a malevolent lost soul—Ichigo becomes a Soul Reaper, dedicating his life to protecting the innocent and helping the tortured spirits themselves find peace. Find out why Tite Kubo’s Bleach has become an international manga smash-hit!\n\nWith the death of Reio at the hands of the Quincy King Yhwach, the world starts to crumble. Soul Reaper Captain General Kyoraku enlists Aizen to help in the war against the Quincies, but is relying on a traitor a wise move? And as Ichigo heads toward Yhwach, he runs into an unexpected figure!',999,'2017-03-07','bleach-vol-69-9781421587011_lg.jpg',1898.1,1,33,2,109),(125,'Bleach, Vol. 70','Temp. 4','Vol. 70','Part-time student, full-time Soul Reaper, Ichigo is one of the chosen few guardians of the afterlife.','Ichigo Kurosaki never asked for the ability to see ghosts—he was born with the gift. When his family is attacked by a Hollow—a malevolent lost soul—Ichigo becomes a Soul Reaper, dedicating his life to protecting the innocent and helping the tortured spirits themselves find peace. Find out why Tite Kubo’s Bleach has become an international manga smash-hit!\n\nJugo and Bazz spent their childhood together, but their paths diverged once they met Yhwach. They now stand against each other as enemies, but what’s truly in their hearts? Meanwhile, Kenpachi and Mayuri face off against the weirdest Quincy yet!',999,'2017-07-04','bleach-vol-70-9781421588674_lg.jpg',1898.1,1,22,2,109),(126,'Bleach, Vol. 71','Temp. 4','Vol. 71','Part-time student, full-time Soul Reaper, Ichigo is one of the chosen few guardians of the afterlife.','Ichigo Kurosaki never asked for the ability to see ghosts—he was born with the gift. When his family is attacked by a Hollow—a malevolent lost soul—Ichigo becomes a Soul Reaper, dedicating his life to protecting the innocent and helping the tortured spirits themselves find peace. Find out why Tite Kubo’s Bleach has become an international manga smash-hit!\n\nAs Mayuri struggles against the monstrosity that is Pernida, his daughter Nemu joins the battle. For the first time, Nemu disobeys Mayuri’s orders and acts on her own. But will it be her final act? Meanwhile, Kyoraku faces his own demons...',999,'2017-11-07','bleach-vol-71-9781421590950_lg.jpg',1898.1,1,33,2,109),(127,'Bleach, Vol. 72','Temp. 4','Vol. 72','Part-time student, full-time Soul Reaper, Ichigo is one of the chosen few guardians of the afterlife.','Ichigo Kurosaki never asked for the ability to see ghosts—he was born with the gift. When his family is attacked by a Hollow—a malevolent lost soul—Ichigo becomes a Soul Reaper, dedicating his life to protecting the innocent and helping the tortured spirits themselves find peace. Find out why Tite Kubo’s Bleach has become an international manga smash-hit!\n\nWith Kyoraku gravely injured, it’ll be up to his adjutant Nanao to protect him. But can she master her newly revealed sword in time to make a difference? Meanwhile, Uryu’s plans will become clear when he comes face-to-face with Ichigo!',999,'2018-03-06','bleach-vol-72-9781421591667_lg.jpg',1898.1,1,22,2,109),(128,'Bleach, Vol. 73','Temp. 4','Vol. 73','Part-time student, full-time Soul Reaper, Ichigo is one of the chosen few guardians of the afterlife.','Ichigo Kurosaki never asked for the ability to see ghosts—he was born with the gift. When his family is attacked by a Hollow—a malevolent lost soul—Ichigo becomes a Soul Reaper, dedicating his life to protecting the innocent and helping the tortured spirits themselves find peace. Find out why Tite Kubo’s Bleach has become an international manga smash-hit!\n\nFacing a powerful opponent, the mysterious Kisuke Urahara is forced to reveal his Bankai for the first time. Meanwhile, Ichigo finally makes it to Yhwach’s throne room, but what can he do against an enemy whose power is omnipotence?!',999,'2018-07-03','bleach-vol-73-9781421594347_lg.jpg',1898.1,1,33,2,109),(129,'Bleach, Vol. 74','Temp. 4','Vol. 74','Part-time student, full-time Soul Reaper, Ichigo is one of the chosen few guardians of the afterlife.','\nIchigo Kurosaki never asked for the ability to see ghosts—he was born with the gift. When his family is attacked by a Hollow—a malevolent lost soul—Ichigo becomes a Soul Reaper, dedicating his life to protecting the innocent and helping the tortured spirits themselves find peace. Find out why Tite Kubo’s Bleach has become an international manga smash-hit!\n\nThe final battle against Yhwach gets under way as Ichigo and his allies reach the Quincy King’s throne room. Can Ichigo put an end to the thousand-year war between the Soul Reapers and Quincies? The emotional conclusion of Bleach is here!',999,'2018-10-02','bleach-vol-74-9781421596020_lg.jpg',1898.1,1,33,2,109),(130,'Bleach 20th Anniversary Edition, Vol. 1','ODA','Vol. 1','Ichigo Kurosaki never asked for the ability to see ghosts—he was born with the gift. When his family is attacked by a Hollow—a malevolent lost soul—Ichigo becomes a Soul Reaper, dedicating his life to','Celebrate 20 years of Bleach with this exclusive volume featuring cover art from the series launch on August 20, 2001 in Weekly Shonen Jump magazine!\n\nIchigo Kurosaki has always been able to see ghosts, but this ability doesn’t change his life nearly as much as his close encounter with Rukia Kuchiki, a Soul Reaper and member of the mysterious Soul Society. While fighting a Hollow, an evil spirit that preys on humans who display psychic energy, Rukia attempts to lend Ichigo some of her powers so that he can save his family; but much to her surprise, Ichigo absorbs every last drop of her energy. Now a full-fledged Soul Reaper himself, Ichigo quickly learns that the world he inhabits is one full of dangerous spirits and, along with Rukia—who is slowly regaining her powers—it’s Ichigo’s job to protect the innocent from Hollows and help the spirits themselves find peace.',999,'2022-08-02','bleach-20th-anniversary-edition-vol-1-9781974735983_lg.jpg',1898.1,1,22,2,109),(131,'El ataque del ángel','Temp. 1','Vol. 1','Neon Genesis Evangelion, Vol. 1','Año 2015. Una extraña figura avanza en el agua, se asoma un cartel hundido que dice “Gainax”, todo el ejército espera en la costa. Gendo dice que, después de 15 años, los ángeles han llegado, junto con el juicio que la humanidad no puede evitar. Shinji está en la estación de tren completamente inactiva de Hakone. Precisamente ese día su padre desea verle diez años después de abandonarlo. ',19.99,'1995-08-29','EVA-VOL_1.jpg',37.981,1,14,2,109),(132,'Chicos y Cuchillos','Temp. 1','Vol. 2','Neon Genesis Evangelion, Vol. 2','Shinji se instala en la muy desordenada casa de Misato, donde conoce a Pen-Pen. Al comenzar su primer día en la escuela, se descubre que es piloto de Eva. Touji Suzuhara lo golpea al hacerlo responsable del accidente de su hermana durante el combate previo. El Eva 1 sale al encuentro del Ángel 4. ',19.99,'1996-03-05','EVA-VOL_2.jpg',37.981,1,14,2,109),(133,'Cicatriz Blanca','Temp. 1','Vol. 3','Neon Genesis Evangelion, Vol. 3','Shinji y Touji finalmente hacen las paces. Shinji regresa a Nerv y en el sitio de la batalla anterior ve las manos quemadas de Gendo al revisar al Ángel. Misato le cuenta que sucedió durante el accidente de activación del Eva 00 y que lo hizo para salvar a Rei. Shinji no comprende semejante actitud de su padre. Shinji comienza a interesarse en Rei ya que ve que tiene una relación mucho más afectuosa con Gendo que el.',19.99,'1996-10-29','EVA-VOL_3.jpg',37.981,1,20,2,109),(134,'Asuka llega a Japón','Temp. 1','Vol. 4','Neon Genesis Evangelion, Vol. 4','Shinji, Rei, Misato y Ritsuko ven una filmación sobre el Eva 2 destruyendo al sexto Ángel en el Océano Índico, y se les informa que el Second Children viene a Japón. En la calle Kensuke, Touji y Shinji encuentran a una chica que golpea a toda una pandilla. De nuevo en Nerv Shinji descubre que esta chica se llama Asuka y es el piloto del Eva 2. Mientras Asuka se presenta formalmente con el resto del equipo, su acompañante, Kaji, le entrega a Gendo el embrión de Adam congelado.',19.99,'1997-10-17','EVA-VOL_4.jpg',37.981,1,23,2,109),(135,'Lápida','Temp. 1','Vol. 5','Neon Genesis Evangelion, Vol. 5','Kaji descubre que la organización Marduk es una fachada, mientras Gendo lo vigila. Asuka se muda a la casa de Misato, y Kensuke descubre que Misato fue ascendida a Mayor. Se organiza una fiesta pare celebrar ambos eventos, donde la dualidad de Asuka es expuesta y al mismo tiempo se le dice que no es necesario que finja. Shinji se siente feliz entre la gente. Rei es sometida a una prueba de sincronización con el Eva a 01, como parte del experimento del Dummy plug, y siente la presencia de alguien más dentro.',19.99,'1999-12-17','EVA-VOL_5.jpg',37.981,1,14,2,109),(136,'El Cuarto Elegido','Temp. 1','Vol. 6','Neon Genesis Evangelion, Vol. 6','La segunda división de Nerv en USA es vaporizada por un accidente en la instalación del órgano S2 en el Eva 04. El Eva 03 es trasladado a Japón. Gendo y Ritsuko terminan la construcción del Dummy plug. Mientras tanto Hikari cuestiona a Shinji sobre su amigo Touji, y este le cuenta a Asuka. La cual deduce la atracción de Hikari hacia Touji. Misato descubre que Touji es el candidato a Fourth Children.',19.99,'2000-12-15','EVA-VOL_6.jpg',37.981,1,30,2,109),(137,'La lucha de un hombre','Temp. 1','Vol. 7','Neon Genesis Evangelion, Vol. 7','Shinji está lleno de odio y aún en el interior del Eva, y comienza a destruir la sala de los candados. Gendo, sin dudarlo, ordena que aumenten la concentración de LCL al máximo. Shinji queda inconsciente. Asuka y Rei están fuera de la habitación de hospital de Shinji, él está soñando con Hikari buscando a Touji y el diciendo que su padre lo mató. Shinji ya no estará en Nerv, en la estación de tren,Shinji se despide de Misato, le dice que el no llevara a cabo el sueño de Misato de la paz de la humanidad. ',19.99,'2001-12-01','EVA-VOL_7.jpg',37.981,1,37,2,109),(138,'Madre','Temp. 1','Vol. 8','Neon Genesis Evangelion, Vol. 8','Shinji permanece dentro del Eva, Misato le pregunta a Kaji cuales son los verdaderos planes de Nerv y Gendo, Kaji le responde con un beso. Ritsuko se prepara para usar el plan de rescate que desarrollo su madre. El Eva con la forma de la madre de Shinji intenta convencerlo de que se quede. Rei siente un leve rechazo hacia Gendo y extraña a Shinji.',19.99,'2002-12-19','EVA-VOL_8.jpg',37.981,0,0,2,109),(139,'El quinto elegido','Temp. 1','Vol. 9','Neon Genesis Evangelion, Vol. 9','Asuka está deprimida por su pobre desempeño en las anteriores batallas, y su nivel de sincronización va decayendo. Shinji camino a la escuela (lugar donde no quiere ir para no encontrarse con Kensuke y Hikari) se encuentra con un chico tocando la novena sinfonía en un piano, el chico dice ser Kaworu , el quinto elegido. ',19.99,'2004-04-03','EVA-VOL_9.jpg',37.981,1,14,2,109),(140,'Lágrimas','Temp. 1','Vol. 10','Neon Genesis Evangelion, Vol. 10','Rei se encuentra con el ángel dentro de sí misma. Kaworu queda fuera de combate mientras el ángel penetra en el EVA 00 haciendo brotar del mismo las figuras de los ángeles anteriores. Se anula el congelamiento de la Unidad 01. Shinji sale al rescate del EVA 00. El ángel lo ataca tomando la forma de Rei. Ella se pregunta si en verdad refleja el deseo de su corazón.',19.99,'2006-02-25','EVA-VOL_10.jpg',37.981,1,20,2,109),(141,'Memorias en la Palma de la Mano','Temp. 1','Vol. 11','Neon Genesis Evangelion, Vol. 11','Rei III y Kaworu se encuentran y hablan de sus semejanzas y diferencias. Kaworu y Shinji se encuentran y tienen una discusión, tras lo cual Kaworu charla con Seele. Gendo Ikari ingiere el embrión de Adán. Misato y Hyuuga investigan y se acercan a la verdadera naturaleza de Kaworu, y luego Ritsuko le revela la verdad del mismo a Misato. Kaworu toma el control del EVA-02 y comienza descender al Terminal Dogma, siendo interceptado por Shinji.',19.99,'2007-06-19','EVA-VOL_11.jpg',37.981,1,23,2,109),(142,'Padre e hijo','Temp. 1','Vol. 12','Neon Genesis Evangelion, Vol. 12','La JSSDF comenzó su invasión y NERV debe detener su rápido avance. Debido a que los pilotos son los objetivos principales, NERV inició su búsqueda: Rei no aparece en ningún sitio, Shinji es incapaz de moverse y Asuka todavía permanece en estado de coma en su habitación del hospital. Los soldados de la JSSDF que han rodeado a Shinji con la intención de matarlo son interrumpidos por Gendo Ikari. ',19.99,'2010-04-03','EVA-VOL_12.jpg',37.981,1,39,2,109),(143,'My Hero Academia - 1','Temp. 1','Vol. 1','Midoriya hereda el superpoder del mayor héroe del mundo, pero la grandeza no será fácil. Vol.1','¿Cómo sería el mundo si el 80 por ciento de la población manifestara superpoderes llamados \"\"Quirks\"\"? ¡Héroes y villanos estarían luchando en todas partes! Ser un héroe significaría aprender a usar tu poder, pero ¿adónde irías a estudiar? ¡La academia de héroes, por supuesto! Pero, ¿qué harías si fueras uno del 20 por ciento que nació sin peculiaridades?\n\nEl estudiante de secundaria Izuku Midoriya quiere ser un héroe más que nada, pero no tiene ni una pizca de poder en él. Sin ninguna posibilidad de ingresar a la prestigiosa escuela secundaria UA para héroes en ciernes, su vida se parece cada vez más a un callejón sin salida. Luego, un encuentro con All Might, el héroe más grande de todos, le da la oportunidad de cambiar su destino...',9.99,'2015-08-04','my-hero-academia-vol-1-9781421582696_hr.jpg',18.981,1,33,2,109),(144,'My Hero Academia - 2','Temp. 1','Vol. 2','Midoriya hereda el superpoder del mayor héroe del mundo, pero la grandeza no será fácil. Vol.2','Entrar en la escuela secundaria de la UA fue bastante difícil, pero fue solo el comienzo del largo camino de Midoriya para convertirse en un superhéroe. Todos los nuevos estudiantes tienen poderes asombrosos y, aunque Midoriya ha heredado las habilidades de All Might, apenas puede controlarlas. ¡Además, a los estudiantes de primer año se les dice que tendrán que competir solo para evitar ser expulsados!',10.99,'2015-11-03','my-hero-academia-vol-2-9781421582702_hr.jpg',20.881,1,7,2,109),(145,'My Hero Academia - 3','Temp. 1','Vol. 3','Midoriya hereda el superpoder del mayor héroe del mundo, pero la grandeza no será fácil. Vol.3','Armado con el nombre del detective que lo ha estado siguiendo, Light acaba con sus problemas con el FBI mediante el uso del Death Note, el cual usó para matar a Raye Penber y a todos los detectives de Estados Unidos enviados a Japón. Al poco tiempo, Light cruza caminos con la prometida de Penber, Naomi Misora que, con sus propias conclusiones, se convierte en una amenaza para Light cuando ésta intenta contactar a L',9.99,'2016-02-02','my-hero-academia-vol-3-9781421585109_hr.jpg',18.981,1,27,2,109),(146,'My Hero Academia - 4','Temp. 1','Vol. 4','Midoriya hereda el superpoder del mayor héroe del mundo, pero la grandeza no será fácil. Vol.4','El festival deportivo UA High es una oportunidad para que los héroes en ciernes muestren sus habilidades y encuentren un mentor superhéroe. Los estudiantes ya han superado una agotadora ronda preliminar, pero ahora deben unirse para demostrar que son capaces de pasar a la siguiente etapa. Todo el país está mirando, al igual que las fuerzas sombrías que atacaron la academia...',9.99,'2016-05-03','my-hero-academia-vol-4-9781421585116_hr.jpg',18.981,1,41,2,109),(147,'My Hero Academia - 5','Temp. 1','Vol. 5','Midoriya hereda el superpoder del mayor héroe del mundo, pero la grandeza no será fácil. Vol.5','¡Las etapas finales del festival deportivo UA High prometen ser explosivas, ya que Uraraka se enfrenta a Bakugo en un enfrentamiento cara a cara! Bakugo nunca le da un respiro a nadie, y la multitud contiene la respiración cuando comienza la batalla. ¡Las finales llevarán a los estudiantes de la Clase 1-A a sus límites y más allá!',9.99,'2016-08-02','my-hero-academia-vol-5-9781421587028_hr.jpg',18.981,1,5,2,109),(148,'My Hero Academia - 6','Temp. 1','Vol. 6','Midoriya hereda el superpoder del mayor héroe del mundo, pero la grandeza no será fácil. Vol.6','El festival deportivo UA High es una oportunidad para que los héroes en ciernes muestren sus habilidades y encuentren un mentor superhéroe. Los estudiantes ya han superado una agotadora ronda preliminar, pero ahora deben unirse para demostrar que son capaces de pasar a la siguiente etapa. Todo el país está mirando, al igual que las fuerzas sombrías que atacaron la academia...',9.99,'2016-08-02','my-hero-academia-vol-6-9781421588667_hr.jpg',18.981,0,0,2,109),(149,'My Hero Academia - 7','Temp. 1','Vol. 7','Midoriya hereda el superpoder del mayor héroe del mundo, pero la grandeza no será fácil. Vol.7','Después del festival deportivo, los estudiantes de Clase 1-A comienzan sus prácticas. Midoriya va a estudiar con Gran Torino, quien una vez fue el mentor de All Might. Gran Torino parece ser un loco acabado, pero el viejo héroe todavía tiene más movimientos que un equipo de fútbol, ​​¡y Midoriya tiene mucho que aprender! En otro lugar, la Liga de Villanos representa otro complot siniestro y desata un nuevo enemigo aterrador.',9.99,'2016-11-01','my-hero-academia-vol-7-9781421590400_hr.jpg',18.981,1,32,2,109),(150,'My Hero Academia - 8','Temp. 1','Vol. 8','Midoriya hereda el superpoder del mayor héroe del mundo, pero la grandeza no será fácil. Vol.8','Midoriya ha aprendido algunos trucos de Gran Torino, pero algunas cosas solo deben experimentarse para entenderse. A pesar de que no está listo, cuando la Liga de Villanos ataca la ciudad de Hosu, Midoriya se apresura a ayudar a Ida, quien está involucrada en una lucha de vida o muerte con Hero Killer Stain. Stain tiene algunas ideas muy particulares sobre los héroes y su lugar en la sociedad, ¡y pretende purgar el mundo de todos los héroes que pueda encontrar!',9.99,'2017-02-07','my-hero-academia-vol-8-9781421591674_hr.jpg',18.981,1,6,2,109),(151,'My Hero Academia - 9','Temp. 1','Vol. 9','Midoriya hereda el superpoder del mayor héroe del mundo, pero la grandeza no será fácil. Vol.9','Los alumnos de la UA han llegado a la parte práctica de su examen final, ¡pero no esperaban tener que ganarles a sus propios profesores para poder aprobar! Junto con su archirrival Bakugo, Midoriya tiene que intentar enfrentarse a nada menos que al mismísimo All Might. Trabajar con Bakugo es una cosa, pero ¿dar todo lo que tiene para vencer a All Might es más de lo que Midoriya puede manejar? Y en una arena cercana, Yaoyorozu y Todoroki soportan una lucha similar. Mientras tanto, un nuevo y siniestro adversario se prepara para hacer un movimiento...',9.99,'2017-05-02','my-hero-academia-vol-9-9781421593401_xlg.jpg',18.981,1,38,2,109),(152,'My Hero Academia - 10','Temp. 1','Vol. 10','Midoriya hereda el superpoder del mayor héroe del mundo, pero la grandeza no será fácil. Vol.10','¡Se va al campamento de verano para Midoriya y los estudiantes de la UA! Pero estas no son unas vacaciones ordinarias: ¡es un entrenamiento de alto impacto en el que se espera que los estudiantes desarrollen sus Quirks aún más! Los maestros han establecido algunos desafíos difíciles, pero ninguno será tan difícil y tan cambiante como la amenaza que representa un nuevo grupo de enemigos. Lo que es aún peor es quién es el objetivo de los villanos y por qué...',9.99,'2017-08-01','my-hero-academia-vol-10-9781421594378_hr.jpg',18.981,1,26,2,109),(153,'My Hero Academia - 11','Temp. 1','Vol. 11','Midoriya hereda el superpoder del mayor héroe del mundo, pero la grandeza no será fácil. Vol.11','El secuestro de Bakugo por parte de la Liga de Villanos fue un movimiento cuidadosamente calculado diseñado para atraer a los héroes, en particular a All Might, y destruirlos. ¡Midoriya y sus amigos se embarcaron en una misión de rescate que finalmente atrae no solo a All Might sino también a varios otros héroes! Las bajas aumentan, hasta que finalmente aparece la mente maestra de la trama: All for One, ¡el único villano lo suficientemente poderoso como para enfrentarse a All Might cara a cara y posiblemente ganar!',9.99,'2017-08-06','my-hero-academia-vol-11-9781421595832_xlg .jpg',18.981,1,4,2,109),(154,'My Hero Academia - 12','Temp. 1','Vol. 12','Midoriya hereda el superpoder del mayor héroe del mundo, pero la grandeza no será fácil. Vol.12','La Liga de Villanos ha secuestrado a Bakugo, y la publicidad negativa resultante ha provocado un gran alboroto en UA. Con la confianza del público en los héroes amenazada, la facultad se reúne para decidir qué hacer. Pero Midoriya y los estudiantes de la Clase 1-A tienen sus propios planes: ¡una operación para rescatar a Bakugo que podría hacer que los echen de la escuela!',9.99,'2017-11-07','my-hero-academia-vol-12-9781421597010_hr.jpg',18.981,0,0,2,109),(155,'My Hero Academia - 13','Temp. 1','Vol. 13','Midoriya hereda el superpoder del mayor héroe del mundo, pero la grandeza no será fácil. Vol.13','Los estudiantes de la Clase 1-A han alcanzado otro hito: el Examen de Licencia Provisional. Después de pasar la primera parte de la prueba, se preparan para la siguiente fase, que tiene lugar en un área de desastre simulada. Midoriya y sus amigos tienen que rescatar a tantas víctimas como puedan, y aunque técnicamente se supone que los estudiantes de la preparatoria Shiketsu rival están ayudando, ¡la competencia entre ellos es feroz e incluso peligrosa! A medida que se desarrolla el escenario y llegan los villanos para cambiar las cosas, los estudiantes de la UA tendrán que encontrar nuevas formas de trabajar entre ellos y hacer uso de sus Quirks.',9.99,'2018-06-05','my-hero-academia-vol-13-9781421598031_hr.jpg',18.981,1,27,2,109),(156,'My Hero Academia - 14','Temp. 1','Vol. 14','Midoriya hereda el superpoder del mayor héroe del mundo, pero la grandeza no será fácil. Vol.14','¡Las vacaciones de verano terminaron y los estudiantes de UA High volvieron a la escuela! Pero antes de que puedan comenzar las clases, Midoriya y Bakugo necesitan resolver un problema entre ellos que ha tardado mucho en llegar. Incluso si pueden superar este bache en el camino para convertirse en superhéroes, los obstáculos seguirán aumentando más y más: los estudios sobre el trabajo del héroe en el próximo año los acercarán aún más a su meta... ¡o a su destrucción!',9.99,'2018-08-07','my-hero-academia-vol-14-9781421599472_xlg.jpg',18.981,1,38,2,109),(157,'My Hero Academia - 15','Temp. 1','Vol. 15','Midoriya hereda el superpoder del mayor héroe del mundo, pero la grandeza no será fácil. Vol.15','Un nuevo y siniestro enemigo aparece en la forma de Chisaki Kai, el joven líder de la pandilla Hassaikai yakuza. Buscando llenar el vacío de poder dejado por All For One, Chisaki se pone en contacto con la Liga de Villanos para obtener un posible apoyo. Cuando un encuentro casual con una niña asustada pone a Midoriya y su mentora Mirio cara a cara con Chisaki, ninguno de ellos tiene idea de cuánto van a cambiar sus vidas...',9.99,'2018-10-02','my-hero-academia-vol-15-9781974701001_xlg.jpg',18.981,1,26,2,109),(158,'My Hero Academia - 16','Temp. 1','Vol. 16','Midoriya hereda el superpoder del mayor héroe del mundo, pero la grandeza no será fácil. Vol.16','La pandilla criminal Hassaikai, dirigida por el joven jefe Chisaki, ha estado trabajando en un plan para distribuir una droga que destruye Quirk. La clave de este malvado plan es la joven Eri, prisionera en el escondite de Chisaki. Nighteye les pide a otros héroes que formen un equipo para lanzar un intento de rescate, ¡y los estudiantes de la Clase 1-A van a ir al foso de los leones con ellos! Pero Nighteye, que puede ver el futuro, se niega a mirar el destino de cualquiera en la misión...',10.99,'2018-12-04','my-hero-academia-vol-16-9781974702558_xlg.jpg',20.881,0,0,2,109);
/*!40000 ALTER TABLE `productos` ENABLE KEYS */;
UNLOCK TABLES;

--
-- Table structure for table `productos_personas`
--

DROP TABLE IF EXISTS `productos_personas`;
/*!40101 SET @saved_cs_client     = @@character_set_client */;
/*!50503 SET character_set_client = utf8mb4 */;
CREATE TABLE `productos_personas` (
  `id` int(11) NOT NULL AUTO_INCREMENT,
  `id_productos` int(11) NOT NULL,
  `id_personas` int(11) NOT NULL,
  `id_rol` int(11) NOT NULL,
  PRIMARY KEY (`id`),
  KEY `id_productos` (`id_productos`),
  KEY `id_personas` (`id_personas`),
  KEY `id_rol` (`id_rol`),
  CONSTRAINT `productos_personas_ibfk_1` FOREIGN KEY (`id_productos`) REFERENCES `productos` (`id`),
  CONSTRAINT `productos_personas_ibfk_2` FOREIGN KEY (`id_personas`) REFERENCES `personas` (`id`),
  CONSTRAINT `productos_personas_ibfk_3` FOREIGN KEY (`id_rol`) REFERENCES `rol_personas` (`id`)
) ENGINE=InnoDB AUTO_INCREMENT=317 DEFAULT CHARSET=utf8mb4;
/*!40101 SET character_set_client = @saved_cs_client */;

--
-- Dumping data for table `productos_personas`
--

LOCK TABLES `productos_personas` WRITE;
/*!40000 ALTER TABLE `productos_personas` DISABLE KEYS */;
INSERT INTO `productos_personas` VALUES (1,1,5,1),(2,2,5,1),(3,3,5,1),(4,4,5,1),(5,5,5,1),(6,6,5,1),(7,7,5,1),(8,8,5,1),(9,9,5,1),(10,10,5,1),(11,11,5,1),(12,12,5,1),(13,13,5,1),(14,14,5,1),(15,15,5,1),(16,16,5,1),(17,17,5,1),(18,18,5,1),(19,19,5,1),(20,20,5,1),(21,21,5,1),(22,22,5,1),(23,23,5,1),(24,24,5,1),(25,25,6,1),(26,26,6,1),(27,27,6,1),(28,28,6,1),(29,29,6,1),(30,30,6,1),(31,31,6,1),(32,32,6,1),(33,33,6,1),(34,34,6,1),(35,35,6,1),(36,36,6,1),(37,37,6,1),(38,38,7,1),(39,39,7,1),(40,40,7,1),(41,41,7,1),(42,42,7,1),(43,43,7,1),(44,44,7,1),(45,45,7,1),(46,46,7,1),(47,47,7,1),(48,48,7,1),(49,49,7,1),(50,50,7,1),(51,51,7,1),(52,52,7,1),(53,53,7,1),(54,54,7,1),(55,55,7,1),(56,56,4,1),(57,57,4,1),(58,58,4,1),(59,59,4,1),(60,60,4,1),(61,61,4,1),(62,62,4,1),(63,63,4,1),(64,64,4,1),(65,65,4,1),(66,66,4,1),(67,67,4,1),(68,68,4,1),(69,69,4,1),(70,70,4,1),(71,71,4,1),(72,72,4,1),(73,73,4,1),(74,74,4,1),(75,75,4,1),(76,76,4,1),(77,77,4,1),(78,78,4,1),(79,79,4,1),(80,80,4,1),(81,81,4,1),(82,82,4,1),(83,83,4,1),(84,84,4,1),(85,85,4,1),(86,86,4,1),(87,87,4,1),(88,88,4,1),(89,89,4,1),(90,90,4,1),(91,91,4,1),(92,92,4,1),(93,93,4,1),(94,94,4,1),(95,95,4,1),(96,96,4,1),(97,97,4,1),(98,98,4,1),(99,99,4,1),(100,100,4,1),(101,101,4,1),(102,102,4,1),(103,103,4,1),(104,104,4,1),(105,105,4,1),(106,106,4,1),(107,107,4,1),(108,108,4,1),(109,109,4,1),(110,110,4,1),(111,111,4,1),(112,112,4,1),(113,113,4,1),(114,114,4,1),(115,115,4,1),(116,116,4,1),(117,117,4,1),(118,118,4,1),(119,119,4,1),(120,120,4,1),(121,121,4,1),(122,122,4,1),(123,123,4,1),(124,124,4,1),(125,125,4,1),(126,126,4,1),(127,127,4,1),(128,128,4,1),(129,129,4,1),(130,130,8,1),(131,131,8,1),(132,132,8,1),(133,133,8,1),(134,134,8,1),(135,135,8,1),(136,136,8,1),(137,137,8,1),(138,138,8,1),(139,139,8,1),(140,140,8,1),(141,141,8,1),(142,142,10,1),(143,143,10,1),(144,144,10,1),(145,145,10,1),(146,146,10,1),(147,147,10,1),(148,148,10,1),(149,149,10,1),(150,150,10,1),(151,151,10,1),(152,152,10,1),(153,153,10,1),(154,154,10,1),(155,155,10,1),(156,156,10,1),(157,157,10,1),(158,158,10,1),(159,1,1,2),(160,2,1,2),(161,3,1,2),(162,4,1,2),(163,5,1,2),(164,6,1,2),(165,7,1,2),(166,8,1,2),(167,9,1,2),(168,10,1,2),(169,11,1,2),(170,12,1,2),(171,13,1,2),(172,14,1,2),(173,15,1,2),(174,16,1,2),(175,17,1,2),(176,18,1,2),(177,19,1,2),(178,20,1,2),(179,21,1,2),(180,22,1,2),(181,23,1,2),(182,24,1,2),(183,25,2,2),(184,26,2,2),(185,27,2,2),(186,28,2,2),(187,29,2,2),(188,30,2,2),(189,31,2,2),(190,32,2,2),(191,33,2,2),(192,34,2,2),(193,35,2,2),(194,36,2,2),(195,37,2,2),(196,38,3,2),(197,39,3,2),(198,40,3,2),(199,41,3,2),(200,42,3,2),(201,43,3,2),(202,44,3,2),(203,45,3,2),(204,46,3,2),(205,47,3,2),(206,48,3,2),(207,49,3,2),(208,50,3,2),(209,51,3,2),(210,52,3,2),(211,53,3,2),(212,54,3,2),(213,55,3,2),(214,56,4,2),(215,57,4,2),(216,58,4,2),(217,59,4,2),(218,60,4,2),(219,61,4,2),(220,62,4,2),(221,63,4,2),(222,64,4,2),(223,65,4,2),(224,66,4,2),(225,67,4,2),(226,68,4,2),(227,69,4,2),(228,70,4,2),(229,71,4,2),(230,72,4,2),(231,73,4,2),(232,74,4,2),(233,75,4,2),(234,76,4,2),(235,77,4,2),(236,78,4,2),(237,79,4,2),(238,80,4,2),(239,81,4,2),(240,82,4,2),(241,83,4,2),(242,84,4,2),(243,85,4,2),(244,86,4,2),(245,87,4,2),(246,88,4,2),(247,89,4,2),(248,90,4,2),(249,91,4,2),(250,92,4,2),(251,93,4,2),(252,94,4,2),(253,95,4,2),(254,96,4,2),(255,97,4,2),(256,98,4,2),(257,99,4,2),(258,100,4,2),(259,101,4,2),(260,102,4,2),(261,103,4,2),(262,104,4,2),(263,105,4,2),(264,106,4,2),(265,107,4,2),(266,108,4,2),(267,109,4,2),(268,110,4,2),(269,111,4,2),(270,112,4,2),(271,113,4,2),(272,114,4,2),(273,115,4,2),(274,116,4,2),(275,117,4,2),(276,118,4,2),(277,119,4,2),(278,120,4,2),(279,121,4,2),(280,122,4,2),(281,123,4,2),(282,124,4,2),(283,125,4,2),(284,126,4,2),(285,127,4,2),(286,128,4,2),(287,129,4,2),(288,130,9,2),(289,131,9,2),(290,132,9,2),(291,133,9,2),(292,134,9,2),(293,135,9,2),(294,136,9,2),(295,137,9,2),(296,138,9,2),(297,139,9,2),(298,140,9,2),(299,141,9,2),(300,142,10,2),(301,143,10,2),(302,144,10,2),(303,145,10,2),(304,146,10,2),(305,147,10,2),(306,148,10,2),(307,149,10,2),(308,150,10,2),(309,151,10,2),(310,152,10,2),(311,153,10,2),(312,154,10,2),(313,155,10,2),(314,156,10,2),(315,157,10,2),(316,158,10,2);
/*!40000 ALTER TABLE `productos_personas` ENABLE KEYS */;
UNLOCK TABLES;

--
-- Table structure for table `provincia`
--

DROP TABLE IF EXISTS `provincia`;
/*!40101 SET @saved_cs_client     = @@character_set_client */;
/*!50503 SET character_set_client = utf8mb4 */;
CREATE TABLE `provincia` (
  `id` int(11) NOT NULL AUTO_INCREMENT,
  `nombre` varchar(100) NOT NULL,
  `id_pais` int(11) NOT NULL,
  PRIMARY KEY (`id`),
  KEY `id_pais` (`id_pais`),
  CONSTRAINT `provincia_ibfk_1` FOREIGN KEY (`id_pais`) REFERENCES `pais` (`id`)
) ENGINE=InnoDB AUTO_INCREMENT=5117 DEFAULT CHARSET=utf8mb4;
/*!40101 SET character_set_client = @saved_cs_client */;

--
-- Dumping data for table `provincia`
--

LOCK TABLES `provincia` WRITE;
/*!40000 ALTER TABLE `provincia` DISABLE KEYS */;
INSERT INTO `provincia` VALUES (1,'Southern Nations, Nationalities, and Peoples Region',70),(2,'Somali Region',70),(3,'Amhara Region',70),(4,'Tigray Region',70),(5,'Oromia Region',70),(6,'Afar Region',70),(7,'Harari Region',70),(8,'Dire Dawa',70),(9,'Benishangul-Gumuz Region',70),(10,'Gambela Region',70),(11,'Addis Ababa',70),(12,'Petnjica Municipality',147),(13,'Bar Municipality',147),(14,'Danilovgrad Municipality',147),(15,'Rožaje Municipality',147),(16,'Plužine Municipality',147),(17,'Nikši? Municipality',147),(18,'Šavnik Municipality',147),(19,'Plav Municipality',147),(20,'Pljevlja Municipality',147),(21,'Berane Municipality',147),(22,'Mojkovac Municipality',147),(23,'Andrijevica Municipality',147),(24,'Gusinje Municipality',147),(25,'Bijelo Polje Municipality',147),(26,'Kotor Municipality',147),(27,'Podgorica Municipality',147),(28,'Old Royal Capital Cetinje',147),(29,'Tivat Municipality',147),(30,'Budva Municipality',147),(31,'Kolašin Municipality',147),(32,'Žabljak Municipality',147),(33,'Ulcinj Municipality',147),(34,'Kunene Region',152),(35,'Kavango West Region',152),(36,'Kavango East Region',152),(37,'Oshana Region',152),(38,'Hardap Region',152),(39,'Omusati Region',152),(40,'Ohangwena Region',152),(41,'Omaheke Region',152),(42,'Oshikoto Region',152),(43,'Erongo Region',152),(44,'Khomas Region',152),(45,'Karas Region',152),(46,'Otjozondjupa Region',152),(47,'Zambezi Region',152),(48,'Ashanti',83),(49,'Western',83),(50,'Eastern',83),(51,'Northern',83),(52,'Central',83),(53,'Ahafo',83),(54,'Greater Accra',83),(55,'Upper East',83),(56,'Volta',83),(57,'Upper West',83),(58,'San Marino',192),(59,'Acquaviva',192),(60,'Chiesanuova',192),(61,'Borgo Maggiore',192),(62,'Faetano',192),(63,'Montegiardino',192),(64,'Domagnano',192),(65,'Serravalle',192),(66,'Fiorentino',192),(67,'Tillabéri Region',160),(68,'Dosso Region',160),(69,'Zinder Region',160),(70,'Maradi Region',160),(71,'Agadez Region',160),(72,'Diffa Region',160),(73,'Tahoua Region',160),(74,'Mqabba',135),(75,'San ?wann',135),(76,'?urrieq',135),(77,'Luqa',135),(78,'Marsaxlokk',135),(79,'Qala',135),(80,'?ebbu? Malta',135),(81,'Xg?ajra',135),(82,'Kirkop',135),(83,'Rabat',135),(84,'Floriana',135),(85,'?ebbu? Gozo',135),(86,'Swieqi',135),(87,'Saint Lawrence',135),(88,'Bir?ebbu?a',135),(89,'Mdina',135),(90,'Santa Venera',135),(91,'Ker?em',135),(92,'G?arb',135),(93,'Iklin',135),(94,'Santa Lu?ija',135),(95,'Valletta',135),(96,'Msida',135),(97,'Birkirkara',135),(98,'Si??iewi',135),(99,'Kalkara',135),(100,'St. Julians',135),(101,'Victoria',135),(102,'Mellie?a',135),(103,'Tarxien',135),(104,'Sliema',135),(105,'?amrun',135),(106,'G?asri',135),(107,'Birgu',135),(108,'Balzan',135),(109,'M?arr',135),(110,'Attard',135),(111,'Qrendi',135),(112,'Naxxar',135),(113,'G?ira',135),(114,'Xag?ra',135),(115,'Paola',135),(116,'Sannat',135),(117,'Dingli',135),(118,'Gudja',135),(119,'Qormi',135),(120,'G?arg?ur',135),(121,'Xewkija',135),(122,'Ta Xbiex',135),(123,'?abbar',135),(124,'G?axaq',135),(125,'Pembroke',135),(126,'Lija',135),(127,'Pietà',135),(128,'Marsa',135),(129,'Fgura',135),(130,'G?ajnsielem',135),(131,'Mtarfa',135),(132,'Munxar',135),(133,'Nadur',135),(134,'Fontana',135),(135,'?ejtun',135),(136,'Senglea',135),(137,'Marsaskala',135),(138,'Cospicua',135),(139,'St. Pauls Bay',135),(140,'Mosta',135),(141,'Mangystau Region',112),(142,'Kyzylorda Region',112),(143,'Almaty Region',112),(144,'North Kazakhstan Region',112),(145,'Akmola Region',112),(146,'Pavlodar Region',112),(147,'Jambyl Region',112),(148,'West Kazakhstan Province',112),(149,'Turkestan Region',112),(150,'Karaganda Region',112),(151,'Aktobe Region',112),(152,'Almaty',112),(153,'Atyrau Region',112),(154,'East Kazakhstan Region',112),(155,'Baikonur',112),(156,'Nur-Sultan',112),(157,'Kostanay Region',112),(158,'Kakamega',113),(159,'Kisii',113),(161,'Busia',113),(163,'Embu',113),(164,'Laikipia',113),(165,'Nandi',113),(166,'Lamu',113),(167,'Kirinyaga',113),(168,'Bungoma',113),(169,'Uasin Gishu',113),(170,'Isiolo',113),(171,'Kisumu',113),(173,'Kwale',113),(174,'Kilifi',113),(175,'Narok',113),(176,'Taita–Taveta',113),(178,'Muranga',113),(180,'Nyeri',113),(181,'Baringo',113),(182,'Wajir',113),(183,'Trans Nzoia',113),(184,'Machakos',113),(185,'Tharaka-Nithi',113),(186,'Siaya',113),(187,'Mandera',113),(188,'Makueni',113),(190,'Migori',113),(191,'Nairobi City',113),(192,'Nyandarua',113),(193,'Kericho',113),(194,'Marsabit',113),(195,'Homa Bay',113),(196,'Garissa',113),(197,'Kajiado',113),(198,'Meru',113),(199,'Kiambu',113),(200,'Mombasa',113),(201,'Elgeyo-Marakwet',113),(202,'Vihiga',113),(203,'Nakuru',113),(205,'Tana River',113),(206,'Turkana',113),(207,'Samburu',113),(208,'West Pokot',113),(209,'Nyamira',113),(210,'Bomet',113),(211,'Kitui',113),(212,'Bié Province',7),(213,'Huambo Province',7),(214,'Zaire Province',7),(215,'Cunene Province',7),(216,'Cuanza Sul',7),(217,'Cuanza Norte Province',7),(218,'Benguela Province',7),(219,'Moxico Province',7),(220,'Lunda Sul Province',7),(221,'Bengo Province',7),(222,'Luanda Province',7),(223,'Lunda Norte Province',7),(224,'Uíge Province',7),(225,'Huíla Province',7),(226,'Cuando Cubango Province',7),(227,'Malanje Province',7),(228,'Cabinda Province',7),(229,'Gasa District',26),(230,'Tsirang District',26),(231,'Wangdue Phodrang District',26),(232,'Haa District',26),(233,'Zhemgang District',26),(234,'Lhuntse District',26),(235,'Punakha District',26),(236,'Trashigang District',26),(237,'Paro District',26),(238,'Dagana District',26),(239,'Chukha District',26),(240,'Bumthang District',26),(241,'Thimphu District',26),(242,'Mongar District',26),(243,'Samdrup Jongkhar District',26),(244,'Pemagatshel District',26),(245,'Trongsa District',26),(246,'Samtse District',26),(247,'Sarpang District',26),(248,'Tombouctou Region',134),(249,'Ségou Region',134),(250,'Koulikoro Region',134),(251,'Ménaka Region',134),(252,'Kayes Region',134),(253,'Bamako',134),(254,'Sikasso Region',134),(255,'Mopti Region',134),(256,'Taoudénit Region',134),(257,'Kidal Region',134),(258,'Gao Region',134),(259,'Southern Province',183),(260,'Western Province',183),(261,'Eastern Province',183),(262,'Kigali district',183),(263,'Northern Province',183),(264,'Belize District',23),(265,'Stann Creek District',23),(266,'Corozal District',23),(267,'Toledo District',23),(268,'Orange Walk District',23),(269,'Cayo District',23),(270,'Príncipe Province',193),(271,'São Tomé Province',193),(272,'Havana Province',56),(273,'Santiago de Cuba Province',56),(274,'Sancti Spíritus Province',56),(275,'Granma Province',56),(276,'Mayabeque Province',56),(277,'Pinar del Río Province',56),(278,'Isla de la Juventud',56),(279,'Holguín Province',56),(280,'Villa Clara Province',56),(281,'Las Tunas Province',56),(282,'Ciego de Ávila Province',56),(283,'Artemisa Province',56),(284,'Matanzas Province',56),(285,'Guantánamo Province',56),(286,'Camagüey Province',56),(287,'Cienfuegos Province',56),(288,'Jigawa',161),(289,'Enugu',161),(290,'Kebbi',161),(291,'Benue',161),(292,'Sokoto',161),(293,'Abuja Federal Capital Territory',161),(294,'Kaduna',161),(295,'Kwara',161),(296,'Oyo',161),(297,'Yobe',161),(298,'Kogi',161),(299,'Zamfara',161),(300,'Kano',161),(301,'Nasarawa',161),(302,'Plateau',161),(303,'Abia',161),(304,'Akwa Ibom',161),(305,'Bayelsa',161),(306,'Lagos',161),(307,'Borno',161),(308,'Imo',161),(309,'Ekiti',161),(310,'Gombe',161),(311,'Ebonyi',161),(312,'Bauchi',161),(313,'Katsina',161),(314,'Cross River',161),(315,'Anambra',161),(316,'Delta',161),(317,'Niger',161),(318,'Edo',161),(319,'Taraba',161),(320,'Adamawa',161),(321,'Ondo',161),(322,'Osun',161),(323,'Ogun',161),(324,'Rukungiri District',229),(325,'Kyankwanzi District',229),(326,'Kabarole District',229),(327,'Mpigi District',229),(328,'Apac District',229),(329,'Abim District',229),(330,'Yumbe District',229),(331,'Rukiga District',229),(332,'Northern Region',229),(333,'Serere District',229),(334,'Kamuli District',229),(335,'Amuru District',229),(336,'Kaberamaido District',229),(337,'Namutumba District',229),(338,'Kibuku District',229),(339,'Ibanda District',229),(340,'Iganga District',229),(341,'Dokolo District',229),(342,'Lira District',229),(343,'Bukedea District',229),(344,'Alebtong District',229),(345,'Koboko District',229),(346,'Kiryandongo District',229),(347,'Kiboga District',229),(348,'Kitgum District',229),(349,'Bududa District',229),(350,'Mbale District',229),(351,'Namayingo District',229),(352,'Amuria District',229),(353,'Amudat District',229),(354,'Masindi District',229),(355,'Kiruhura District',229),(356,'Masaka District',229),(357,'Pakwach District',229),(358,'Rubanda District',229),(359,'Tororo District',229),(360,'Kamwenge District',229),(361,'Adjumani District',229),(362,'Wakiso District',229),(363,'Moyo District',229),(364,'Mityana District',229),(365,'Butaleja District',229),(366,'Gomba District',229),(367,'Jinja District',229),(368,'Kayunga District',229),(369,'Kween District',229),(370,'Western Region',229),(371,'Mubende District',229),(372,'Eastern Region',229),(373,'Kanungu District',229),(374,'Omoro District',229),(375,'Bukomansimbi District',229),(376,'Lyantonde District',229),(377,'Buikwe District',229),(378,'Nwoya District',229),(379,'Zombo District',229),(380,'Buyende District',229),(381,'Bunyangabu District',229),(382,'Kampala District',229),(383,'Isingiro District',229),(384,'Butambala District',229),(385,'Bukwo District',229),(386,'Bushenyi District',229),(387,'Bugiri District',229),(388,'Butebo District',229),(389,'Buliisa District',229),(390,'Otuke District',229),(391,'Buhweju District',229),(392,'Agago District',229),(393,'Nakapiripirit District',229),(394,'Kalungu District',229),(395,'Moroto District',229),(396,'Central Region',229),(397,'Oyam District',229),(398,'Kaliro District',229),(399,'Kakumiro District',229),(400,'Namisindwa District',229),(401,'Kole District',229),(402,'Kyenjojo District',229),(403,'Kagadi District',229),(404,'Ntungamo District',229),(405,'Kalangala District',229),(406,'Nakasongola District',229),(407,'Sheema District',229),(408,'Pader District',229),(409,'Kisoro District',229),(410,'Mukono District',229),(411,'Lamwo District',229),(412,'Pallisa District',229),(413,'Gulu District',229),(414,'Buvuma District',229),(415,'Mbarara District',229),(416,'Amolatar District',229),(417,'Lwengo District',229),(418,'Mayuge District',229),(419,'Bundibugyo District',229),(420,'Katakwi District',229),(421,'Maracha District',229),(422,'Ntoroko District',229),(423,'Nakaseke District',229),(424,'Ngora District',229),(425,'Kumi District',229),(426,'Kabale District',229),(427,'Sembabule District',229),(428,'Bulambuli District',229),(429,'Sironko District',229),(430,'Napak District',229),(431,'Busia District',229),(432,'Kapchorwa District',229),(433,'Luwero District',229),(434,'Kaabong District',229),(435,'Mitooma District',229),(436,'Kibaale District',229),(437,'Kyegegwa District',229),(438,'Manafwa District',229),(439,'Rakai District',229),(440,'Kasese District',229),(441,'Budaka District',229),(442,'Rubirizi District',229),(443,'Kotido District',229),(444,'Soroti District',229),(445,'Luuka District',229),(446,'Nebbi District',229),(447,'Arua District',229),(448,'Kyotera District',229),(449,'Schellenberg',125),(450,'Schaan',125),(451,'Eschen',125),(452,'Vaduz',125),(453,'Ruggell',125),(454,'Planken',125),(455,'Mauren',125),(456,'Triesenberg',125),(457,'Gamprin',125),(458,'Balzers',125),(459,'Triesen',125),(460,'Br?ko District',28),(461,'Tuzla Canton',28),(462,'Central Bosnia Canton',28),(463,'Herzegovina-Neretva Canton',28),(464,'Posavina Canton',28),(465,'Una-Sana Canton',28),(466,'Sarajevo Canton',28),(467,'Federation of Bosnia and Herzegovina',28),(468,'Zenica-Doboj Canton',28),(469,'West Herzegovina Canton',28),(470,'Republika Srpska',28),(471,'Canton 10',28),(472,'Bosnian Podrinje Canton',28),(473,'Dakar',195),(474,'Kolda',195),(475,'Kaffrine',195),(476,'Matam',195),(477,'Saint-Louis',195),(478,'Ziguinchor',195),(479,'Fatick',195),(480,'Diourbel Region',195),(481,'Kédougou',195),(482,'Sédhiou',195),(483,'Kaolack',195),(484,'Thiès Region',195),(485,'Louga',195),(486,'Tambacounda Region',195),(487,'Encamp',6),(488,'Andorra la Vella',6),(489,'Canillo',6),(490,'Sant Julià de Lòria',6),(491,'Ordino',6),(492,'Escaldes-Engordany',6),(493,'La Massana',6),(494,'Mont Buxton',197),(495,'La Digue',197),(496,'Saint Louis',197),(497,'Baie Lazare',197),(498,'Mont Fleuri',197),(499,'Les Mamelles',197),(500,'GrandAnse Mahé',197),(501,'Roche Caiman',197),(502,'Anse Royale',197),(503,'Glacis',197),(504,'GrandAnse Praslin',197),(505,'Bel Ombre',197),(506,'Anse-aux-Pins',197),(507,'Port Glaud',197),(508,'Au Cap',197),(509,'Takamaka',197),(510,'Pointe La Rue',197),(511,'Plaisance',197),(512,'Beau Vallon',197),(513,'Anse Boileau',197),(514,'Baie Sainte Anne',197),(515,'Bel Air',197),(516,'La Rivière Anglaise',197),(517,'Cascade',197),(518,'Shaki',16),(519,'Tartar District',16),(520,'Shirvan',16),(521,'Qazakh District',16),(522,'Sadarak District',16),(523,'Yevlakh District',16),(524,'Khojali District',16),(525,'Kalbajar District',16),(526,'Qakh District',16),(527,'Fizuli District',16),(528,'Astara District',16),(529,'Shamakhi District',16),(530,'Neftchala District',16),(531,'Goychay',16),(532,'Bilasuvar District',16),(533,'Tovuz District',16),(534,'Ordubad District',16),(535,'Sharur District',16),(536,'Samukh District',16),(537,'Khizi District',16),(538,'Yevlakh',16),(539,'Ujar District',16),(540,'Absheron District',16),(541,'Lachin District',16),(542,'Qabala District',16),(543,'Agstafa District',16),(544,'Imishli District',16),(545,'Salyan District',16),(546,'Lerik District',16),(547,'Agsu District',16),(548,'Qubadli District',16),(549,'Kurdamir District',16),(550,'Yardymli District',16),(551,'Goranboy District',16),(552,'Baku',16),(553,'Agdash District',16),(554,'Beylagan District',16),(555,'Masally District',16),(556,'Oghuz District',16),(557,'Saatly District',16),(558,'Lankaran District',16),(559,'Agdam District',16),(560,'Balakan District',16),(561,'Dashkasan District',16),(562,'Nakhchivan Autonomous Republic',16),(563,'Quba District',16),(564,'Ismailli District',16),(565,'Sabirabad District',16),(566,'Zaqatala District',16),(567,'Kangarli District',16),(568,'Martuni',16),(569,'Barda District',16),(570,'Jabrayil District',16),(571,'Hajigabul District',16),(572,'Julfa District',16),(573,'Gobustan District',16),(574,'Goygol District',16),(575,'Babek District',16),(576,'Zardab District',16),(577,'Aghjabadi District',16),(578,'Jalilabad District',16),(579,'Shahbuz District',16),(580,'Mingachevir',16),(581,'Zangilan District',16),(582,'Sumqayit',16),(583,'Shamkir District',16),(584,'Siazan District',16),(585,'Ganja',16),(586,'Shaki District',16),(587,'Lankaran',16),(588,'Qusar District',16),(589,'G?d?b?y',16),(590,'Khachmaz District',16),(591,'Shabran District',16),(592,'Shusha District',16),(593,'Skrapar District',3),(594,'Kavajë District',3),(595,'Lezhë District',3),(596,'Librazhd District',3),(597,'Korçë District',3),(598,'Elbasan County',3),(599,'Lushnjë District',3),(600,'Has District',3),(601,'Kukës County',3),(602,'Malësi e Madhe District',3),(603,'Berat County',3),(604,'Gjirokastër County',3),(605,'Dibër District',3),(606,'Pogradec District',3),(607,'Bulqizë District',3),(608,'Devoll District',3),(609,'Lezhë County',3),(610,'Dibër County',3),(611,'Shkodër County',3),(612,'Kuçovë District',3),(613,'Vlorë District',3),(614,'Krujë District',3),(615,'Tirana County',3),(616,'Tepelenë District',3),(617,'Gramsh District',3),(618,'Delvinë District',3),(619,'Peqin District',3),(620,'Pukë District',3),(621,'Gjirokastër District',3),(622,'Kurbin District',3),(623,'Kukës District',3),(624,'Sarandë District',3),(625,'Përmet District',3),(626,'Shkodër District',3),(627,'Fier District',3),(628,'Kolonjë District',3),(629,'Berat District',3),(630,'Korçë County',3),(631,'Fier County',3),(632,'Durrës County',3),(633,'Tirana District',3),(634,'Vlorë County',3),(635,'Mat District',3),(636,'Tropojë District',3),(637,'Mallakastër District',3),(638,'Mirditë District',3),(639,'Durrës District',3),(640,'Sveti Nikole Municipality',129),(641,'Kratovo Municipality',129),(642,'Zajas Municipality',129),(643,'Staro Nagori?ane Municipality',129),(644,'?ešinovo-Obleševo Municipality',129),(645,'Debarca Municipality',129),(646,'Probištip Municipality',129),(647,'Krivogaštani Municipality',129),(648,'Gevgelija Municipality',129),(649,'Bogdanci Municipality',129),(650,'Vraneštica Municipality',129),(651,'Veles Municipality',129),(652,'Bosilovo Municipality',129),(653,'Mogila Municipality',129),(654,'Tearce Municipality',129),(655,'Demir Kapija Municipality',129),(656,'Ara?inovo Municipality',129),(657,'Drugovo Municipality',129),(658,'Vasilevo Municipality',129),(659,'Lipkovo Municipality',129),(660,'Brvenica Municipality',129),(661,'Štip Municipality',129),(662,'Vev?ani Municipality',129),(663,'Tetovo Municipality',129),(664,'Negotino Municipality',129),(665,'Kon?e Municipality',129),(666,'Prilep Municipality',129),(667,'Saraj Municipality',129),(668,'Želino Municipality',129),(669,'Mavrovo and Rostuša Municipality',129),(670,'Plasnica Municipality',129),(671,'Valandovo Municipality',129),(672,'Vinica Municipality',129),(673,'Zrnovci Municipality',129),(674,'Karbinci',129),(675,'Dolneni Municipality',129),(676,'?aška Municipality',129),(677,'Kriva Palanka Municipality',129),(678,'Jegunovce Municipality',129),(679,'Bitola Municipality',129),(680,'Šuto Orizari Municipality',129),(681,'Karpoš Municipality',129),(682,'Oslomej Municipality',129),(683,'Kumanovo Municipality',129),(684,'Greater Skopje',129),(685,'Peh?evo Municipality',129),(686,'Kisela Voda Municipality',129),(687,'Demir Hisar Municipality',129),(688,'Ki?evo Municipality',129),(689,'Vrap?ište Municipality',129),(690,'Ilinden Municipality',129),(691,'Rosoman Municipality',129),(692,'Makedonski Brod Municipality',129),(693,'Gostivar Municipality',129),(694,'Butel Municipality',129),(695,'Del?evo Municipality',129),(696,'Novaci Municipality',129),(697,'Dojran Municipality',129),(698,'Petrovec Municipality',129),(699,'Ohrid Municipality',129),(700,'Struga Municipality',129),(701,'Makedonska Kamenica Municipality',129),(702,'Centar Municipality',129),(703,'Aerodrom Municipality',129),(704,'?air Municipality',129),(705,'Lozovo Municipality',129),(706,'Zelenikovo Municipality',129),(707,'Gazi Baba Municipality',129),(708,'Gradsko Municipality',129),(709,'Radoviš Municipality',129),(710,'Strumica Municipality',129),(711,'Studeni?ani Municipality',129),(712,'Resen Municipality',129),(713,'Kavadarci Municipality',129),(714,'Kruševo Municipality',129),(715,'?u?er-Sandevo Municipality',129),(716,'Berovo Municipality',129),(717,'Rankovce Municipality',129),(718,'Novo Selo Municipality',129),(719,'Sopište Municipality',129),(720,'Centar Župa Municipality',129),(721,'Bogovinje Municipality',129),(722,'Gjor?e Petrov Municipality',129),(723,'Ko?ani Municipality',129),(724,'Požega-Slavonia',55),(725,'Split-Dalmatia',55),(726,'Me?imurje',55),(727,'Zadar',55),(728,'Dubrovnik-Neretva',55),(729,'Krapina-Zagorje',55),(730,'Šibenik-Knin',55),(731,'Lika-Senj',55),(732,'Virovitica-Podravina',55),(733,'Sisak-Moslavina',55),(734,'Bjelovar-Bilogora',55),(735,'Primorje-Gorski Kotar',55),(736,'Zagreb',55),(737,'Brod-Posavina',55),(738,'Zagreb',55),(739,'Varaždin',55),(740,'Osijek-Baranja',55),(741,'Vukovar-Syrmia',55),(742,'Koprivnica-Križevci',55),(743,'Istria',55),(744,'Kyrenia District (Keryneia)',57),(745,'Nicosia District (Lefko?a)',57),(746,'Paphos District (Pafos)',57),(747,'Larnaca District (Larnaka)',57),(748,'Limassol District (Leymasun)',57),(749,'Famagusta District (Ma?usa)',57),(750,'Rangpur Division',19),(751,'Coxs Bazar District',19),(752,'Bandarban District',19),(753,'Rajshahi Division',19),(754,'Pabna District',19),(755,'Sherpur District',19),(756,'Bhola District',19),(757,'Jessore District',19),(758,'Mymensingh Division',19),(759,'Rangpur District',19),(760,'Dhaka Division',19),(761,'Chapai Nawabganj District',19),(762,'Faridpur District',19),(763,'Comilla District',19),(764,'Netrokona District',19),(765,'Sylhet Division',19),(766,'Mymensingh District',19),(767,'Sylhet District',19),(768,'Chandpur District',19),(769,'Narail District',19),(770,'Narayanganj District',19),(771,'Dhaka District',19),(772,'Nilphamari District',19),(773,'Rajbari District',19),(774,'Kushtia District',19),(775,'Khulna Division',19),(776,'Meherpur District',19),(777,'Patuakhali District',19),(778,'Jhalokati District',19),(779,'Kishoreganj District',19),(780,'Lalmonirhat District',19),(781,'Sirajganj District',19),(782,'Tangail District',19),(783,'Dinajpur District',19),(784,'Barguna District',19),(785,'Chittagong District',19),(786,'Khagrachari District',19),(787,'Natore District',19),(788,'Chuadanga District',19),(789,'Jhenaidah District',19),(790,'Munshiganj District',19),(791,'Pirojpur District',19),(792,'Gopalganj District',19),(793,'Kurigram District',19),(794,'Moulvibazar District',19),(795,'Gaibandha District',19),(796,'Bagerhat District',19),(797,'Bogra District',19),(798,'Gazipur District',19),(799,'Satkhira District',19),(800,'Panchagarh District',19),(801,'Shariatpur District',19),(802,'Bahadia',19),(803,'Chittagong Division',19),(804,'Thakurgaon District',19),(805,'Habiganj District',19),(806,'Joypurhat District',19),(807,'Barisal Division',19),(808,'Jamalpur District',19),(809,'Rangamati Hill District',19),(810,'Brahmanbaria District',19),(811,'Khulna District',19),(812,'Sunamganj District',19),(813,'Rajshahi District',19),(814,'Naogaon District',19),(815,'Noakhali District',19),(816,'Feni District',19),(817,'Madaripur District',19),(818,'Barisal District',19),(819,'Lakshmipur District',19),(820,'Okayama Prefecture',109),(821,'Chiba Prefecture',109),(822,'?ita Prefecture',109),(823,'Tokyo',109),(824,'Nara Prefecture',109),(825,'Shizuoka Prefecture',109),(826,'Shimane Prefecture',109),(827,'Aichi Prefecture',109),(828,'Hiroshima Prefecture',109),(829,'Akita Prefecture',109),(830,'Ishikawa Prefecture',109),(831,'Hy?go Prefecture',109),(832,'Hokkaid? Prefecture',109),(833,'Mie Prefecture',109),(834,'Ky?to Prefecture',109),(835,'Yamaguchi Prefecture',109),(836,'Tokushima Prefecture',109),(837,'Yamagata Prefecture',109),(838,'Toyama Prefecture',109),(839,'Aomori Prefecture',109),(840,'Kagoshima Prefecture',109),(841,'Niigata Prefecture',109),(842,'Kanagawa Prefecture',109),(843,'Nagano Prefecture',109),(844,'Wakayama Prefecture',109),(845,'Shiga Prefecture',109),(846,'Kumamoto Prefecture',109),(847,'Fukushima Prefecture',109),(848,'Fukui Prefecture',109),(849,'Nagasaki Prefecture',109),(850,'Tottori Prefecture',109),(851,'Ibaraki Prefecture',109),(852,'Yamanashi Prefecture',109),(853,'Okinawa Prefecture',109),(854,'Tochigi Prefecture',109),(855,'Miyazaki Prefecture',109),(856,'Iwate Prefecture',109),(857,'Miyagi Prefecture',109),(858,'Gifu Prefecture',109),(859,'?saka Prefecture',109),(860,'Saitama Prefecture',109),(861,'Fukuoka Prefecture',109),(862,'Gunma Prefecture',109),(863,'Saga Prefecture',109),(864,'Kagawa Prefecture',109),(865,'Ehime Prefecture',109),(866,'Ontario',39),(867,'Manitoba',39),(868,'New Brunswick',39),(869,'Yukon',39),(870,'Saskatchewan',39),(871,'Prince Edward Island',39),(872,'Alberta',39),(873,'Quebec',39),(874,'Nova Scotia',39),(875,'British Columbia',39),(876,'Nunavut',39),(877,'Newfoundland and Labrador',39),(878,'Northwest Territories',39),(879,'White Nile',209),(880,'Red Sea',209),(881,'Khartoum',209),(882,'Sennar',209),(883,'South Kordofan',209),(884,'Kassala',209),(885,'Al Jazirah',209),(886,'Al Qadarif',209),(887,'Blue Nile',209),(888,'West Darfur',209),(889,'West Kordofan',209),(890,'North Darfur',209),(891,'River Nile',209),(892,'East Darfur',209),(893,'North Kordofan',209),(894,'South Darfur',209),(895,'Northern',209),(896,'Central Darfur',209),(897,'Khelvachauri Municipality',81),(898,'Senaki Municipality',81),(899,'Tbilisi',81),(900,'Adjara',81),(901,'Autonomous Republic of Abkhazia',81),(902,'Mtskheta-Mtianeti',81),(903,'Shida Kartli',81),(904,'Kvemo Kartli',81),(905,'Imereti',81),(906,'Samtskhe-Javakheti',81),(907,'Guria',81),(908,'Samegrelo-Zemo Svaneti',81),(909,'Racha-Lechkhumi and Kvemo Svaneti',81),(910,'Kakheti',81),(911,'Northern Province',198),(912,'Southern Province',198),(913,'Western Area',198),(914,'Eastern Province',198),(915,'Hiran',203),(916,'Mudug',203),(917,'Bakool',203),(918,'Galguduud',203),(919,'Sanaag Region',203),(920,'Nugal',203),(921,'Lower Shebelle',203),(922,'Middle Juba',203),(923,'Middle Shebelle',203),(924,'Lower Juba',203),(925,'Awdal Region',203),(926,'Bay',203),(927,'Banaadir',203),(928,'Gedo',203),(929,'Togdheer Region',203),(930,'Bari',203),(931,'Northern Cape',204),(932,'Free State',204),(933,'Limpopo',204),(934,'North West',204),(935,'KwaZulu-Natal',204),(936,'Gauteng',204),(937,'Mpumalanga',204),(938,'Eastern Cape',204),(939,'Western Cape',204),(940,'Chontales',159),(941,'Managua',159),(942,'Rivas',159),(943,'Granada',159),(944,'León',159),(945,'Estelí',159),(946,'Boaco',159),(947,'Matagalpa',159),(948,'Madriz',159),(949,'Río San Juan',159),(950,'Carazo',159),(951,'North Caribbean Coast',159),(952,'South Caribbean Coast',159),(953,'Masaya',159),(954,'Chinandega',159),(955,'Jinotega',159),(956,'Karak',111),(957,'Tafilah',111),(958,'Madaba',111),(959,'Aqaba',111),(960,'Irbid',111),(961,'Balqa',111),(962,'Mafraq',111),(963,'Ajloun',111),(964,'Maan',111),(965,'Amman',111),(966,'Jerash',111),(967,'Zarqa',111),(968,'Manzini District',212),(969,'Hhohho District',212),(970,'Lubombo District',212),(971,'Shiselweni District',212),(972,'Al Jahra',117),(973,'Hawalli',117),(974,'Mubarak Al-Kabeer',117),(975,'Al Farwaniyah',117),(976,'Capital',117),(977,'Al Ahmadi',117),(978,'Luang Prabang Province',119),(979,'Vientiane Prefecture',119),(980,'Vientiane Province',119),(981,'Salavan Province',119),(982,'Attapeu Province',119),(983,'Xaisomboun Province',119),(984,'Sekong Province',119),(985,'Bolikhamsai Province',119),(986,'Khammouane Province',119),(987,'Phongsaly Province',119),(988,'Oudomxay Province',119),(989,'Houaphanh Province',119),(990,'Savannakhet Province',119),(991,'Bokeo Province',119),(992,'Luang Namtha Province',119),(993,'Sainyabuli Province',119),(994,'Xaisomboun',119),(995,'Xiangkhouang Province',119),(996,'Champasak Province',119),(997,'Talas Region',118),(998,'Batken Region',118),(999,'Naryn Region',118),(1000,'Jalal-Abad Region',118),(1001,'Bishkek',118),(1002,'Issyk-Kul Region',118),(1003,'Osh',118),(1004,'Chuy Region',118),(1005,'Osh Region',118),(1006,'Trøndelag',165),(1007,'Oslo',165),(1008,'Vestfold',165),(1009,'Oppland',165),(1010,'Sør-Trøndelag',165),(1011,'Buskerud',165),(1012,'Nord-Trøndelag',165),(1013,'Svalbard',165),(1014,'Vest-Agder',165),(1015,'Troms',165),(1016,'Finnmark',165),(1017,'Akershus',165),(1018,'Sogn og Fjordane',165),(1019,'Hedmark',165),(1020,'Møre og Romsdal',165),(1021,'Rogaland',165),(1022,'Østfold',165),(1023,'Hordaland',165),(1024,'Telemark',165),(1025,'Nordland',165),(1026,'Jan Mayen',165),(1027,'Hódmez?vásárhely',99),(1028,'Érd',99),(1029,'Szeged',99),(1030,'Nagykanizsa',99),(1031,'Csongrád County',99),(1032,'Debrecen',99),(1033,'Székesfehérvár',99),(1034,'Nyíregyháza',99),(1035,'Somogy County',99),(1036,'Békéscsaba',99),(1037,'Eger',99),(1038,'Tolna County',99),(1039,'Vas County',99),(1040,'Heves County',99),(1041,'Gy?r',99),(1042,'Gy?r-Moson-Sopron County',99),(1043,'Jász-Nagykun-Szolnok County',99),(1044,'Fejér County',99),(1045,'Szabolcs-Szatmár-Bereg County',99),(1046,'Zala County',99),(1047,'Szolnok',99),(1048,'Bács-Kiskun',99),(1049,'Dunaújváros',99),(1050,'Zalaegerszeg',99),(1051,'Nógrád County',99),(1052,'Szombathely',99),(1053,'Pécs',99),(1054,'Veszprém County',99),(1055,'Baranya',99),(1056,'Kecskemét',99),(1057,'Sopron',99),(1058,'Borsod-Abaúj-Zemplén',99),(1059,'Pest County',99),(1060,'Békés',99),(1061,'Szekszárd',99),(1062,'Veszprém',99),(1063,'Hajdú-Bihar County',99),(1064,'Budapest',99),(1065,'Miskolc',99),(1066,'Tatabánya',99),(1067,'Kaposvár',99),(1068,'Salgótarján',99),(1069,'Tipperary',105),(1070,'Sligo',105),(1071,'Donegal',105),(1072,'Dublin',105),(1073,'Leinster',105),(1074,'Cork',105),(1075,'Monaghan',105),(1076,'Longford',105),(1077,'Kerry',105),(1078,'Offaly',105),(1079,'Galway',105),(1080,'Munster',105),(1081,'Roscommon',105),(1082,'Kildare',105),(1083,'Louth',105),(1084,'Mayo',105),(1085,'Wicklow',105),(1086,'Ulster',105),(1087,'Connacht',105),(1088,'Cavan',105),(1089,'Waterford',105),(1090,'Kilkenny',105),(1091,'Clare',105),(1092,'Meath',105),(1093,'Wexford',105),(1094,'Limerick',105),(1095,'Carlow',105),(1096,'Laois',105),(1097,'Westmeath',105),(1098,'Djelfa',4),(1099,'El Oued',4),(1100,'El Tarf',4),(1101,'Oran',4),(1102,'Naama',4),(1103,'Annaba',4),(1104,'Bouïra',4),(1105,'Chlef',4),(1106,'Tiaret',4),(1107,'Tlemcen',4),(1108,'Béchar',4),(1109,'Médéa',4),(1110,'Skikda',4),(1111,'Blida',4),(1112,'Illizi',4),(1113,'Jijel',4),(1114,'Biskra',4),(1115,'Tipasa',4),(1116,'Bordj Bou Arréridj',4),(1117,'Tébessa',4),(1118,'Adrar',4),(1119,'Aïn Defla',4),(1120,'Tindouf',4),(1121,'Constantine',4),(1122,'Aïn Témouchent',4),(1123,'Saïda',4),(1124,'Mascara',4),(1125,'Boumerdès',4),(1126,'Khenchela',4),(1127,'Ghardaïa',4),(1128,'Béjaïa',4),(1129,'El Bayadh',4),(1130,'Relizane',4),(1131,'Tizi Ouzou',4),(1132,'Mila',4),(1133,'Tissemsilt',4),(1134,'MSila',4),(1135,'Tamanghasset',4),(1136,'Oum El Bouaghi',4),(1137,'Guelma',4),(1138,'Laghouat',4),(1139,'Ouargla',4),(1140,'Mostaganem',4),(1141,'Sétif',4),(1142,'Batna',4),(1143,'Souk Ahras',4),(1144,'Algiers',4),(1146,'Burgos',207),(1147,'Salamanca',207),(1157,'Palencia',207),(1158,'Madrid',207),(1160,'Asturias',207),(1161,'Zamora',207),(1167,'Pontevedra',207),(1170,'Cantabria',207),(1171,'La Rioja',207),(1174,'Balearic Islands',207),(1175,'Valencia',207),(1176,'Murcia',207),(1177,'Huesca',207),(1183,'Valladolid',207),(1185,'Las Palmas',207),(1189,'Ávila',207),(1190,'Caceres',207),(1191,'Gipuzkoa',207),(1192,'Segovia',207),(1193,'Sevilla',207),(1200,'Léon',207),(1203,'Tarragona',207),(1204,'Navarra',207),(1205,'Toledo',207),(1208,'Soria',207),(1209,'Guanacaste Province',53),(1210,'Puntarenas Province',53),(1211,'Provincia de Cartago',53),(1212,'Heredia Province',53),(1213,'Limón Province',53),(1214,'San José Province',53),(1215,'Alajuela Province',53),(1216,'Brunei-Muara District',33),(1217,'Belait District',33),(1218,'Temburong District',33),(1219,'Tutong District',33),(1220,'Saint Philip',20),(1221,'Saint Lucy',20),(1222,'Saint Peter',20),(1223,'Saint Joseph',20),(1224,'Saint James',20),(1225,'Saint Thomas',20),(1226,'Saint George',20),(1227,'Saint John',20),(1228,'Christ Church',20),(1229,'Saint Andrew',20),(1230,'Saint Michael',20),(1231,'Taizz',245),(1232,'Sanaa',245),(1233,'Ibb',245),(1234,'Marib',245),(1235,'Al Mahwit',245),(1236,'Sanaa',245),(1237,'Abyan',245),(1238,'Hadhramaut',245),(1239,'Socotra',245),(1240,'Al Bayda',245),(1241,'Al Hudaydah',245),(1242,'Adan',245),(1243,'Al Jawf',245),(1244,'Hajjah',245),(1245,'Lahij',245),(1246,'Dhamar',245),(1247,'Shabwah',245),(1248,'Raymah',245),(1249,'Saada',245),(1250,'Amran',245),(1251,'Al Mahrah',245),(1252,'Sangha-Mbaéré',42),(1253,'Nana-Grébizi Economic Prefecture',42),(1254,'Ouham Prefecture',42),(1255,'Ombella-MPoko Prefecture',42),(1256,'Lobaye Prefecture',42),(1257,'Mambéré-Kadéï',42),(1258,'Haut-Mbomou Prefecture',42),(1259,'Bamingui-Bangoran Prefecture',42),(1260,'Nana-Mambéré Prefecture',42),(1261,'Vakaga Prefecture',42),(1262,'Bangui',42),(1263,'Kémo Prefecture',42),(1264,'Basse-Kotto Prefecture',42),(1265,'Ouaka Prefecture',42),(1266,'Mbomou Prefecture',42),(1267,'Ouham-Pendé Prefecture',42),(1268,'Haute-Kotto Prefecture',42),(1269,'Romblon',174),(1270,'Bukidnon',174),(1271,'Rizal',174),(1272,'Bohol',174),(1273,'Quirino',174),(1274,'Biliran',174),(1275,'Quezon',174),(1276,'Siquijor',174),(1277,'Sarangani',174),(1278,'Bulacan',174),(1279,'Cagayan',174),(1280,'South Cotabato',174),(1281,'Sorsogon',174),(1282,'Sultan Kudarat',174),(1283,'Camarines Norte',174),(1284,'Southern Leyte',174),(1285,'Camiguin',174),(1286,'Surigao del Norte',174),(1287,'Camarines Sur',174),(1288,'Sulu',174),(1289,'Davao Oriental',174),(1290,'Eastern Samar',174),(1291,'Dinagat Islands',174),(1292,'Capiz',174),(1293,'Tawi-Tawi',174),(1294,'Calabarzon',174),(1295,'Tarlac',174),(1296,'Surigao del Sur',174),(1297,'Zambales',174),(1298,'Ilocos Norte',174),(1299,'Mimaropa',174),(1300,'Ifugao',174),(1301,'Catanduanes',174),(1302,'Zamboanga del Norte',174),(1303,'Guimaras',174),(1304,'Bicol',174),(1305,'Western Visayas',174),(1306,'Cebu',174),(1307,'Cavite',174),(1308,'Central Visayas',174),(1309,'Davao Occidental',174),(1310,'Soccsksargen',174),(1311,'Compostela Valley',174),(1312,'Kalinga',174),(1313,'Isabela',174),(1314,'Caraga',174),(1315,'Iloilo',174),(1316,'Autonomous Region in Muslim Mindanao',174),(1317,'La Union',174),(1318,'Davao del Sur',174),(1319,'Davao del Norte',174),(1320,'Cotabato',174),(1321,'Ilocos Sur',174),(1322,'Eastern Visayas',174),(1323,'Agusan del Norte',174),(1324,'Abra',174),(1325,'Zamboanga Peninsula',174),(1326,'Agusan del Sur',174),(1327,'Lanao del Norte',174),(1328,'Laguna',174),(1329,'Marinduque',174),(1330,'Maguindanao',174),(1331,'Aklan',174),(1332,'Leyte',174),(1333,'Lanao del Sur',174),(1334,'Apayao',174),(1335,'Cordillera Administrative',174),(1336,'Antique',174),(1337,'Albay',174),(1338,'Masbate',174),(1339,'Northern Mindanao',174),(1340,'Davao',174),(1341,'Aurora',174),(1342,'Cagayan Valley',174),(1343,'Misamis Occidental',174),(1344,'Bataan',174),(1345,'Central Luzon',174),(1346,'Basilan',174),(1347,'Metro Manila',174),(1348,'Misamis Oriental',174),(1349,'Northern Samar',174),(1350,'Negros Oriental',174),(1351,'Negros Occidental',174),(1352,'Batanes',174),(1353,'Mountain Province',174),(1354,'Oriental Mindoro',174),(1355,'Ilocos',174),(1356,'Occidental Mindoro',174),(1357,'Zamboanga del Sur',174),(1358,'Nueva Vizcaya',174),(1359,'Batangas',174),(1360,'Nueva Ecija',174),(1361,'Palawan',174),(1362,'Zamboanga Sibugay',174),(1363,'Benguet',174),(1364,'Pangasinan',174),(1365,'Pampanga',174),(1366,'Northern District',106),(1367,'Central District',106),(1368,'Southern District',106),(1369,'Haifa District',106),(1370,'Jerusalem District',106),(1371,'Tel Aviv District',106),(1372,'Limburg',22),(1373,'Flanders',22),(1374,'Flemish Brabant',22),(1375,'Hainaut',22),(1376,'Brussels-Capital Region',22),(1377,'East Flanders',22),(1378,'Namur',22),(1379,'Luxembourg',22),(1380,'Wallonia',22),(1381,'Antwerp',22),(1382,'Walloon Brabant',22),(1383,'West Flanders',22),(1384,'Liège',22),(1385,'Darién Province',170),(1386,'Colón Province',170),(1387,'Coclé Province',170),(1388,'Guna Yala',170),(1389,'Herrera Province',170),(1390,'Los Santos Province',170),(1391,'Ngöbe-Buglé Comarca',170),(1392,'Veraguas Province',170),(1393,'Bocas del Toro Province',170),(1394,'Panamá Oeste Province',170),(1395,'Panamá Province',170),(1396,'Emberá-Wounaan Comarca',170),(1397,'Chiriquí Province',170),(1398,'Howland Island',233),(1399,'Delaware',233),(1400,'Alaska',233),(1401,'Maryland',233),(1402,'Baker Island',233),(1403,'Kingman Reef',233),(1404,'New Hampshire',233),(1405,'Wake Island',233),(1406,'Kansas',233),(1407,'Texas',233),(1408,'Nebraska',233),(1409,'Vermont',233),(1410,'Jarvis Island',233),(1411,'Hawaii',233),(1412,'Guam',233),(1413,'United States Virgin Islands',233),(1414,'Utah',233),(1415,'Oregon',233),(1416,'California',233),(1417,'New Jersey',233),(1418,'North Dakota',233),(1419,'Kentucky',233),(1420,'Minnesota',233),(1421,'Oklahoma',233),(1422,'Pennsylvania',233),(1423,'New Mexico',233),(1424,'American Samoa',233),(1425,'Illinois',233),(1426,'Michigan',233),(1427,'Virginia',233),(1428,'Johnston Atoll',233),(1429,'West Virginia',233),(1430,'Mississippi',233),(1431,'Northern Mariana Islands',233),(1432,'United States Minor Outlying Islands',233),(1433,'Massachusetts',233),(1434,'Arizona',233),(1435,'Connecticut',233),(1436,'Florida',233),(1437,'District of Columbia',233),(1438,'Midway Atoll',233),(1439,'Navassa Island',233),(1440,'Indiana',233),(1441,'Wisconsin',233),(1442,'Wyoming',233),(1443,'South Carolina',233),(1444,'Arkansas',233),(1445,'South Dakota',233),(1446,'Montana',233),(1447,'North Carolina',233),(1448,'Palmyra Atoll',233),(1449,'Puerto Rico',233),(1450,'Colorado',233),(1451,'Missouri',233),(1452,'New York',233),(1453,'Maine',233),(1454,'Tennessee',233),(1455,'Georgia',233),(1456,'Alabama',233),(1457,'Louisiana',233),(1458,'Nevada',233),(1459,'Iowa',233),(1460,'Idaho',233),(1461,'Rhode Island',233),(1462,'Washington',233),(1463,'Shinyanga',218),(1464,'Simiyu',218),(1465,'Kagera',218),(1466,'Dodoma',218),(1467,'Kilimanjaro',218),(1468,'Mara',218),(1469,'Tabora',218),(1470,'Morogoro',218),(1471,'Zanzibar South',218),(1472,'Pemba South',218),(1473,'Zanzibar North',218),(1474,'Singida',218),(1475,'Zanzibar West',218),(1476,'Mtwara',218),(1477,'Rukwa',218),(1478,'Kigoma',218),(1479,'Mwanza',218),(1480,'Njombe',218),(1481,'Geita',218),(1482,'Katavi',218),(1483,'Lindi',218),(1484,'Manyara',218),(1485,'Pwani',218),(1486,'Ruvuma',218),(1487,'Tanga',218),(1488,'Pemba North',218),(1489,'Iringa',218),(1490,'Dar es Salaam',218),(1491,'Arusha',218),(1493,'Tavastia Proper',74),(1494,'Central Ostrobothnia',74),(1495,'Southern Savonia',74),(1496,'Kainuu',74),(1497,'South Karelia',74),(1498,'Southern Ostrobothnia',74),(1500,'Lapland',74),(1501,'Satakunta',74),(1502,'Päijänne Tavastia',74),(1503,'Northern Savonia',74),(1504,'North Karelia',74),(1505,'Northern Ostrobothnia',74),(1506,'Pirkanmaa',74),(1507,'Finland Proper',74),(1508,'Ostrobothnia',74),(1509,'Åland Islands',74),(1510,'Uusimaa',74),(1511,'Central Finland',74),(1512,'Kymenlaakso',74),(1513,'Canton of Diekirch',127),(1514,'Luxembourg District',127),(1515,'Canton of Echternach',127),(1516,'Canton of Redange',127),(1517,'Canton of Esch-sur-Alzette',127),(1518,'Canton of Capellen',127),(1519,'Canton of Remich',127),(1520,'Grevenmacher District',127),(1521,'Canton of Clervaux',127),(1522,'Canton of Mersch',127),(1523,'Canton of Vianden',127),(1524,'Diekirch District',127),(1525,'Canton of Grevenmacher',127),(1526,'Canton of Wiltz',127),(1527,'Canton of Luxembourg',127),(1528,'Region Zealand',59),(1529,'Region of Southern Denmark',59),(1530,'Capital Region of Denmark',59),(1531,'Central Denmark Region',59),(1532,'North Denmark Region',59),(1533,'Gävleborg County',213),(1534,'Dalarna County',213),(1535,'Värmland County',213),(1536,'Östergötland County',213),(1537,'Blekinge',213),(1538,'Norrbotten County',213),(1539,'Örebro County',213),(1540,'Södermanland County',213),(1541,'Skåne County',213),(1542,'Kronoberg County',213),(1543,'Västerbotten County',213),(1544,'Kalmar County',213),(1545,'Uppsala County',213),(1546,'Gotland County',213),(1547,'Västra Götaland County',213),(1548,'Halland County',213),(1549,'Västmanland County',213),(1550,'Jönköping County',213),(1551,'Stockholm County',213),(1552,'Västernorrland County',213),(1553,'Plung? District Municipality',126),(1554,'Šiauliai District Municipality',126),(1555,'Jurbarkas District Municipality',126),(1556,'Kaunas County',126),(1557,'Mažeikiai District Municipality',126),(1558,'Panev?žys County',126),(1559,'Elektr?nai municipality',126),(1560,'Šven?ionys District Municipality',126),(1561,'Akmen? District Municipality',126),(1562,'Ignalina District Municipality',126),(1563,'Neringa Municipality',126),(1564,'Visaginas Municipality',126),(1565,'Kaunas District Municipality',126),(1566,'Biržai District Municipality',126),(1567,'Jonava District Municipality',126),(1568,'Radviliškis District Municipality',126),(1569,'Telšiai County',126),(1570,'Marijampol? County',126),(1571,'Kretinga District Municipality',126),(1572,'Taurag? District Municipality',126),(1573,'Taurag? County',126),(1574,'Alytus County',126),(1575,'Kazl? R?da municipality',126),(1576,'Šakiai District Municipality',126),(1577,'Šal?ininkai District Municipality',126),(1578,'Prienai District Municipality',126),(1579,'Druskininkai municipality',126),(1580,'Kaunas City Municipality',126),(1581,'Joniškis District Municipality',126),(1582,'Mol?tai District Municipality',126),(1583,'Kaišiadorys District Municipality',126),(1584,'K?dainiai District Municipality',126),(1585,'Kupiškis District Municipality',126),(1586,'Šiauliai County',126),(1587,'Raseiniai District Municipality',126),(1588,'Palanga City Municipality',126),(1589,'Panev?žys City Municipality',126),(1590,'Rietavas municipality',126),(1591,'Kalvarija municipality',126),(1592,'Vilnius District Municipality',126),(1593,'Trakai District Municipality',126),(1594,'Širvintos District Municipality',126),(1595,'Pakruojis District Municipality',126),(1596,'Ukmerg? District Municipality',126),(1597,'Klaipeda City Municipality',126),(1598,'Utena District Municipality',126),(1599,'Alytus District Municipality',126),(1600,'Klaip?da County',126),(1601,'Vilnius County',126),(1602,'Var?na District Municipality',126),(1603,'Birštonas Municipality',126),(1604,'Klaip?da District Municipality',126),(1605,'Alytus City Municipality',126),(1606,'Vilnius City Municipality',126),(1607,'Šilut? District Municipality',126),(1608,'Telšiai District Municipality',126),(1609,'Šiauliai City Municipality',126),(1610,'Marijampol? Municipality',126),(1611,'Lazdijai District Municipality',126),(1612,'Pag?giai municipality',126),(1613,'Šilal? District Municipality',126),(1614,'Panev?žys District Municipality',126),(1615,'Rokiškis District Municipality',126),(1616,'Pasvalys District Municipality',126),(1617,'Skuodas District Municipality',126),(1618,'Kelm? District Municipality',126),(1619,'Zarasai District Municipality',126),(1620,'Vilkaviškis District Municipality',126),(1621,'Utena County',126),(1622,'Opole Voivodeship',176),(1623,'Silesian Voivodeship',176),(1624,'Pomeranian Voivodeship',176),(1625,'Kuyavian-Pomeranian Voivodeship',176),(1626,'Podkarpackie Voivodeship',176),(1628,'Warmian-Masurian Voivodeship',176),(1629,'Lower Silesian Voivodeship',176),(1630,'?wi?tokrzyskie Voivodeship',176),(1631,'Lubusz Voivodeship',176),(1632,'Podlaskie Voivodeship',176),(1633,'West Pomeranian Voivodeship',176),(1634,'Greater Poland Voivodeship',176),(1635,'Lesser Poland Voivodeship',176),(1636,'?ód? Voivodeship',176),(1637,'Masovian Voivodeship',176),(1638,'Lublin Voivodeship',176),(1639,'Aargau',214),(1640,'Fribourg',214),(1641,'Basel-Land',214),(1642,'Uri',214),(1643,'Ticino',214),(1644,'St. Gallen',214),(1645,'Bern',214),(1646,'Zug',214),(1647,'Geneva',214),(1648,'Valais',214),(1649,'Appenzell Innerrhoden',214),(1650,'Obwalden',214),(1651,'Vaud',214),(1652,'Nidwalden',214),(1653,'Schwyz',214),(1654,'Schaffhausen',214),(1655,'Appenzell Ausserrhoden',214),(1656,'Zürich',214),(1657,'Thurgau',214),(1658,'Jura',214),(1659,'Neuchâtel',214),(1660,'Graubünden',214),(1661,'Glarus',214),(1662,'Solothurn',214),(1663,'Lucerne',214),(1664,'Tuscany',107),(1665,'Padua',107),(1666,'Parma',107),(1667,'Siracusa',107),(1668,'Palermo',107),(1669,'Campania',107),(1670,'Marche',107),(1671,'Reggio Calabria',107),(1672,'Ancona',107),(1673,'Venice',107),(1674,'Latina',107),(1675,'Lecce',107),(1676,'Pavia',107),(1677,'Lecco',107),(1678,'Lazio',107),(1679,'Abruzzo',107),(1680,'Florence',107),(1681,'Ascoli Piceno',107),(1682,'Cagliari',107),(1683,'Umbria',107),(1684,'Bologna',107),(1685,'Pisa',107),(1686,'Barletta-Andria-Trani',107),(1687,'Pistoia',107),(1688,'Apulia',107),(1689,'Belluno',107),(1690,'Pordenone',107),(1691,'Perugia',107),(1692,'Avellino',107),(1693,'Pesaro and Urbino',107),(1694,'Pescara',107),(1695,'Molise',107),(1696,'Piacenza',107),(1697,'Potenza',107),(1698,'Milan',107),(1699,'Genoa',107),(1700,'Prato',107),(1701,'Benevento',107),(1702,'Piedmont',107),(1703,'Calabria',107),(1704,'Bergamo',107),(1705,'Lombardy',107),(1706,'Basilicata',107),(1707,'Ravenna',107),(1708,'Reggio Emilia',107),(1709,'Sicily',107),(1710,'Turin',107),(1711,'Rome',107),(1712,'Rieti',107),(1713,'Rimini',107),(1714,'Brindisi',107),(1715,'Sardinia',107),(1716,'Aosta Valley',107),(1717,'Brescia',107),(1718,'Caltanissetta',107),(1719,'Rovigo',107),(1720,'Salerno',107),(1721,'Campobasso',107),(1722,'Sassari',107),(1723,'Enna',107),(1724,'Naples',107),(1725,'Trentino-South Tyrol',107),(1726,'Verbano-Cusio-Ossola',107),(1727,'Agrigento',107),(1728,'Catanzaro',107),(1729,'Ragusa',107),(1730,'South Sardinia',107),(1731,'Caserta',107),(1732,'Savona',107),(1733,'Trapani',107),(1734,'Siena',107),(1735,'Viterbo',107),(1736,'Verona',107),(1737,'Vibo Valentia',107),(1738,'Vicenza',107),(1739,'Chieti',107),(1740,'Como',107),(1741,'Sondrio',107),(1742,'Cosenza',107),(1743,'Taranto',107),(1744,'Fermo',107),(1745,'Livorno',107),(1746,'Ferrara',107),(1747,'Lodi',107),(1748,'Trentino',107),(1749,'Lucca',107),(1750,'Macerata',107),(1751,'Cremona',107),(1752,'Teramo',107),(1753,'Veneto',107),(1754,'Crotone',107),(1755,'Terni',107),(1756,'Friuli–Venezia Giulia',107),(1757,'Modena',107),(1758,'Mantua',107),(1759,'Massa and Carrara',107),(1760,'Matera',107),(1761,'Medio Campidano',107),(1762,'Treviso',107),(1763,'Trieste',107),(1764,'Udine',107),(1765,'Varese',107),(1766,'Catania',107),(1767,'South Tyrol',107),(1768,'Liguria',107),(1769,'Monza and Brianza',107),(1770,'Messina',107),(1771,'Foggia',107),(1772,'Bari',107),(1773,'Emilia-Romagna',107),(1774,'Novara',107),(1775,'Cuneo',107),(1776,'Frosinone',107),(1777,'Gorizia',107),(1778,'Biella',107),(1779,'Forlì-Cesena',107),(1780,'Asti',107),(1781,'LAquila',107),(1783,'Alessandria',107),(1785,'Vercelli',107),(1786,'Oristano',107),(1787,'Grosseto',107),(1788,'Imperia',107),(1789,'Isernia',107),(1790,'Nuoro',107),(1791,'La Spezia',107),(1792,'Sumatera Utara',102),(1793,'Bengkulu',102),(1794,'Kalimantan Tengah',102),(1795,'Sulawesi Selatan',102),(1796,'Sulawesi Tenggara',102),(1798,'Papua',102),(1799,'Papua Barat',102),(1800,'Maluku',102),(1801,'Maluku Utara',102),(1802,'Jawa Tengah',102),(1804,'Kalimantan Timur',102),(1805,'DKI Jakarta',102),(1806,'Kalimantan Barat',102),(1807,'Kepulauan Riau',102),(1808,'Sulawesi Utara',102),(1809,'Riau',102),(1810,'Banten',102),(1811,'Lampung',102),(1812,'Gorontalo',102),(1813,'Sulawesi Tengah',102),(1814,'Nusa Tenggara Barat',102),(1815,'Jambi',102),(1816,'Sumatera Selatan',102),(1817,'Sulawesi Barat',102),(1818,'Nusa Tenggara Timur',102),(1819,'Kalimantan Selatan',102),(1820,'Kepulauan Bangka Belitung',102),(1822,'Aceh',102),(1824,'Kalimantan Utara',102),(1825,'Jawa Barat',102),(1826,'Bali',102),(1827,'Jawa Timur',102),(1828,'Sumatera Barat',102),(1829,'DI Yogyakarta',102),(1830,'Phoenix Islands',114),(1831,'Gilbert Islands',114),(1832,'Line Islands',114),(1833,'Primorsky Krai',182),(1834,'Novgorod Oblast',182),(1835,'Jewish Autonomous Oblast',182),(1836,'Nenets Autonomous Okrug',182),(1837,'Rostov Oblast',182),(1838,'Khanty-Mansi Autonomous Okrug',182),(1839,'Magadan Oblast',182),(1840,'Krasnoyarsk Krai',182),(1841,'Republic of Karelia',182),(1842,'Republic of Buryatia',182),(1843,'Murmansk Oblast',182),(1844,'Kaluga Oblast',182),(1845,'Chelyabinsk Oblast',182),(1846,'Omsk Oblast',182),(1847,'Yamalo-Nenets Autonomous Okrug',182),(1848,'Sakha Republic',182),(1849,'Arkhangelsk',182),(1850,'Republic of Dagestan',182),(1851,'Yaroslavl Oblast',182),(1852,'Republic of Adygea',182),(1853,'Republic of North Ossetia-Alania',182),(1854,'Republic of Bashkortostan',182),(1855,'Kursk Oblast',182),(1856,'Ulyanovsk Oblast',182),(1857,'Nizhny Novgorod Oblast',182),(1858,'Amur Oblast',182),(1859,'Chukotka Autonomous Okrug',182),(1860,'Tver Oblast',182),(1861,'Republic of Tatarstan',182),(1862,'Samara Oblast',182),(1863,'Pskov Oblast',182),(1864,'Ivanovo Oblast',182),(1865,'Kamchatka Krai',182),(1866,'Astrakhan Oblast',182),(1867,'Bryansk Oblast',182),(1868,'Stavropol Krai',182),(1869,'Karachay-Cherkess Republic',182),(1870,'Mari El Republic',182),(1871,'Perm Krai',182),(1872,'Tomsk Oblast',182),(1873,'Khabarovsk Krai',182),(1874,'Vologda Oblast',182),(1875,'Sakhalin',182),(1876,'Altai Republic',182),(1877,'Republic of Khakassia',182),(1878,'Tambov Oblast',182),(1879,'Saint Petersburg',182),(1880,'Irkutsk',182),(1881,'Vladimir Oblast',182),(1882,'Moscow Oblast',182),(1883,'Republic of Kalmykia',182),(1884,'Republic of Ingushetia',182),(1885,'Smolensk Oblast',182),(1886,'Orenburg Oblast',182),(1887,'Saratov Oblast',182),(1888,'Novosibirsk',182),(1889,'Lipetsk Oblast',182),(1890,'Kirov Oblast',182),(1891,'Krasnodar Krai',182),(1892,'Kabardino-Balkar Republic',182),(1893,'Chechen Republic',182),(1894,'Sverdlovsk',182),(1895,'Tula Oblast',182),(1896,'Leningrad Oblast',182),(1897,'Kemerovo Oblast',182),(1898,'Republic of Mordovia',182),(1899,'Komi Republic',182),(1900,'Tuva Republic',182),(1901,'Moscow',182),(1902,'Kaliningrad',182),(1903,'Belgorod Oblast',182),(1904,'Zabaykalsky Krai',182),(1905,'Ryazan Oblast',182),(1906,'Voronezh Oblast',182),(1907,'Tyumen Oblast',182),(1908,'Oryol Oblast',182),(1909,'Penza Oblast',182),(1910,'Kostroma Oblast',182),(1911,'Altai Krai',182),(1912,'Sevastopol',182),(1913,'Udmurt Republic',182),(1914,'Chuvash Republic',182),(1915,'Kurgan Oblast',182),(1916,'Lomaiviti',73),(1917,'Ba',73),(1918,'Tailevu',73),(1919,'Nadroga-Navosa',73),(1920,'Rewa',73),(1921,'Northern Division',73),(1922,'Macuata',73),(1923,'Western Division',73),(1924,'Cakaudrove',73),(1925,'Serua',73),(1926,'Ra',73),(1927,'Naitasiri',73),(1928,'Namosi',73),(1929,'Central Division',73),(1930,'Bua',73),(1931,'Rotuma',73),(1932,'Eastern Division',73),(1933,'Lau',73),(1934,'Kadavu',73),(1935,'Labuan',132),(1936,'Sabah',132),(1937,'Sarawak',132),(1938,'Perlis',132),(1939,'Penang',132),(1940,'Pahang',132),(1941,'Malacca',132),(1942,'Terengganu',132),(1943,'Perak',132),(1944,'Selangor',132),(1945,'Putrajaya',132),(1946,'Kelantan',132),(1947,'Kedah',132),(1948,'Negeri Sembilan',132),(1949,'Kuala Lumpur',132),(1950,'Johor',132),(1951,'Mashonaland East Province',247),(1952,'Matabeleland South Province',247),(1953,'Mashonaland West Province',247),(1954,'Matabeleland North Province',247),(1955,'Mashonaland Central Province',247),(1956,'Bulawayo Province',247),(1957,'Midlands Province',247),(1958,'Harare Province',247),(1959,'Manicaland',247),(1960,'Masvingo Province',247),(1961,'Bulgan Province',146),(1962,'Darkhan-Uul Province',146),(1963,'Dornod Province',146),(1964,'Khovd Province',146),(1965,'Övörkhangai Province',146),(1966,'Orkhon Province',146),(1967,'Ömnögovi Province',146),(1968,'Töv Province',146),(1969,'Bayan-Ölgii Province',146),(1970,'Dundgovi Province',146),(1971,'Uvs Province',146),(1972,'Govi-Altai Province',146),(1973,'Arkhangai Province',146),(1974,'Khentii Province',146),(1975,'Khövsgöl Province',146),(1976,'Bayankhongor Province',146),(1977,'Sükhbaatar Province',146),(1978,'Govisümber Province',146),(1979,'Zavkhan Province',146),(1980,'Selenge Province',146),(1981,'Dornogovi Province',146),(1982,'Northern Province',246),(1983,'Western Province',246),(1984,'Copperbelt Province',246),(1985,'Northwestern Province',246),(1986,'Central Province',246),(1987,'Luapula Province',246),(1988,'Lusaka Province',246),(1989,'Muchinga Province',246),(1990,'Southern Province',246),(1991,'Eastern Province',246),(1992,'Capital',18),(1993,'Southern',18),(1994,'Northern',18),(1995,'Muharraq',18),(1996,'Central',18),(1997,'Rio de Janeiro',31),(1998,'Minas Gerais',31),(1999,'Amapá',31),(2000,'Goiás',31),(2001,'Rio Grande do Sul',31),(2002,'Bahia',31),(2003,'Sergipe',31),(2004,'Amazonas',31),(2005,'Paraíba',31),(2006,'Pernambuco',31),(2007,'Alagoas',31),(2008,'Piauí',31),(2009,'Pará',31),(2010,'Mato Grosso do Sul',31),(2011,'Mato Grosso',31),(2012,'Acre',31),(2013,'Rondônia',31),(2014,'Santa Catarina',31),(2015,'Maranhão',31),(2016,'Ceará',31),(2017,'Distrito Federal',31),(2018,'Espírito Santo',31),(2019,'Rio Grande do Norte',31),(2020,'Tocantins',31),(2021,'São Paulo',31),(2022,'Paraná',31),(2023,'Aragatsotn Region',12),(2024,'Ararat Province',12),(2025,'Vayots Dzor Region',12),(2026,'Armavir Region',12),(2027,'Syunik Province',12),(2028,'Gegharkunik Province',12),(2029,'Lori Region',12),(2030,'Yerevan',12),(2031,'Shirak Region',12),(2032,'Tavush Region',12),(2033,'Kotayk Region',12),(2034,'Cojedes',239),(2035,'Falcón',239),(2036,'Portuguesa',239),(2037,'Miranda',239),(2038,'Lara',239),(2039,'Bolívar',239),(2040,'Carabobo',239),(2041,'Yaracuy',239),(2042,'Zulia',239),(2043,'Trujillo',239),(2044,'Amazonas',239),(2045,'Guárico',239),(2046,'Federal Dependencies of Venezuela',239),(2047,'Aragua',239),(2048,'Táchira',239),(2049,'Barinas',239),(2050,'Anzoátegui',239),(2051,'Delta Amacuro',239),(2052,'Nueva Esparta',239),(2053,'Mérida',239),(2054,'Monagas',239),(2055,'La Guaira',239),(2056,'Sucre',239),(2057,'Carinthia',15),(2058,'Upper Austria',15),(2059,'Styria',15),(2060,'Vienna',15),(2061,'Salzburg',15),(2062,'Burgenland',15),(2063,'Vorarlberg',15),(2064,'Tyrol',15),(2065,'Lower Austria',15),(2066,'Mid-Western Region',154),(2067,'Western Region',154),(2068,'Far-Western Development Region',154),(2069,'Eastern Development Region',154),(2070,'Mechi Zone',154),(2071,'Bheri Zone',154),(2072,'Kosi Zone',154),(2073,'Central Region',154),(2074,'Lumbini Zone',154),(2075,'Narayani Zone',154),(2076,'Janakpur Zone',154),(2077,'Rapti Zone',154),(2078,'Seti Zone',154),(2079,'Karnali Zone',154),(2080,'Dhaulagiri Zone',154),(2081,'Gandaki Zone',154),(2082,'Bagmati Zone',154),(2083,'Mahakali Zone',154),(2084,'Sagarmatha Zone',154),(2085,'Unity',206),(2086,'Upper Nile',206),(2087,'Warrap',206),(2088,'Northern Bahr el Ghazal',206),(2089,'Western Equatoria',206),(2090,'Lakes',206),(2091,'Western Bahr el Ghazal',206),(2092,'Central Equatoria',206),(2093,'Eastern Equatoria',206),(2094,'Jonglei State',206),(2095,'Karditsa Regional Unit',85),(2096,'West Greece Region',85),(2097,'Thessaloniki Regional Unit',85),(2098,'Arcadia Prefecture',85),(2099,'Imathia Regional Unit',85),(2100,'Kastoria Regional Unit',85),(2101,'Euboea',85),(2102,'Grevena Prefecture',85),(2103,'Preveza Prefecture',85),(2104,'Lefkada Regional Unit',85),(2105,'Argolis Regional Unit',85),(2106,'Laconia',85),(2107,'Pella Regional Unit',85),(2108,'West Macedonia Region',85),(2109,'Crete Region',85),(2110,'Epirus Region',85),(2111,'Kilkis Regional Unit',85),(2112,'Kozani Prefecture',85),(2113,'Ioannina Regional Unit',85),(2114,'Phthiotis Prefecture',85),(2115,'Chania Regional Unit',85),(2116,'Achaea Regional Unit',85),(2117,'East Macedonia and Thrace',85),(2118,'South Aegean',85),(2119,'Peloponnese Region',85),(2120,'East Attica Regional Unit',85),(2121,'Serres Prefecture',85),(2122,'Attica Region',85),(2123,'Aetolia-Acarnania Regional Unit',85),(2124,'Corfu Prefecture',85),(2125,'Central Macedonia',85),(2126,'Boeotia Regional Unit',85),(2127,'Kefalonia Prefecture',85),(2128,'Central Greece Region',85),(2129,'Corinthia Regional Unit',85),(2130,'Drama Regional Unit',85),(2131,'Ionian Islands Region',85),(2132,'Larissa Prefecture',85),(2133,'Kayin State',151),(2134,'Mandalay Region',151),(2135,'Yangon Region',151),(2136,'Magway Region',151),(2137,'Chin State',151),(2138,'Rakhine State',151),(2139,'Shan State',151),(2140,'Tanintharyi Region',151),(2141,'Bago',151),(2142,'Ayeyarwady Region',151),(2143,'Kachin State',151),(2144,'Kayah State',151),(2145,'Sagaing Region',151),(2146,'Naypyidaw Union Territory',151),(2147,'Mon State',151),(2148,'Bart?n',225),(2149,'Kütahya',225),(2150,'Sakarya',225),(2151,'Edirne',225),(2152,'Van',225),(2153,'Bingöl',225),(2154,'Kilis',225),(2155,'Ad?yaman',225),(2156,'Mersin',225),(2157,'Denizli',225),(2158,'Malatya',225),(2159,'Elaz??',225),(2160,'Erzincan',225),(2161,'Amasya',225),(2162,'Mu?',225),(2163,'Bursa',225),(2164,'Eski?ehir',225),(2165,'Erzurum',225),(2166,'I?d?r',225),(2167,'Tekirda?',225),(2168,'Çank?r?',225),(2169,'Antalya',225),(2170,'Istanbul',225),(2171,'Konya',225),(2172,'Bolu',225),(2173,'Çorum',225),(2174,'Ordu',225),(2175,'Bal?kesir',225),(2176,'K?rklareli',225),(2177,'Bayburt',225),(2178,'K?r?kkale',225),(2179,'Afyonkarahisar',225),(2180,'K?r?ehir',225),(2181,'Sivas',225),(2182,'Mu?la',225),(2183,'?anl?urfa',225),(2184,'Karaman',225),(2185,'Ardahan',225),(2186,'Giresun',225),(2187,'Ayd?n',225),(2188,'Yozgat',225),(2189,'Ni?de',225),(2190,'Hakkâri',225),(2191,'Artvin',225),(2192,'Tunceli',225),(2193,'A?r?',225),(2194,'Batman',225),(2195,'Kocaeli',225),(2196,'Nev?ehir',225),(2197,'Kastamonu',225),(2198,'Manisa',225),(2199,'Tokat',225),(2200,'Kayseri',225),(2201,'U?ak',225),(2202,'Düzce',225),(2203,'Gaziantep',225),(2204,'Gümü?hane',225),(2205,'?zmir',225),(2206,'Trabzon',225),(2207,'Siirt',225),(2208,'Kars',225),(2209,'Burdur',225),(2210,'Aksaray',225),(2211,'Hatay',225),(2212,'Adana',225),(2213,'Zonguldak',225),(2214,'Osmaniye',225),(2215,'Bitlis',225),(2216,'Çanakkale',225),(2217,'Ankara',225),(2218,'Yalova',225),(2219,'Rize',225),(2220,'Samsun',225),(2221,'Bilecik',225),(2222,'Isparta',225),(2223,'Karabük',225),(2224,'Mardin',225),(2225,'??rnak',225),(2226,'Diyarbak?r',225),(2227,'Kahramanmara?',225),(2228,'Lisbon',177),(2229,'Bragança',177),(2230,'Beja',177),(2231,'Madeira',177),(2232,'Portalegre',177),(2233,'Açores',177),(2234,'Vila Real',177),(2235,'Aveiro',177),(2236,'Évora',177),(2237,'Viseu',177),(2238,'Santarém',177),(2239,'Faro',177),(2240,'Leiria',177),(2241,'Castelo Branco',177),(2242,'Setúbal',177),(2243,'Porto',177),(2244,'Braga',177),(2245,'Viana do Castelo',177),(2246,'Coimbra',177),(2247,'Zhejiang',45),(2248,'Fujian',45),(2249,'Shanghai',45),(2250,'Jiangsu',45),(2251,'Anhui',45),(2252,'Shandong',45),(2253,'Jilin',45),(2254,'Shanxi',45),(2255,'Taiwan',45),(2256,'Jiangxi',45),(2257,'Beijing',45),(2258,'Hunan',45),(2259,'Henan',45),(2260,'Yunnan',45),(2261,'Guizhou',45),(2262,'Ningxia Huizu',45),(2263,'Xinjiang',45),(2264,'Xizang',45),(2265,'Heilongjiang',45),(2266,'Macau SAR',45),(2267,'Hong Kong SAR',45),(2268,'Liaoning',45),(2269,'Inner Mongolia',45),(2270,'Qinghai',45),(2271,'Chongqing',45),(2272,'Shaanxi',45),(2273,'Hainan',45),(2274,'Hubei',45),(2275,'Gansu',45),(2276,'Tianjin',45),(2277,'Sichuan',45),(2278,'Guangxi Zhuang',45),(2279,'Guangdong',45),(2280,'Hebei',45),(2281,'South',121),(2282,'Mount Lebanon',121),(2283,'Baalbek-Hermel',121),(2284,'North',121),(2285,'Akkar',121),(2286,'Beirut',121),(2287,'Beqaa',121),(2288,'Nabatieh',121),(2289,'Isle of Wight',232),(2290,'St Helens',232),(2291,'London Borough of Brent',232),(2292,'Walsall',232),(2293,'Trafford',232),(2294,'City of Southampton',232),(2295,'Sheffield',232),(2296,'West Sussex',232),(2297,'City of Peterborough',232),(2298,'Caerphilly County Borough',232),(2299,'Vale of Glamorgan',232),(2300,'Shetland Islands',232),(2301,'Rhondda Cynon Taf',232),(2302,'Poole',232),(2303,'Central Bedfordshire',232),(2304,'Down District Council',232),(2305,'City of Portsmouth',232),(2306,'London Borough of Haringey',232),(2307,'London Borough of Bexley',232),(2308,'Rotherham',232),(2309,'Hartlepool',232),(2310,'Telford and Wrekin',232),(2311,'Belfast district',232),(2312,'Cornwall',232),(2313,'London Borough of Sutton',232),(2314,'Omagh District Council',232),(2315,'Banbridge',232),(2316,'Causeway Coast and Glens',232),(2317,'Newtownabbey Borough Council',232),(2318,'City of Leicester',232),(2319,'London Borough of Islington',232),(2320,'Metropolitan Borough of Wigan',232),(2321,'Oxfordshire',232),(2322,'Magherafelt District Council',232),(2323,'Southend-on-Sea',232),(2324,'Armagh, Banbridge and Craigavon',232),(2325,'Perth and Kinross',232),(2326,'London Borough of Waltham Forest',232),(2327,'Rochdale',232),(2328,'Merthyr Tydfil County Borough',232),(2329,'Blackburn with Darwen',232),(2330,'Knowsley',232),(2331,'Armagh City and District Council',232),(2332,'Middlesbrough',232),(2333,'East Renfrewshire',232),(2334,'Cumbria',232),(2335,'Scotland',232),(2336,'England',232),(2337,'Northern Ireland',232),(2338,'Wales',232),(2339,'Bath and North East Somerset',232),(2340,'Liverpool',232),(2341,'Sandwell',232),(2342,'Bournemouth',232),(2343,'Isles of Scilly',232),(2344,'Falkirk',232),(2345,'Dorset',232),(2346,'Scottish Borders',232),(2347,'London Borough of Havering',232),(2348,'Moyle District Council',232),(2349,'London Borough of Camden',232),(2350,'Newry and Mourne District Council',232),(2351,'Neath Port Talbot County Borough',232),(2352,'Conwy County Borough',232),(2353,'Outer Hebrides',232),(2354,'West Lothian',232),(2355,'Lincolnshire',232),(2356,'London Borough of Barking and Dagenham',232),(2357,'City of Westminster',232),(2358,'London Borough of Lewisham',232),(2359,'City of Nottingham',232),(2360,'Moray',232),(2361,'Ballymoney',232),(2362,'South Lanarkshire',232),(2363,'Ballymena Borough',232),(2364,'Doncaster',232),(2365,'Northumberland',232),(2366,'Fermanagh and Omagh',232),(2367,'Tameside',232),(2368,'Royal Borough of Kensington and Chelsea',232),(2369,'Hertfordshire',232),(2370,'East Riding of Yorkshire',232),(2371,'Kirklees',232),(2372,'City of Sunderland',232),(2373,'Gloucestershire',232),(2374,'East Ayrshire',232),(2375,'United Kingdom',232),(2376,'London Borough of Hillingdon',232),(2377,'South Ayrshire',232),(2378,'Ascension Island',232),(2379,'Gwynedd',232),(2380,'London Borough of Hounslow',232),(2381,'Medway',232),(2382,'Limavady Borough Council',232),(2383,'Highland',232),(2384,'North East Lincolnshire',232),(2385,'London Borough of Harrow',232),(2386,'Somerset',232),(2387,'Angus',232),(2388,'Inverclyde',232),(2389,'Darlington',232),(2390,'London Borough of Tower Hamlets',232),(2391,'Wiltshire',232),(2392,'Argyll and Bute',232),(2393,'Strabane District Council',232),(2394,'Stockport',232),(2395,'Brighton and Hove',232),(2396,'London Borough of Lambeth',232),(2397,'London Borough of Redbridge',232),(2398,'Manchester',232),(2399,'Mid Ulster',232),(2400,'South Gloucestershire',232),(2401,'Aberdeenshire',232),(2402,'Monmouthshire',232),(2403,'Derbyshire',232),(2404,'Glasgow',232),(2405,'Buckinghamshire',232),(2406,'County Durham',232),(2407,'Shropshire',232),(2408,'Wirral',232),(2409,'South Tyneside',232),(2410,'Essex',232),(2411,'London Borough of Hackney',232),(2412,'Antrim and Newtownabbey',232),(2413,'City of Bristol',232),(2414,'East Sussex',232),(2415,'Dumfries and Galloway',232),(2416,'Milton Keynes',232),(2417,'Derry City Council',232),(2418,'London Borough of Newham',232),(2419,'Wokingham',232),(2420,'Warrington',232),(2421,'Stockton-on-Tees',232),(2422,'Swindon',232),(2423,'Cambridgeshire',232),(2424,'City of London',232),(2425,'Birmingham',232),(2426,'City of York',232),(2427,'Slough',232),(2428,'Edinburgh',232),(2429,'Mid and East Antrim',232),(2430,'North Somerset',232),(2431,'Gateshead',232),(2432,'London Borough of Southwark',232),(2433,'City and County of Swansea',232),(2434,'London Borough of Wandsworth',232),(2435,'Hampshire',232),(2436,'Wrexham County Borough',232),(2437,'Flintshire',232),(2438,'Coventry',232),(2439,'Carrickfergus Borough Council',232),(2440,'West Dunbartonshire',232),(2441,'Powys',232),(2442,'Cheshire West and Chester',232),(2443,'Renfrewshire',232),(2444,'Cheshire East',232),(2445,'Cookstown District Council',232),(2446,'Derry City and Strabane',232),(2447,'Staffordshire',232),(2448,'London Borough of Hammersmith and Fulham',232),(2449,'Craigavon Borough Council',232),(2450,'Clackmannanshire',232),(2451,'Blackpool',232),(2452,'Bridgend County Borough',232),(2453,'North Lincolnshire',232),(2454,'East Dunbartonshire',232),(2455,'Reading',232),(2456,'Nottinghamshire',232),(2457,'Dudley',232),(2458,'Newcastle upon Tyne',232),(2459,'Bury',232),(2460,'Lisburn and Castlereagh',232),(2461,'Coleraine Borough Council',232),(2462,'East Lothian',232),(2463,'Aberdeen',232),(2464,'Kent',232),(2465,'Wakefield',232),(2466,'Halton',232),(2467,'Suffolk',232),(2468,'Thurrock',232),(2469,'Solihull',232),(2470,'Bracknell Forest',232),(2471,'West Berkshire',232),(2472,'Rutland',232),(2473,'Norfolk',232),(2474,'Orkney Islands',232),(2475,'City of Kingston upon Hull',232),(2476,'London Borough of Enfield',232),(2477,'Oldham',232),(2478,'Torbay',232),(2479,'Fife',232),(2480,'Northamptonshire',232),(2481,'Royal Borough of Kingston upon Thames',232),(2482,'Windsor and Maidenhead',232),(2483,'London Borough of Merton',232),(2484,'Carmarthenshire',232),(2485,'City of Derby',232),(2486,'Pembrokeshire',232),(2487,'North Lanarkshire',232),(2488,'Stirling',232),(2489,'City of Wolverhampton',232),(2490,'London Borough of Bromley',232),(2491,'Devon',232),(2492,'Royal Borough of Greenwich',232),(2493,'Salford',232),(2494,'Lisburn City Council',232),(2495,'Lancashire',232),(2496,'Torfaen',232),(2497,'Denbighshire',232),(2498,'Ards',232),(2499,'Barnsley',232),(2500,'Herefordshire',232),(2501,'London Borough of Richmond upon Thames',232),(2502,'Saint Helena',232),(2503,'Leeds',232),(2504,'Bolton',232),(2505,'Warwickshire',232),(2506,'City of Stoke-on-Trent',232),(2507,'Bedford',232),(2508,'Dungannon and South Tyrone Borough Council',232),(2509,'Ceredigion',232),(2510,'Worcestershire',232),(2511,'Dundee',232),(2512,'London Borough of Croydon',232),(2513,'North Down Borough Council',232),(2514,'City of Plymouth',232),(2515,'Larne Borough Council',232),(2516,'Leicestershire',232),(2517,'Calderdale',232),(2518,'Sefton',232),(2519,'Midlothian',232),(2520,'London Borough of Barnet',232),(2521,'North Tyneside',232),(2522,'North Yorkshire',232),(2523,'Ards and North Down',232),(2524,'Newport',232),(2525,'Castlereagh',232),(2526,'Surrey',232),(2527,'Redcar and Cleveland',232),(2528,'City and County of Cardiff',232),(2529,'Bradford',232),(2530,'Blaenau Gwent County Borough',232),(2531,'Fermanagh District Council',232),(2532,'London Borough of Ealing',232),(2533,'Antrim',232),(2534,'Newry, Mourne and Down',232),(2535,'North Ayrshire',232),(2536,'Tashkent',236),(2537,'Namangan Region',236),(2538,'Fergana Region',236),(2539,'Xorazm Region',236),(2540,'Andijan Region',236),(2541,'Bukhara Region',236),(2542,'Navoiy Region',236),(2543,'Qashqadaryo Region',236),(2544,'Samarqand Region',236),(2545,'Jizzakh Region',236),(2546,'Surxondaryo Region',236),(2547,'Sirdaryo Region',236),(2548,'Karakalpakstan',236),(2549,'Tashkent Region',236),(2550,'Ariana',224),(2551,'Bizerte',224),(2552,'Jendouba',224),(2553,'Monastir',224),(2554,'Tunis',224),(2555,'Manouba',224),(2556,'Gafsa',224),(2557,'Sfax',224),(2558,'Gabès',224),(2559,'Tataouine',224),(2560,'Medenine',224),(2561,'Kef',224),(2562,'Kebili',224),(2563,'Siliana',224),(2564,'Kairouan',224),(2565,'Zaghouan',224),(2566,'Ben Arous',224),(2567,'Sidi Bouzid',224),(2568,'Mahdia',224),(2569,'Tozeur',224),(2570,'Kasserine',224),(2571,'Sousse',224),(2572,'Kassrine',224),(2573,'Ratak Chain',137),(2574,'Ralik Chain',137),(2575,'Centrale Region',220),(2576,'Maritime',220),(2577,'Plateaux Region',220),(2578,'Savanes Region',220),(2579,'Kara Region',220),(2580,'Chuuk State',143),(2581,'Pohnpei State',143),(2582,'Yap State',143),(2583,'Kosrae State',143),(2584,'Vaavu Atoll',133),(2585,'Shaviyani Atoll',133),(2586,'Haa Alif Atoll',133),(2587,'Alif Alif Atoll',133),(2588,'North Province',133),(2589,'North Central Province',133),(2590,'Dhaalu Atoll',133),(2591,'Thaa Atoll',133),(2592,'Noonu Atoll',133),(2593,'Upper South Province',133),(2594,'Addu Atoll',133),(2595,'Gnaviyani Atoll',133),(2596,'Kaafu Atoll',133),(2597,'Haa Dhaalu Atoll',133),(2598,'Gaafu Alif Atoll',133),(2599,'Faafu Atoll',133),(2600,'Alif Dhaal Atoll',133),(2601,'Laamu Atoll',133),(2602,'Raa Atoll',133),(2603,'Gaafu Dhaalu Atoll',133),(2604,'Central Province',133),(2605,'South Province',133),(2606,'South Central Province',133),(2607,'Lhaviyani Atoll',133),(2608,'Meemu Atoll',133),(2609,'Malé',133),(2610,'Utrecht',156),(2611,'Gelderland',156),(2612,'North Holland',156),(2613,'Drenthe',156),(2614,'South Holland',156),(2615,'Limburg',156),(2616,'Sint Eustatius',156),(2617,'Groningen',156),(2618,'Overijssel',156),(2619,'Flevoland',156),(2620,'Zeeland',156),(2621,'Saba',156),(2622,'Friesland',156),(2623,'North Brabant',156),(2624,'Bonaire',156),(2625,'Savanes Region',54),(2626,'Agnéby',54),(2627,'Lagunes District',54),(2628,'Sud-Bandama',54),(2629,'Montagnes District',54),(2630,'Moyen-Comoé',54),(2631,'Marahoué Region',54),(2632,'Lacs District',54),(2633,'Fromager',54),(2634,'Abidjan',54),(2635,'Bas-Sassandra Region',54),(2636,'Bafing Region',54),(2637,'Vallée du Bandama District',54),(2638,'Haut-Sassandra',54),(2639,'Lagunes region',54),(2640,'Lacs Region',54),(2641,'Zanzan Region',54),(2642,'Denguélé Region',54),(2643,'Bas-Sassandra District',54),(2644,'Denguélé District',54),(2645,'Dix-Huit Montagnes',54),(2646,'Moyen-Cavally',54),(2647,'Vallée du Bandama Region',54),(2648,'Sassandra-Marahoué District',54),(2649,'Worodougou',54),(2650,'Woroba District',54),(2651,'Gôh-Djiboua District',54),(2652,'Sud-Comoé',54),(2653,'Yamoussoukro',54),(2654,'Comoé District',54),(2655,'Nzi-Comoé',54),(2656,'Far North',38),(2657,'Northwest',38),(2658,'Southwest',38),(2659,'South',38),(2660,'Centre',38),(2661,'East',38),(2662,'Littoral',38),(2663,'Adamawa',38),(2664,'West',38),(2665,'North',38),(2666,'Banjul',80),(2667,'West Coast Division',80),(2668,'Upper River Division',80),(2669,'Central River Division',80),(2670,'Lower River Division',80),(2671,'North Bank Division',80),(2672,'Beyla Prefecture',92),(2673,'Mandiana Prefecture',92),(2674,'Yomou Prefecture',92),(2675,'Fria Prefecture',92),(2676,'Boké Region',92),(2677,'Labé Region',92),(2678,'Nzérékoré Prefecture',92),(2679,'Dabola Prefecture',92),(2680,'Labé Prefecture',92),(2681,'Dubréka Prefecture',92),(2682,'Faranah Prefecture',92),(2683,'Forécariah Prefecture',92),(2684,'Nzérékoré Region',92),(2685,'Gaoual Prefecture',92),(2686,'Conakry',92),(2687,'Télimélé Prefecture',92),(2688,'Dinguiraye Prefecture',92),(2689,'Mamou Prefecture',92),(2690,'Lélouma Prefecture',92),(2691,'Kissidougou Prefecture',92),(2692,'Koubia Prefecture',92),(2693,'Kindia Prefecture',92),(2694,'Pita Prefecture',92),(2695,'Kouroussa Prefecture',92),(2696,'Tougué Prefecture',92),(2697,'Kankan Region',92),(2698,'Mamou Region',92),(2699,'Boffa Prefecture',92),(2700,'Mali Prefecture',92),(2701,'Kindia Region',92),(2702,'Macenta Prefecture',92),(2703,'Koundara Prefecture',92),(2704,'Kankan Prefecture',92),(2705,'Coyah Prefecture',92),(2706,'Dalaba Prefecture',92),(2707,'Siguiri Prefecture',92),(2708,'Lola Prefecture',92),(2709,'Boké Prefecture',92),(2710,'Kérouané Prefecture',92),(2711,'Guéckédou Prefecture',92),(2712,'Tombali Region',93),(2713,'Cacheu Region',93),(2714,'Biombo Region',93),(2715,'Quinara Region',93),(2716,'Sul Province',93),(2717,'Norte Province',93),(2718,'Oio Region',93),(2719,'Gabú Region',93),(2720,'Bafatá',93),(2721,'Leste Province',93),(2722,'Bolama Region',93),(2723,'Woleu-Ntem Province',79),(2724,'Ogooué-Ivindo Province',79),(2725,'Nyanga Province',79),(2726,'Haut-Ogooué Province',79),(2727,'Estuaire Province',79),(2728,'Ogooué-Maritime Province',79),(2729,'Ogooué-Lolo Province',79),(2730,'Moyen-Ogooué Province',79),(2731,'Ngounié Province',79),(2732,'Tshuapa',51),(2733,'Tanganyika',51),(2734,'Haut-Uélé',51),(2735,'Kasaï Oriental',51),(2738,'Sud-Kivu',51),(2739,'Nord-Ubangi',51),(2740,'Kwango',51),(2741,'Kinshasa',51),(2742,'Kasaï Central',51),(2743,'Sankuru',51),(2744,'Équateur',51),(2745,'Maniema',51),(2746,'Kongo Central',51),(2747,'Lomami',51),(2748,'Sud-Ubangi',51),(2749,'Nord-Kivu',51),(2750,'Haut-Katanga',51),(2751,'Ituri',51),(2752,'Mongala',51),(2753,'Bas-Uélé',51),(2755,'Mai-Ndombe',51),(2756,'Tshopo',51),(2757,'Kasaï',51),(2758,'Haut-Lomami',51),(2759,'Kwilu',51),(2760,'Cuyuni-Mazaruni',94),(2761,'Potaro-Siparuni',94),(2762,'Mahaica-Berbice',94),(2763,'Upper Demerara-Berbice',94),(2764,'Barima-Waini',94),(2765,'Pomeroon-Supenaam',94),(2766,'East Berbice-Corentyne',94),(2767,'Demerara-Mahaica',94),(2768,'Essequibo Islands-West Demerara',94),(2769,'Upper Takutu-Upper Essequibo',94),(2770,'Presidente Hayes Department',172),(2771,'Canindeyú',172),(2772,'Guairá Department',172),(2773,'Caaguazú',172),(2774,'Paraguarí Department',172),(2775,'Caazapá',172),(2776,'San Pedro Department',172),(2777,'Central Department',172),(2778,'Itapúa',172),(2779,'Concepción Department',172),(2780,'Boquerón Department',172),(2781,'Ñeembucú Department',172),(2782,'Amambay Department',172),(2783,'Cordillera Department',172),(2784,'Alto Paraná Department',172),(2785,'Alto Paraguay Department',172),(2786,'Misiones Department',172),(2787,'Jaffna District',208),(2788,'Kandy District',208),(2789,'Kalutara District',208),(2790,'Badulla District',208),(2791,'Hambantota District',208),(2792,'Galle District',208),(2793,'Kilinochchi District',208),(2794,'Nuwara Eliya District',208),(2795,'Trincomalee District',208),(2796,'Puttalam District',208),(2797,'Kegalle District',208),(2798,'Central Province',208),(2799,'Ampara District',208),(2800,'North Central Province',208),(2801,'Southern Province',208),(2802,'Western Province',208),(2803,'Sabaragamuwa Province',208),(2804,'Gampaha District',208),(2805,'Mannar District',208),(2806,'Matara District',208),(2807,'Ratnapura district',208),(2808,'Eastern Province',208),(2809,'Vavuniya District',208),(2810,'Matale District',208),(2811,'Uva Province',208),(2812,'Polonnaruwa District',208),(2813,'Northern Province',208),(2814,'Mullaitivu District',208),(2815,'Colombo District',208),(2816,'Anuradhapura District',208),(2817,'North Western Province',208),(2818,'Batticaloa District',208),(2819,'Monaragala District',208),(2820,'Mohéli',49),(2821,'Anjouan',49),(2822,'Grande Comore',49),(2823,'Atacama',44),(2824,'Región Metropolitana de Santiago',44),(2825,'Coquimbo',44),(2826,'La Araucanía',44),(2827,'Biobío',44),(2828,'Aisén del General Carlos Ibañez del Campo',44),(2829,'Arica y Parinacota',44),(2830,'Valparaíso',44),(2831,'Ñuble',44),(2832,'Antofagasta',44),(2833,'Maule',44),(2834,'Los Ríos',44),(2835,'Los Lagos',44),(2836,'Magallanes y de la Antártica Chilena',44),(2837,'Tarapacá',44),(2838,'Libertador General Bernardo OHiggins',44),(2839,'Commewijne District',210),(2840,'Nickerie District',210),(2841,'Para District',210),(2842,'Coronie District',210),(2843,'Paramaribo District',210),(2844,'Wanica District',210),(2845,'Marowijne District',210),(2846,'Brokopondo District',210),(2847,'Sipaliwini District',210),(2848,'Saramacca District',210),(2849,'Riyadh',194),(2850,'Makkah',194),(2851,'Al Madinah',194),(2852,'Tabuk',194),(2853,'Asir',194),(2854,'Northern Borders',194),(2855,'Hail',194),(2856,'Eastern Province',194),(2857,'Al Jawf',194),(2858,'Jizan',194),(2859,'Al Bahah',194),(2860,'Najran',194),(2861,'Al-Qassim',194),(2862,'Plateaux Department',50),(2863,'Pointe-Noire',50),(2864,'Cuvette Department',50),(2865,'Likouala Department',50),(2866,'Bouenza Department',50),(2867,'Kouilou Department',50),(2868,'Lékoumou Department',50),(2869,'Cuvette-Ouest Department',50),(2870,'Brazzaville',50),(2871,'Sangha Department',50),(2872,'Niari Department',50),(2873,'Pool Department',50),(2874,'Quindío',48),(2875,'Cundinamarca',48),(2876,'Chocó',48),(2877,'Norte de Santander',48),(2878,'Meta',48),(2879,'Risaralda',48),(2880,'Atlántico',48),(2881,'Arauca',48),(2882,'Guainía',48),(2883,'Tolima',48),(2884,'Cauca',48),(2885,'Vaupés',48),(2886,'Magdalena',48),(2887,'Caldas',48),(2888,'Guaviare',48),(2889,'La Guajira',48),(2890,'Antioquia',48),(2891,'Caquetá',48),(2892,'Casanare',48),(2893,'Bolívar',48),(2894,'Vichada',48),(2895,'Amazonas',48),(2896,'Putumayo',48),(2897,'Nariño',48),(2898,'Córdoba',48),(2899,'Cesar',48),(2900,'Archipiélago de San Andrés, Providencia y Santa Catalina',48),(2901,'Santander',48),(2902,'Sucre',48),(2903,'Boyacá',48),(2904,'Valle del Cauca',48),(2905,'Galápagos',64),(2906,'Sucumbíos',64),(2907,'Pastaza',64),(2908,'Tungurahua',64),(2909,'Zamora Chinchipe',64),(2910,'Los Ríos',64),(2911,'Imbabura',64),(2912,'Santa Elena',64),(2913,'Manabí',64),(2914,'Guayas',64),(2915,'Carchi',64),(2916,'Napo',64),(2917,'Cañar',64),(2918,'Morona-Santiago',64),(2919,'Santo Domingo de los Tsáchilas',64),(2920,'Bolívar',64),(2921,'Cotopaxi',64),(2922,'Esmeraldas',64),(2923,'Azuay',64),(2924,'El Oro',64),(2925,'Chimborazo',64),(2926,'Orellana',64),(2927,'Pichincha',64),(2928,'Obock Region',60),(2929,'Djibouti',60),(2930,'Dikhil Region',60),(2931,'Tadjourah Region',60),(2932,'Arta Region',60),(2933,'Ali Sabieh Region',60),(2934,'Hama',215),(2935,'Rif Dimashq',215),(2936,'As-Suwayda',215),(2937,'Deir ez-Zor',215),(2938,'Latakia',215),(2939,'Damascus',215),(2940,'Idlib',215),(2941,'Al-Hasakah',215),(2942,'Homs',215),(2943,'Quneitra',215),(2944,'Al-Raqqah',215),(2945,'Daraa',215),(2946,'Aleppo',215),(2947,'Tartus',215),(2948,'Fianarantsoa Province',130),(2949,'Toliara Province',130),(2950,'Antsiranana Province',130),(2951,'Antananarivo Province',130),(2952,'Toamasina Province',130),(2953,'Mahajanga Province',130),(2954,'Mogilev Region',21),(2955,'Gomel Region',21),(2956,'Grodno Region',21),(2957,'Minsk Region',21),(2958,'Minsk',21),(2959,'Brest Region',21),(2960,'Vitebsk Region',21),(2961,'Murqub',124),(2962,'Nuqat al Khams',124),(2963,'Zawiya District',124),(2964,'Al Wahat District',124),(2965,'Sabha District',124),(2966,'Derna District',124),(2967,'Murzuq District',124),(2968,'Marj District',124),(2969,'Ghat District',124),(2970,'Jufra',124),(2971,'Tripoli District',124),(2972,'Kufra District',124),(2973,'Wadi al Hayaa District',124),(2974,'Jabal al Gharbi District',124),(2975,'Wadi al Shatii District',124),(2976,'Nalut District',124),(2977,'Sirte District',124),(2978,'Misrata District',124),(2979,'Jafara',124),(2980,'Jabal al Akhdar',124),(2981,'Benghazi',124),(2982,'Ribeira Brava Municipality',40),(2983,'Tarrafal',40),(2984,'Ribeira Grande de Santiago',40),(2985,'Santa Catarina',40),(2986,'São Domingos',40),(2987,'Mosteiros',40),(2988,'Praia',40),(2989,'Porto Novo',40),(2990,'São Miguel',40),(2991,'Maio Municipality',40),(2992,'Sotavento Islands',40),(2993,'São Lourenço dos Órgãos',40),(2994,'Barlavento Islands',40),(2995,'Santa Catarina do Fogo',40),(2996,'Brava',40),(2997,'Paul',40),(2998,'Sal',40),(2999,'Boa Vista',40),(3000,'São Filipe',40),(3001,'São Vicente',40),(3002,'Ribeira Grande',40),(3003,'Tarrafal de São Nicolau',40),(3004,'Santa Cruz',40),(3005,'Schleswig-Holstein',82),(3006,'Baden-Württemberg',82),(3007,'Mecklenburg-Vorpommern',82),(3008,'Lower Saxony',82),(3009,'Bavaria',82),(3010,'Berlin',82),(3011,'Saxony-Anhalt',82),(3013,'Brandenburg',82),(3014,'Bremen',82),(3015,'Thuringia',82),(3016,'Hamburg',82),(3017,'North Rhine-Westphalia',82),(3018,'Hesse',82),(3019,'Rhineland-Palatinate',82),(3020,'Saarland',82),(3021,'Saxony',82),(3022,'Mafeteng District',122),(3023,'Mohales Hoek District',122),(3024,'Mokhotlong District',122),(3025,'Qachas Nek District',122),(3026,'Leribe District',122),(3027,'Quthing District',122),(3028,'Maseru District',122),(3029,'Butha-Buthe District',122),(3030,'Berea District',122),(3031,'Thaba-Tseka District',122),(3032,'Montserrado County',123),(3033,'River Cess County',123),(3034,'Bong County',123),(3035,'Sinoe County',123),(3036,'Grand Cape Mount County',123),(3037,'Lofa County',123),(3038,'River Gee County',123),(3039,'Grand Gedeh County',123),(3040,'Grand Bassa County',123),(3041,'Bomi County',123),(3042,'Maryland County',123),(3043,'Margibi County',123),(3044,'Gbarpolu County',123),(3045,'Grand Kru County',123),(3046,'Nimba',123),(3047,'Ad Dhahirah',166),(3048,'Al Batinah North',166),(3049,'Al Batinah South',166),(3050,'Al Batinah Region',166),(3051,'Ash Sharqiyah Region',166),(3052,'Musandam',166),(3053,'Ash Sharqiyah North',166),(3054,'Ash Sharqiyah South',166),(3055,'Muscat',166),(3056,'Al Wusta',166),(3057,'Dhofar',166),(3058,'Ad Dakhiliyah',166),(3059,'Al Buraimi',166),(3060,'Ngamiland',29),(3061,'Ghanzi District',29),(3062,'Kgatleng District',29),(3063,'Southern District',29),(3064,'South-East District',29),(3065,'North-West District',29),(3066,'Kgalagadi District',29),(3067,'Central District',29),(3068,'North-East District',29),(3069,'Kweneng District',29),(3070,'Collines Department',24),(3071,'Kouffo Department',24),(3072,'Donga Department',24),(3073,'Zou Department',24),(3074,'Plateau Department',24),(3075,'Mono Department',24),(3076,'Atakora Department',24),(3077,'Alibori Department',24),(3078,'Borgou Department',24),(3079,'Atlantique Department',24),(3080,'Ouémé Department',24),(3081,'Littoral Department',24),(3082,'Machinga District',131),(3083,'Zomba District',131),(3084,'Mwanza District',131),(3085,'Nsanje District',131),(3086,'Salima District',131),(3087,'Chitipa district',131),(3088,'Ntcheu District',131),(3089,'Rumphi District',131),(3090,'Dowa District',131),(3091,'Karonga District',131),(3092,'Central Region',131),(3093,'Likoma District',131),(3094,'Kasungu District',131),(3095,'Nkhata Bay District',131),(3096,'Balaka District',131),(3097,'Dedza District',131),(3098,'Thyolo District',131),(3099,'Mchinji District',131),(3100,'Nkhotakota District',131),(3101,'Lilongwe District',131),(3102,'Blantyre District',131),(3103,'Mulanje District',131),(3104,'Mzimba District',131),(3105,'Northern Region',131),(3106,'Southern Region',131),(3107,'Chikwawa District',131),(3108,'Phalombe District',131),(3109,'Chiradzulu District',131),(3110,'Mangochi District',131),(3111,'Ntchisi District',131),(3112,'Kénédougou Province',35),(3113,'Namentenga Province',35),(3114,'Sahel Region',35),(3115,'Centre-Ouest Region',35),(3116,'Nahouri Province',35),(3117,'Passoré Province',35),(3118,'Zoundwéogo Province',35),(3119,'Sissili Province',35),(3120,'Banwa Province',35),(3121,'Bougouriba Province',35),(3122,'Gnagna Province',35),(3123,'Mouhoun',35),(3124,'Yagha Province',35),(3125,'Plateau-Central Region',35),(3126,'Sanmatenga Province',35),(3127,'Centre-Nord Region',35),(3128,'Tapoa Province',35),(3129,'Houet Province',35),(3130,'Zondoma Province',35),(3131,'Boulgou',35),(3132,'Komondjari Province',35),(3133,'Koulpélogo Province',35),(3134,'Tuy Province',35),(3135,'Ioba Province',35),(3136,'Centre',35),(3137,'Sourou Province',35),(3138,'Boucle du Mouhoun Region',35),(3139,'Séno Province',35),(3140,'Sud-Ouest Region',35),(3141,'Oubritenga Province',35),(3142,'Nayala Province',35),(3143,'Gourma Province',35),(3144,'Oudalan Province',35),(3145,'Ziro Province',35),(3146,'Kossi Province',35),(3147,'Kourwéogo Province',35),(3148,'Ganzourgou Province',35),(3149,'Centre-Sud Region',35),(3150,'Yatenga Province',35),(3151,'Loroum Province',35),(3152,'Bazèga Province',35),(3153,'Cascades Region',35),(3154,'Sanguié Province',35),(3155,'Bam Province',35),(3156,'Noumbiel Province',35),(3157,'Kompienga Province',35),(3158,'Est Region',35),(3159,'Léraba Province',35),(3160,'Balé Province',35),(3161,'Kouritenga Province',35),(3162,'Centre-Est Region',35),(3163,'Poni Province',35),(3164,'Nord Region, Burkina Faso',35),(3165,'Hauts-Bassins Region',35),(3166,'Soum Province',35),(3167,'Comoé Province',35),(3168,'Kadiogo Province',35),(3169,'Islamabad Capital Territory',167),(3170,'Gilgit-Baltistan',167),(3171,'Khyber Pakhtunkhwa',167),(3172,'Azad Kashmir',167),(3173,'Federally Administered Tribal Areas',167),(3174,'Balochistan',167),(3175,'Sindh',167),(3176,'Punjab',167),(3177,'Al Rayyan Municipality',179),(3178,'Al-Shahaniya',179),(3179,'Al Wakrah',179),(3180,'Madinat ash Shamal',179),(3181,'Doha',179),(3182,'Al Daayen',179),(3183,'Al Khor',179),(3184,'Umm Salal Municipality',179),(3185,'Rumonge Province',36),(3186,'Muyinga Province',36),(3187,'Mwaro Province',36),(3188,'Makamba Province',36),(3189,'Rutana Province',36),(3190,'Cibitoke Province',36),(3191,'Ruyigi Province',36),(3192,'Kayanza Province',36),(3193,'Muramvya Province',36),(3194,'Karuzi Province',36),(3195,'Kirundo Province',36),(3196,'Bubanza Province',36),(3197,'Gitega Province',36),(3198,'Bujumbura Mairie Province',36),(3199,'Ngozi Province',36),(3200,'Bujumbura Rural Province',36),(3201,'Cankuzo Province',36),(3202,'Bururi Province',36),(3203,'Flores Department',235),(3204,'San José Department',235),(3205,'Artigas Department',235),(3206,'Maldonado Department',235),(3207,'Rivera Department',235),(3208,'Colonia Department',235),(3209,'Durazno Department',235),(3210,'Río Negro Department',235),(3211,'Cerro Largo Department',235),(3212,'Paysandú Department',235),(3213,'Canelones Department',235),(3214,'Treinta y Tres Department',235),(3215,'Lavalleja Department',235),(3216,'Rocha Department',235),(3217,'Florida Department',235),(3218,'Montevideo Department',235),(3219,'Soriano Department',235),(3220,'Salto Department',235),(3221,'Tacuarembó Department',235),(3222,'Kafr el-Sheikh',65),(3223,'Cairo',65),(3224,'Damietta',65),(3225,'Aswan',65),(3226,'Sohag',65),(3227,'North Sinai',65),(3228,'Monufia',65),(3229,'Port Said',65),(3230,'Beni Suef',65),(3231,'Matrouh',65),(3232,'Qalyubia',65),(3233,'Suez',65),(3234,'Gharbia',65),(3235,'Alexandria',65),(3236,'Asyut',65),(3237,'South Sinai',65),(3238,'Faiyum',65),(3239,'Giza',65),(3240,'Red Sea',65),(3241,'Beheira',65),(3242,'Luxor',65),(3243,'Minya',65),(3244,'Ismailia',65),(3245,'Dakahlia',65),(3246,'New Valley',65),(3247,'Qena',65),(3248,'Agaléga',140),(3249,'Rodrigues',140),(3250,'Pamplemousses District',140),(3251,'Cargados Carajos',140),(3252,'Vacoas-Phoenix',140),(3253,'Moka District',140),(3254,'Flacq District',140),(3255,'Curepipe',140),(3256,'Port Louis',140),(3257,'Savanne District',140),(3258,'Quatre Bornes',140),(3259,'Rivière Noire District',140),(3260,'Port Louis District',140),(3261,'Rivière du Rempart District',140),(3262,'Beau Bassin-Rose Hill',140),(3263,'Plaines Wilhems District',140),(3264,'Grand Port District',140),(3265,'Guelmim',149),(3266,'Aousserd (EH)',149),(3267,'Al Hoceïma',149),(3268,'Larache',149),(3269,'Ouarzazate',149),(3270,'Boulemane',149),(3271,'LOriental',149),(3272,'Béni Mellal',149),(3274,'Chichaoua',149),(3275,'Boujdour (EH)',149),(3276,'Khémisset',149),(3277,'Tiznit',149),(3278,'Béni Mellal-Khénifra',149),(3279,'Sidi Kacem',149),(3280,'El Jadida',149),(3281,'Nador',149),(3282,'Settat',149),(3283,'Zagora',149),(3284,'Médiouna',149),(3285,'Berkane',149),(3286,'Tan-Tan (EH-partial)',149),(3287,'Nouaceur',149),(3288,'Marrakesh-Safi',149),(3289,'Sefrou',149),(3290,'Drâa-Tafilalet',149),(3291,'El Hajeb',149),(3292,'Es-Semara (EH-partial)',149),(3293,'Laâyoune (EH)',149),(3294,'Inezgane-Ait Melloul',149),(3295,'Souss-Massa',149),(3296,'Taza',149),(3297,'Assa-Zag (EH-partial)',149),(3298,'Laâyoune-Sakia El Hamra (EH-partial)',149),(3299,'Errachidia',149),(3300,'Fahs-Anjra',149),(3301,'Figuig',149),(3302,'Chtouka-Ait Baha',149),(3303,'Casablanca-Settat',149),(3304,'Benslimane',149),(3305,'Guelmim-Oued Noun (EH-partial)',149),(3306,'Dakhla-Oued Ed-Dahab (EH)',149),(3307,'Jerada',149),(3308,'Kénitra',149),(3309,'El Kelâa des Sraghna',149),(3310,'Chefchaouen',149),(3311,'Safi',149),(3312,'Tata',149),(3313,'Fès-Meknès',149),(3314,'Taroudannt',149),(3315,'Moulay Yacoub',149),(3316,'Essaouira',149),(3317,'Khénifra',149),(3318,'Tétouan',149),(3319,'Oued Ed-Dahab (EH)',149),(3320,'Al Haouz',149),(3321,'Azilal',149),(3322,'Taourirt',149),(3323,'Taounate',149),(3324,'Tanger-Tétouan-Al Hoceïma',149),(3325,'Ifrane',149),(3326,'Khouribga',149),(3327,'Cabo Delgado Province',150),(3328,'Zambezia Province',150),(3329,'Gaza Province',150),(3330,'Inhambane Province',150),(3331,'Sofala Province',150),(3332,'Maputo Province',150),(3333,'Niassa Province',150),(3334,'Tete Province',150),(3335,'Maputo',150),(3336,'Nampula Province',150),(3337,'Manica Province',150),(3338,'Hodh Ech Chargui',139),(3339,'Brakna',139),(3340,'Tiris Zemmour',139),(3341,'Gorgol',139),(3342,'Inchiri',139),(3343,'Nouakchott-Nord',139),(3344,'Adrar',139),(3345,'Tagant',139),(3346,'Dakhlet Nouadhibou',139),(3347,'Nouakchott-Sud',139),(3348,'Trarza',139),(3349,'Assaba',139),(3350,'Guidimaka',139),(3351,'Hodh El Gharbi',139),(3352,'Nouakchott-Ouest',139),(3353,'Western Tobago',223),(3354,'Couva-Tabaquite-Talparo Regional Corporation',223),(3355,'Eastern Tobago',223),(3356,'Rio Claro-Mayaro Regional Corporation',223),(3357,'San Juan-Laventille Regional Corporation',223),(3358,'Tunapuna-Piarco Regional Corporation',223),(3359,'San Fernando',223),(3360,'Point Fortin',223),(3361,'Sangre Grande Regional Corporation',223),(3362,'Arima',223),(3363,'Port of Spain',223),(3364,'Siparia Regional Corporation',223),(3365,'Penal-Debe Regional Corporation',223),(3366,'Chaguanas',223),(3367,'Diego Martin Regional Corporation',223),(3368,'Princes Town Regional Corporation',223),(3369,'Mary Region',226),(3370,'Lebap Region',226),(3371,'Ashgabat',226),(3372,'Balkan Region',226),(3373,'Da?oguz Region',226),(3374,'Ahal Region',226),(3375,'Beni Department',27),(3376,'Oruro Department',27),(3377,'Santa Cruz Department',27),(3378,'Tarija Department',27),(3379,'Pando Department',27),(3380,'La Paz Department',27),(3381,'Cochabamba Department',27),(3382,'Chuquisaca Department',27),(3383,'Potosí Department',27),(3384,'Saint George Parish',188),(3385,'Saint Patrick Parish',188),(3386,'Saint Andrew Parish',188),(3387,'Saint David Parish',188),(3388,'Grenadines Parish',188),(3389,'Charlotte Parish',188),(3390,'Sharjah Emirate',231),(3391,'Dubai',231),(3392,'Umm al-Quwain',231),(3393,'Fujairah',231),(3394,'Ras al-Khaimah',231),(3395,'Ajman Emirate',231),(3396,'Abu Dhabi Emirate',231),(3397,'districts of Republican Subordination',217),(3398,'Khatlon Province',217),(3399,'Gorno-Badakhshan Autonomous Province',217),(3400,'Sughd Province',217),(3402,'Yilan',216),(3403,'Penghu',216),(3404,'Changhua',216),(3405,'Pingtung',216),(3406,'Taichung',216),(3407,'Nantou',216),(3408,'Chiayi',216),(3410,'Taitung',216),(3411,'Hualien',216),(3412,'Kaohsiung',216),(3413,'Miaoli',216),(3415,'Kinmen',216),(3416,'Yunlin',216),(3417,'Hsinchu',216),(3418,'Chiayi',216),(3419,'Taoyuan',216),(3420,'Lienchiang',216),(3421,'Tainan',216),(3422,'Taipei',216),(3423,'Hsinchu',216),(3424,'Northern Red Sea Region',68),(3425,'Anseba Region',68),(3426,'Maekel Region',68),(3427,'Debub Region',68),(3428,'Gash-Barka Region',68),(3429,'Southern Red Sea Region',68),(3430,'Southern Peninsula Region',100),(3431,'Capital Region',100),(3432,'Westfjords',100),(3433,'Eastern Region',100),(3434,'Southern Region',100),(3435,'Northwestern Region',100),(3436,'Western Region',100),(3437,'Northeastern Region',100),(3438,'Río Muni',67),(3439,'Kié-Ntem Province',67),(3440,'Wele-Nzas Province',67),(3441,'Litoral Province',67),(3442,'Insular Region',67),(3443,'Bioko Sur Province',67),(3444,'Annobón Province',67),(3445,'Centro Sur Province',67),(3446,'Bioko Norte Province',67),(3447,'Chihuahua',142),(3448,'Oaxaca',142),(3449,'Sinaloa',142),(3450,'Estado de México',142),(3451,'Chiapas',142),(3452,'Nuevo León',142),(3453,'Durango',142),(3454,'Tabasco',142),(3455,'Querétaro',142),(3456,'Aguascalientes',142),(3457,'Baja California',142),(3458,'Tlaxcala',142),(3459,'Guerrero',142),(3460,'Baja California Sur',142),(3461,'San Luis Potosí',142),(3462,'Zacatecas',142),(3463,'Tamaulipas',142),(3464,'Veracruz de Ignacio de la Llave',142),(3465,'Morelos',142),(3466,'Yucatán',142),(3467,'Quintana Roo',142),(3468,'Sonora',142),(3469,'Guanajuato',142),(3470,'Hidalgo',142),(3471,'Coahuila de Zaragoza',142),(3472,'Colima',142),(3473,'Ciudad de México',142),(3474,'Michoacán de Ocampo',142),(3475,'Campeche',142),(3476,'Puebla',142),(3477,'Nayarit',142),(3478,'Krabi',219),(3479,'Ranong',219),(3480,'Nong Bua Lam Phu',219),(3481,'Samut Prakan',219),(3482,'Surat Thani',219),(3483,'Lamphun',219),(3484,'Nong Khai',219),(3485,'Khon Kaen',219),(3486,'Chanthaburi',219),(3487,'Saraburi',219),(3488,'Phatthalung',219),(3489,'Uttaradit',219),(3490,'Sing Buri',219),(3491,'Chiang Mai',219),(3492,'Nakhon Sawan',219),(3493,'Yala',219),(3494,'Phra Nakhon Si Ayutthaya',219),(3495,'Nonthaburi',219),(3496,'Trat',219),(3497,'Nakhon Ratchasima',219),(3498,'Chiang Rai',219),(3499,'Ratchaburi',219),(3500,'Pathum Thani',219),(3501,'Sakon Nakhon',219),(3502,'Samut Songkhram',219),(3503,'Nakhon Pathom',219),(3504,'Samut Sakhon',219),(3505,'Mae Hong Son',219),(3506,'Phitsanulok',219),(3507,'Pattaya',219),(3508,'Prachuap Khiri Khan',219),(3509,'Loei',219),(3510,'Roi Et',219),(3511,'Kanchanaburi',219),(3512,'Ubon Ratchathani',219),(3513,'Chon Buri',219),(3514,'Phichit',219),(3515,'Phetchabun',219),(3516,'Kamphaeng Phet',219),(3517,'Maha Sarakham',219),(3518,'Rayong',219),(3519,'Ang Thong',219),(3520,'Nakhon Si Thammarat',219),(3521,'Yasothon',219),(3522,'Chai Nat',219),(3523,'Amnat Charoen',219),(3524,'Suphan Buri',219),(3525,'Tak',219),(3526,'Chumphon',219),(3527,'Udon Thani',219),(3528,'Phrae',219),(3529,'Sa Kaeo',219),(3530,'Nan',219),(3531,'Surin',219),(3532,'Phetchaburi',219),(3533,'Bueng Kan',219),(3534,'Buri Ram',219),(3535,'Nakhon Nayok',219),(3536,'Phuket',219),(3537,'Satun',219),(3538,'Phayao',219),(3539,'Songkhla',219),(3540,'Pattani',219),(3541,'Trang',219),(3542,'Prachin Buri',219),(3543,'Lop Buri',219),(3544,'Lampang',219),(3545,'Sukhothai',219),(3546,'Mukdahan',219),(3547,'Si Sa Ket',219),(3548,'Nakhon Phanom',219),(3549,'Phangnga',219),(3550,'Kalasin',219),(3551,'Uthai Thani',219),(3552,'Chachoengsao',219),(3553,'Narathiwat',219),(3554,'Bangkok',219),(3555,'Hiiu County',69),(3556,'Viljandi County',69),(3557,'Tartu County',69),(3558,'Valga County',69),(3559,'Rapla County',69),(3560,'Võru County',69),(3561,'Saare County',69),(3562,'Pärnu County',69),(3563,'Põlva County',69),(3564,'Lääne-Viru County',69),(3565,'Jõgeva County',69),(3566,'Järva County',69),(3567,'Harju County',69),(3568,'Lääne County',69),(3569,'Ida-Viru County',69),(3570,'Moyen-Chari',43),(3571,'Mayo-Kebbi Ouest',43),(3572,'Sila',43),(3573,'Hadjer-Lamis',43),(3574,'Borkou',43),(3575,'Ennedi-Est',43),(3576,'Guéra',43),(3577,'Lac',43),(3579,'Tandjilé',43),(3580,'Mayo-Kebbi Est',43),(3581,'Wadi Fira',43),(3582,'Ouaddaï',43),(3583,'Bahr el Gazel',43),(3584,'Ennedi-Ouest',43),(3585,'Logone Occidental',43),(3586,'NDjamena',43),(3587,'Tibesti',43),(3588,'Kanem',43),(3589,'Mandoul',43),(3590,'Batha',43),(3591,'Logone Oriental',43),(3592,'Salamat',43),(3593,'Berry Islands',17),(3594,'Nichollstown and Berry Islands',17),(3595,'Green Turtle Cay',17),(3596,'Central Eleuthera',17),(3597,'Governors Harbour',17),(3598,'High Rock',17),(3599,'West Grand Bahama',17),(3600,'Rum Cay District',17),(3601,'Acklins',17),(3602,'North Eleuthera',17),(3603,'Central Abaco',17),(3604,'Marsh Harbour',17),(3605,'Black Point',17),(3606,'Sandy Point',17),(3607,'South Eleuthera',17),(3608,'South Abaco',17),(3609,'Inagua',17),(3610,'Long Island',17),(3611,'Cat Island',17),(3612,'Exuma',17),(3613,'Harbour Island',17),(3614,'East Grand Bahama',17),(3615,'Ragged Island',17),(3616,'North Abaco',17),(3617,'North Andros',17),(3618,'Kemps Bay',17),(3619,'Fresh Creek',17),(3620,'San Salvador and Rum Cay',17),(3621,'Crooked Island',17),(3622,'South Andros',17),(3623,'Rock Sound',17),(3624,'Hope Town',17),(3625,'Mangrove Cay',17),(3626,'Freeport',17),(3627,'San Salvador Island',17),(3628,'Acklins and Crooked Islands',17),(3629,'Bimini',17),(3630,'Spanish Wells',17),(3631,'Central Andros',17),(3632,'Grand Cay',17),(3633,'Mayaguana District',17),(3634,'San Juan',11),(3635,'Santiago del Estero',11),(3636,'San Luis',11),(3637,'Tucumán',11),(3638,'Corrientes',11),(3639,'Río Negro',11),(3640,'Chaco',11),(3641,'Santa Fe',11),(3642,'Córdoba',11),(3643,'Salta',11),(3644,'Misiones',11),(3645,'Jujuy',11),(3646,'Mendoza',11),(3647,'Catamarca',11),(3648,'Neuquén',11),(3649,'Santa Cruz',11),(3650,'Tierra del Fuego',11),(3651,'Chubut',11),(3652,'Formosa',11),(3653,'La Rioja',11),(3654,'Entre Ríos',11),(3655,'La Pampa',11),(3656,'Buenos Aires',11),(3657,'Quiché Department',90),(3658,'Jalapa Department',90),(3659,'Izabal Department',90),(3660,'Suchitepéquez Department',90),(3661,'Sololá Department',90),(3662,'El Progreso Department',90),(3663,'Totonicapán Department',90),(3664,'Retalhuleu Department',90),(3665,'Santa Rosa Department',90),(3666,'Chiquimula Department',90),(3667,'San Marcos Department',90),(3668,'Quetzaltenango Department',90),(3669,'Petén Department',90),(3670,'Huehuetenango Department',90),(3671,'Alta Verapaz Department',90),(3672,'Guatemala Department',90),(3673,'Jutiapa Department',90),(3674,'Baja Verapaz Department',90),(3675,'Chimaltenango Department',90),(3676,'Sacatepéquez Department',90),(3677,'Escuintla Department',90),(3678,'Madre de Dios',173),(3679,'Huancavelica',173),(3680,'Áncash',173),(3681,'Arequipa',173),(3682,'Puno',173),(3683,'La Libertad',173),(3684,'Ucayali',173),(3685,'Amazonas',173),(3686,'Pasco',173),(3687,'Huanuco',173),(3688,'Cajamarca',173),(3689,'Tumbes',173),(3691,'Cusco',173),(3692,'Ayacucho',173),(3693,'Junín',173),(3694,'San Martín',173),(3695,'Lima',173),(3696,'Tacna',173),(3697,'Piura',173),(3698,'Moquegua',173),(3699,'Apurímac',173),(3700,'Ica',173),(3701,'Callao',173),(3702,'Lambayeque',173),(3703,'Redonda',10),(3704,'Saint Peter Parish',10),(3705,'Saint Paul Parish',10),(3706,'Saint John Parish',10),(3707,'Saint Mary Parish',10),(3708,'Barbuda',10),(3709,'Saint George Parish',10),(3710,'Saint Philip Parish',10),(3711,'South Ba?ka District',196),(3712,'Pirot District',196),(3713,'South Banat District',196),(3714,'North Ba?ka District',196),(3715,'Jablanica District',196),(3716,'Central Banat District',196),(3717,'Bor District',196),(3718,'Toplica District',196),(3719,'Ma?va District',196),(3720,'Rasina District',196),(3721,'P?inja District',196),(3722,'Nišava District',196),(3723,'Prizren District',248),(3724,'Kolubara District',196),(3725,'Raška District',196),(3726,'West Ba?ka District',196),(3727,'Moravica District',196),(3728,'Belgrade',196),(3729,'Zlatibor District',196),(3731,'Zaje?ar District',196),(3732,'Brani?evo District',196),(3733,'Vojvodina',196),(3734,'Šumadija District',196),(3736,'North Banat District',196),(3737,'Pomoravlje District',196),(3738,'Pe? District',248),(3740,'Srem District',196),(3741,'Podunavlje District',196),(3742,'Westmoreland Parish',108),(3743,'Saint Elizabeth Parish',108),(3744,'Saint Ann Parish',108),(3745,'Saint James Parish',108),(3746,'Saint Catherine Parish',108),(3747,'Saint Mary Parish',108),(3748,'Kingston Parish',108),(3749,'Hanover Parish',108),(3750,'Saint Thomas Parish',108),(3751,'Saint Andrew',108),(3752,'Portland Parish',108),(3753,'Clarendon Parish',108),(3754,'Manchester Parish',108),(3755,'Trelawny Parish',108),(3756,'Dennery Quarter',186),(3757,'Anse la Raye Quarter',186),(3758,'Castries Quarter',186),(3759,'Laborie Quarter',186),(3760,'Choiseul Quarter',186),(3761,'Canaries',186),(3762,'Micoud Quarter',186),(3763,'Vieux Fort Quarter',186),(3764,'Soufrière Quarter',186),(3765,'Praslin Quarter',186),(3766,'Gros Islet Quarter',186),(3767,'Dauphin Quarter',186),(3768,'H?ng Yên',240),(3769,'??ng Tháp',240),(3770,'Bà R?a-V?ng Tàu',240),(3771,'Thanh Hóa',240),(3772,'Kon Tum',240),(3773,'?i?n Biên',240),(3774,'V?nh Phúc',240),(3775,'Thái Bình',240),(3776,'Qu?ng Nam',240),(3777,'H?u Giang',240),(3778,'Cà Mau',240),(3779,'Hà Giang',240),(3780,'Ngh? An',240),(3781,'Ti?n Giang',240),(3782,'Cao B?ng',240),(3783,'H?i Phòng',240),(3784,'Yên Bái',240),(3785,'Bình D??ng',240),(3786,'Ninh Bình',240),(3787,'Bình Thu?n',240),(3788,'Ninh Thu?n',240),(3789,'Nam ??nh',240),(3790,'V?nh Long',240),(3791,'B?c Ninh',240),(3792,'L?ng S?n',240),(3793,'Khánh Hòa',240),(3794,'An Giang',240),(3795,'Tuyên Quang',240),(3796,'B?n Tre',240),(3797,'Bình Ph??c',240),(3798,'Th?a Thiên-Hu?',240),(3799,'Hòa Bình',240),(3800,'Kiên Giang',240),(3801,'Phú Th?',240),(3802,'Hà Nam',240),(3803,'Qu?ng Tr?',240),(3804,'B?c Liêu',240),(3805,'Trà Vinh',240),(3806,'?à N?ng',240),(3807,'Thái Nguyên',240),(3808,'Long An',240),(3809,'Qu?ng Bình',240),(3810,'Hà N?i',240),(3811,'H? Chí Minh',240),(3812,'S?n La',240),(3813,'Gia Lai',240),(3814,'Qu?ng Ninh',240),(3815,'B?c Giang',240),(3816,'Hà T?nh',240),(3817,'Lào Cai',240),(3818,'Lâm ??ng',240),(3819,'Sóc Tr?ng',240),(3821,'??ng Nai',240),(3822,'B?c K?n',240),(3823,'??k Nông',240),(3824,'Phú Yên',240),(3825,'Lai Châu',240),(3826,'Tây Ninh',240),(3827,'H?i D??ng',240),(3828,'Qu?ng Ngãi',240),(3829,'??k L?k',240),(3830,'Bình ??nh',240),(3831,'Saint Peter Basseterre Parish',185),(3832,'Nevis',185),(3833,'Christ Church Nichola Town Parish',185),(3834,'Saint Paul Capisterre Parish',185),(3835,'Saint James Windward Parish',185),(3836,'Saint Anne Sandy Point Parish',185),(3837,'Saint George Gingerland Parish',185),(3838,'Saint Paul Charlestown Parish',185),(3839,'Saint Thomas Lowland Parish',185),(3840,'Saint John Figtree Parish',185),(3841,'Saint Kitts',185),(3842,'Saint Thomas Middle Island Parish',185),(3843,'Trinity Palmetto Point Parish',185),(3844,'Saint Mary Cayon Parish',185),(3845,'Saint John Capisterre Parish',185),(3846,'Daegu',116),(3847,'Gyeonggi Province',116),(3848,'Incheon',116),(3849,'Seoul',116),(3850,'Daejeon',116),(3851,'North Jeolla Province',116),(3852,'Ulsan',116),(3853,'Jeju',116),(3854,'North Chungcheong Province',116),(3855,'North Gyeongsang Province',116),(3856,'South Jeolla Province',116),(3857,'South Gyeongsang Province',116),(3858,'Gwangju',116),(3859,'South Chungcheong Province',116),(3860,'Busan',116),(3861,'Sejong City',116),(3862,'Gangwon Province',116),(3863,'Saint Patrick Parish',87),(3864,'Saint George Parish',87),(3865,'Saint Andrew Parish',87),(3866,'Saint Mark Parish',87),(3867,'Carriacou and Petite Martinique',87),(3868,'Saint John Parish',87),(3869,'Saint David Parish',87),(3870,'Ghazni',1),(3871,'Badghis',1),(3872,'Bamyan',1),(3873,'Helmand',1),(3874,'Zabul',1),(3875,'Baghlan',1),(3876,'Kunar',1),(3877,'Paktika',1),(3878,'Khost',1),(3879,'Kapisa',1),(3880,'Nuristan',1),(3881,'Panjshir',1),(3882,'Nangarhar',1),(3883,'Samangan',1),(3884,'Balkh',1),(3885,'Sar-e Pol',1),(3886,'Jowzjan',1),(3887,'Herat',1),(3888,'Gh?r',1),(3889,'Faryab',1),(3890,'Kandahar',1),(3891,'Laghman',1),(3892,'Daykundi',1),(3893,'Takhar',1),(3894,'Paktia',1),(3895,'Parwan',1),(3896,'Nimruz',1),(3897,'Logar',1),(3898,'Urozgan',1),(3899,'Farah',1),(3900,'Kunduz Province',1),(3901,'Badakhshan',1),(3902,'Kabul',1),(3903,'Victoria',14),(3904,'South Australia',14),(3905,'Queensland',14),(3906,'Western Australia',14),(3907,'Australian Capital Territory',14),(3908,'Tasmania',14),(3909,'New South Wales',14),(3910,'Northern Territory',14),(3911,'Vava?u',222),(3912,'Tongatapu',222),(3913,'Ha?apai',222),(3914,'Niuas',222),(3915,'?Eua',222),(3916,'Markazi',103),(3917,'Khuzestan',103),(3918,'Ilam',103),(3919,'Kermanshah',103),(3920,'Gilan',103),(3921,'Chaharmahal and Bakhtiari',103),(3922,'Qom',103),(3923,'Isfahan',103),(3924,'West Azarbaijan',103),(3925,'Zanjan',103),(3926,'Kohgiluyeh and Boyer-Ahmad',103),(3927,'Razavi Khorasan',103),(3928,'Lorestan',103),(3929,'Alborz',103),(3930,'South Khorasan',103),(3931,'Sistan and Baluchestan',103),(3932,'Bushehr',103),(3933,'Golestan',103),(3934,'Ardabil',103),(3935,'Kurdistan',103),(3936,'Yazd',103),(3937,'Hormozgan',103),(3938,'Mazandaran',103),(3939,'Fars',103),(3940,'Semnan',103),(3941,'Qazvin',103),(3942,'North Khorasan',103),(3943,'Kerman',103),(3944,'East Azerbaijan',103),(3945,'Tehran',103),(3946,'Niutao Island Council',228),(3947,'Nanumanga',228),(3948,'Nui',228),(3949,'Nanumea',228),(3950,'Vaitupu',228),(3951,'Funafuti',228),(3952,'Nukufetau',228),(3953,'Nukulaelae',228),(3954,'Dhi Qar',104),(3955,'Babylon',104),(3956,'Al-Q?disiyyah',104),(3957,'Karbala',104),(3958,'Al Muthanna',104),(3959,'Baghdad',104),(3960,'Basra',104),(3961,'Saladin',104),(3962,'Najaf',104),(3963,'Nineveh',104),(3964,'Al Anbar',104),(3965,'Diyala',104),(3966,'Maysan',104),(3967,'Dohuk',104),(3968,'Erbil',104),(3969,'Sulaymaniyah',104),(3970,'Wasit',104),(3971,'Kirkuk',104),(3972,'Svay Rieng',37),(3973,'Preah Vihear',37),(3974,'Prey Veng',37),(3975,'Takeo',37),(3976,'Battambang',37),(3977,'Pursat',37),(3978,'Kep',37),(3979,'Kampong Chhnang',37),(3980,'Pailin',37),(3981,'Kampot',37),(3982,'Koh Kong',37),(3983,'Kandal',37),(3984,'Banteay Meanchey',37),(3985,'Mondulkiri',37),(3986,'Kratie',37),(3987,'Oddar Meanchey',37),(3988,'Kampong Speu',37),(3989,'Sihanoukville',37),(3990,'Ratanakiri',37),(3991,'Kampong Cham',37),(3992,'Siem Reap',37),(3993,'Stung Treng',37),(3994,'Phnom Penh',37),(3995,'North Hamgyong Province',115),(3996,'Ryanggang Province',115),(3997,'South Pyongan Province',115),(3998,'Chagang Province',115),(3999,'Kangwon Province',115),(4000,'South Hamgyong Province',115),(4001,'Rason',115),(4002,'North Pyongan Province',115),(4003,'South Hwanghae Province',115),(4004,'North Hwanghae Province',115),(4005,'Pyongyang',115),(4006,'Meghalaya',101),(4007,'Haryana',101),(4008,'Maharashtra',101),(4009,'Goa',101),(4010,'Manipur',101),(4011,'Puducherry',101),(4012,'Telangana',101),(4013,'Odisha',101),(4014,'Rajasthan',101),(4015,'Punjab',101),(4016,'Uttarakhand',101),(4017,'Andhra Pradesh',101),(4018,'Nagaland',101),(4019,'Lakshadweep',101),(4020,'Himachal Pradesh',101),(4021,'Delhi',101),(4022,'Uttar Pradesh',101),(4023,'Andaman and Nicobar Islands',101),(4024,'Arunachal Pradesh',101),(4025,'Jharkhand',101),(4026,'Karnataka',101),(4027,'Assam',101),(4028,'Kerala',101),(4029,'Jammu and Kashmir',101),(4030,'Gujarat',101),(4031,'Chandigarh',101),(4033,'Dadra and Nagar Haveli and Daman and Diu',101),(4034,'Sikkim',101),(4035,'Tamil Nadu',101),(4036,'Mizoram',101),(4037,'Bihar',101),(4038,'Tripura',101),(4039,'Madhya Pradesh',101),(4040,'Chhattisgarh',101),(4041,'Choluteca Department',97),(4042,'Comayagua Department',97),(4043,'El Paraíso Department',97),(4044,'Intibucá Department',97),(4045,'Bay Islands Department',97),(4046,'Cortés Department',97),(4047,'Atlántida Department',97),(4048,'Gracias a Dios Department',97),(4049,'Copán Department',97),(4050,'Olancho Department',97),(4051,'Colón Department',97),(4052,'Francisco Morazán Department',97),(4053,'Santa Bárbara Department',97),(4054,'Lempira Department',97),(4055,'Valle Department',97),(4056,'Ocotepeque Department',97),(4057,'Yoro Department',97),(4058,'La Paz Department',97),(4059,'Northland Region',158),(4060,'Manawatu-Wanganui Region',158),(4061,'Waikato Region',158),(4062,'Otago Region',158),(4063,'Marlborough Region',158),(4064,'West Coast Region',158),(4065,'Wellington Region',158),(4066,'Canterbury Region',158),(4067,'Chatham Islands',158),(4068,'Gisborne District',158),(4069,'Taranaki Region',158),(4070,'Nelson Region',158),(4071,'Southland Region',158),(4072,'Auckland Region',158),(4073,'Tasman District',158),(4074,'Bay of Plenty Region',158),(4075,'Hawkes Bay Region',158),(4076,'Saint John Parish',61),(4077,'Saint Mark Parish',61),(4078,'Saint David Parish',61),(4079,'Saint George Parish',61),(4080,'Saint Patrick Parish',61),(4081,'Saint Peter Parish',61),(4082,'Saint Andrew Parish',61),(4083,'Saint Luke Parish',61),(4084,'Saint Paul Parish',61),(4085,'Saint Joseph Parish',61),(4086,'El Seibo Province',62),(4087,'La Romana Province',62),(4088,'Sánchez Ramírez Province',62),(4089,'Hermanas Mirabal Province',62),(4090,'Barahona Province',62),(4091,'San Cristóbal Province',62),(4092,'Puerto Plata Province',62),(4093,'Santo Domingo Province',62),(4094,'María Trinidad Sánchez Province',62),(4095,'Distrito Nacional',62),(4096,'Peravia Province',62),(4097,'Independencia',62),(4098,'San Juan Province',62),(4099,'Monseñor Nouel Province',62),(4100,'Santiago Rodríguez Province',62),(4101,'Pedernales Province',62),(4102,'Espaillat Province',62),(4103,'Samaná Province',62),(4104,'Valverde Province',62),(4105,'Baoruco Province',62),(4106,'Hato Mayor Province',62),(4107,'Dajabón Province',62),(4108,'Santiago Province',62),(4109,'La Altagracia Province',62),(4110,'San Pedro de Macorís',62),(4111,'Monte Plata Province',62),(4112,'San José de Ocoa Province',62),(4113,'Duarte Province',62),(4114,'Azua Province',62),(4115,'Monte Cristi Province',62),(4116,'La Vega Province',62),(4117,'Nord',95),(4118,'Nippes',95),(4119,'GrandAnse',95),(4120,'Ouest',95),(4121,'Nord-Est',95),(4122,'Sud',95),(4123,'Artibonite',95),(4124,'Sud-Est',95),(4125,'Centre',95),(4126,'Nord-Ouest',95),(4127,'San Vicente Department',66),(4128,'Santa Ana Department',66),(4129,'Usulután Department',66),(4130,'Morazán Department',66),(4131,'Chalatenango Department',66),(4132,'Cabañas Department',66),(4133,'San Salvador Department',66),(4134,'La Libertad Department',66),(4135,'San Miguel Department',66),(4136,'La Paz Department',66),(4137,'Cuscatlán Department',66),(4138,'La Unión Department',66),(4139,'Ahuachapán Department',66),(4140,'Sonsonate Department',66),(4141,'Braslov?e Municipality',201),(4142,'Lenart Municipality',201),(4143,'Oplotnica',201),(4144,'Velike Laš?e Municipality',201),(4145,'Hajdina Municipality',201),(4146,'Pod?etrtek Municipality',201),(4147,'Cankova Municipality',201),(4148,'Vitanje Municipality',201),(4149,'Sežana Municipality',201),(4150,'Kidri?evo Municipality',201),(4151,'?renšovci Municipality',201),(4152,'Idrija Municipality',201),(4153,'Trnovska Vas Municipality',201),(4154,'Vodice Municipality',201),(4155,'Ravne na Koroškem Municipality',201),(4156,'Lovrenc na Pohorju Municipality',201),(4157,'Majšperk Municipality',201),(4158,'Loški Potok Municipality',201),(4159,'Domžale Municipality',201),(4160,'Re?ica ob Savinji Municipality',201),(4161,'Podlehnik Municipality',201),(4162,'Cerknica Municipality',201),(4163,'Vransko Municipality',201),(4164,'Sveta Ana Municipality',201),(4165,'Brezovica Municipality',201),(4166,'Benedikt Municipality',201),(4167,'Diva?a Municipality',201),(4168,'Morav?e Municipality',201),(4169,'Slovenj Gradec City Municipality',201),(4170,'Škocjan Municipality',201),(4171,'Šentjur Municipality',201),(4172,'Pesnica Municipality',201),(4173,'Dol pri Ljubljani Municipality',201),(4174,'Loška Dolina Municipality',201),(4175,'Ho?e–Slivnica Municipality',201),(4176,'Cerkvenjak Municipality',201),(4177,'Naklo Municipality',201),(4178,'Cerkno Municipality',201),(4179,'Bistrica ob Sotli Municipality',201),(4180,'Kamnik Municipality',201),(4181,'Bovec Municipality',201),(4182,'Zavr? Municipality',201),(4183,'Ajdovš?ina Municipality',201),(4184,'Pivka Municipality',201),(4185,'Štore Municipality',201),(4186,'Kozje Municipality',201),(4187,'Municipality of Škofljica',201),(4188,'Prebold Municipality',201),(4189,'Dobrovnik Municipality',201),(4190,'Mozirje Municipality',201),(4191,'City Municipality of Celje',201),(4192,'Žiri Municipality',201),(4193,'Horjul Municipality',201),(4194,'Tabor Municipality',201),(4195,'Rade?e Municipality',201),(4196,'Vipava Municipality',201),(4197,'Kungota',201),(4198,'Slovenske Konjice Municipality',201),(4199,'Osilnica Municipality',201),(4200,'Borovnica Municipality',201),(4201,'Piran Municipality',201),(4202,'Bled Municipality',201),(4203,'Jezersko Municipality',201),(4204,'Ra?e–Fram Municipality',201),(4205,'Nova Gorica City Municipality',201),(4206,'Razkrižje Municipality',201),(4207,'Ribnica na Pohorju Municipality',201),(4208,'Muta Municipality',201),(4209,'Rogatec Municipality',201),(4210,'Gorišnica Municipality',201),(4211,'Kuzma Municipality',201),(4212,'Mislinja Municipality',201),(4213,'Duplek Municipality',201),(4214,'Trebnje Municipality',201),(4215,'Brežice Municipality',201),(4216,'Dobrepolje Municipality',201),(4217,'Grad Municipality',201),(4218,'Moravske Toplice Municipality',201),(4219,'Lu?e Municipality',201),(4220,'Miren–Kostanjevica Municipality',201),(4221,'Ormož Municipality',201),(4222,'Šalovci Municipality',201),(4223,'Miklavž na Dravskem Polju Municipality',201),(4224,'Makole Municipality',201),(4225,'Lendava Municipality',201),(4226,'Vuzenica Municipality',201),(4227,'Kanal ob So?i Municipality',201),(4228,'Ptuj City Municipality',201),(4229,'Sveti Andraž v Slovenskih Goricah Municipality',201),(4230,'Selnica ob Dravi Municipality',201),(4231,'Radovljica Municipality',201),(4232,'?rna na Koroškem Municipality',201),(4233,'Rogaška Slatina Municipality',201),(4234,'Podvelka Municipality',201),(4235,'Ribnica Municipality',201),(4236,'City Municipality of Novo Mesto',201),(4237,'Mirna Pe? Municipality',201),(4238,'Križevci Municipality',201),(4239,'Polj?ane Municipality',201),(4240,'Brda Municipality',201),(4241,'Šentjernej Municipality',201),(4242,'Maribor City Municipality',201),(4243,'Kobarid Municipality',201),(4244,'Markovci Municipality',201),(4245,'Vojnik Municipality',201),(4246,'Trbovlje Municipality',201),(4247,'Tolmin Municipality',201),(4248,'Šoštanj Municipality',201),(4249,'Žetale Municipality',201),(4250,'Trži? Municipality',201),(4251,'Turniš?e Municipality',201),(4252,'Dobrna Municipality',201),(4253,'Ren?e–Vogrsko Municipality',201),(4254,'Kostanjevica na Krki Municipality',201),(4255,'Sveti Jurij ob Š?avnici Municipality',201),(4256,'Železniki Municipality',201),(4257,'Veržej Municipality',201),(4258,'Žalec Municipality',201),(4259,'Starše Municipality',201),(4260,'Sveta Trojica v Slovenskih Goricah Municipality',201),(4261,'Sol?ava Municipality',201),(4262,'Vrhnika Municipality',201),(4263,'Središ?e ob Dravi',201),(4264,'Rogašovci Municipality',201),(4265,'Mežica Municipality',201),(4266,'Juršinci Municipality',201),(4267,'Velika Polana Municipality',201),(4268,'Sevnica Municipality',201),(4269,'Zagorje ob Savi Municipality',201),(4270,'Ljubljana City Municipality',201),(4271,'Gornji Petrovci Municipality',201),(4272,'Polzela Municipality',201),(4273,'Sveti Tomaž Municipality',201),(4274,'Prevalje Municipality',201),(4275,'Radlje ob Dravi Municipality',201),(4276,'Žirovnica Municipality',201),(4277,'Sodražica Municipality',201),(4278,'Bloke Municipality',201),(4279,'Šmartno pri Litiji Municipality',201),(4280,'Ruše Municipality',201),(4281,'Dolenjske Toplice Municipality',201),(4282,'Bohinj Municipality',201),(4283,'Komenda Municipality',201),(4284,'Gorje Municipality',201),(4285,'Šmarje pri Jelšah Municipality',201),(4286,'Ig Municipality',201),(4287,'Kranj City Municipality',201),(4288,'Puconci Municipality',201),(4289,'Šmarješke Toplice Municipality',201),(4290,'Dornava Municipality',201),(4291,'?rnomelj Municipality',201),(4292,'Radenci Municipality',201),(4293,'Gorenja Vas–Poljane Municipality',201),(4294,'Ljubno Municipality',201),(4295,'Dobje Municipality',201),(4296,'Šmartno ob Paki Municipality',201),(4297,'Mokronog–Trebelno Municipality',201),(4298,'Mirna Municipality',201),(4299,'Šen?ur Municipality',201),(4300,'Videm Municipality',201),(4301,'Beltinci Municipality',201),(4302,'Lukovica Municipality',201),(4303,'Preddvor Municipality',201),(4304,'Destrnik Municipality',201),(4305,'Ivan?na Gorica Municipality',201),(4306,'Log–Dragomer Municipality',201),(4307,'Žužemberk Municipality',201),(4308,'Dobrova–Polhov Gradec Municipality',201),(4309,'Municipality of Cirkulane',201),(4310,'Cerklje na Gorenjskem Municipality',201),(4311,'Šentrupert Municipality',201),(4312,'Tišina Municipality',201),(4313,'Murska Sobota City Municipality',201),(4314,'Municipality of Krško',201),(4315,'Komen Municipality',201),(4316,'Škofja Loka Municipality',201),(4317,'Šempeter–Vrtojba Municipality',201),(4318,'Municipality of Apa?e',201),(4319,'Koper City Municipality',201),(4320,'Odranci Municipality',201),(4321,'Hrpelje–Kozina Municipality',201),(4322,'Izola Municipality',201),(4323,'Metlika Municipality',201),(4324,'Šentilj Municipality',201),(4325,'Kobilje Municipality',201),(4326,'Ankaran Municipality',201),(4327,'Hodoš Municipality',201),(4328,'Sveti Jurij v Slovenskih Goricah Municipality',201),(4329,'Nazarje Municipality',201),(4330,'Postojna Municipality',201),(4331,'Kostel Municipality',201),(4332,'Slovenska Bistrica Municipality',201),(4333,'Straža Municipality',201),(4334,'Trzin Municipality',201),(4335,'Ko?evje Municipality',201),(4336,'Grosuplje Municipality',201),(4337,'Jesenice Municipality',201),(4338,'Laško Municipality',201),(4339,'Gornji Grad Municipality',201),(4340,'Kranjska Gora Municipality',201),(4341,'Hrastnik Municipality',201),(4342,'Zre?e Municipality',201),(4343,'Gornja Radgona Municipality',201),(4344,'Municipality of Ilirska Bistrica',201),(4345,'Dravograd Municipality',201),(4346,'Semi? Municipality',201),(4347,'Litija Municipality',201),(4348,'Mengeš Municipality',201),(4349,'Medvode Municipality',201),(4350,'Logatec Municipality',201),(4351,'Ljutomer Municipality',201),(4352,'Banská Bystrica Region',200),(4353,'Košice Region',200),(4354,'Prešov Region',200),(4355,'Trnava Region',200),(4356,'Bratislava Region',200),(4357,'Nitra Region',200),(4358,'Tren?ín Region',200),(4359,'Žilina Region',200),(4360,'Cimi?lia District',144),(4361,'Orhei District',144),(4362,'Bender Municipality',144),(4363,'Nisporeni District',144),(4364,'Sîngerei District',144),(4365,'C?u?eni District',144),(4366,'C?l?ra?i District',144),(4367,'Glodeni District',144),(4368,'Anenii Noi District',144),(4369,'Ialoveni District',144),(4370,'Flore?ti District',144),(4371,'Telene?ti District',144),(4372,'Taraclia District',144),(4373,'Chi?in?u Municipality',144),(4374,'Soroca District',144),(4375,'Briceni District',144),(4376,'Rî?cani District',144),(4377,'Str??eni District',144),(4378,'?tefan Vod? District',144),(4379,'Basarabeasca District',144),(4380,'Cantemir District',144),(4381,'F?le?ti District',144),(4382,'Hînce?ti District',144),(4383,'Dub?sari District',144),(4384,'Dondu?eni District',144),(4385,'Gagauzia',144),(4386,'Ungheni District',144),(4387,'Edine? District',144),(4388,'?old?ne?ti District',144),(4389,'Ocni?a District',144),(4390,'Criuleni District',144),(4391,'Cahul District',144),(4392,'Drochia District',144),(4393,'B?l?i Municipality',144),(4394,'Rezina District',144),(4395,'Transnistria autonomous territorial unit',144),(4396,'Salacgr?va Municipality',120),(4397,'Vecumnieki Municipality',120),(4398,'Naukš?ni Municipality',120),(4399,'Il?kste Municipality',120),(4400,'Gulbene Municipality',120),(4401,'L?v?ni Municipality',120),(4402,'Salaspils Municipality',120),(4403,'Ventspils Municipality',120),(4404,'Rund?le Municipality',120),(4405,'P?avi?as Municipality',120),(4406,'V?rkava Municipality',120),(4407,'Jaunpiebalga Municipality',120),(4408,'S?ja Municipality',120),(4409,'Tukums Municipality',120),(4410,'Cibla Municipality',120),(4411,'Burtnieki Municipality',120),(4412,'?egums Municipality',120),(4413,'Krustpils Municipality',120),(4414,'Cesvaine Municipality',120),(4415,'Skr?veri Municipality',120),(4416,'Ogre Municipality',120),(4417,'Olaine Municipality',120),(4418,'Limbaži Municipality',120),(4419,'Lub?na Municipality',120),(4420,'Kandava Municipality',120),(4421,'Ventspils',120),(4422,'Krimulda Municipality',120),(4423,'Rug?ji Municipality',120),(4424,'Jelgava Municipality',120),(4425,'Valka Municipality',120),(4426,'R?jiena Municipality',120),(4427,'Bab?te Municipality',120),(4428,'Dundaga Municipality',120),(4429,'Priekule Municipality',120),(4430,'Zilupe Municipality',120),(4431,'Varak??ni Municipality',120),(4432,'Nereta Municipality',120),(4433,'Madona Municipality',120),(4434,'Sala Municipality',120),(4435,'?ekava Municipality',120),(4436,'N?ca Municipality',120),(4437,'Dobele Municipality',120),(4438,'J?kabpils Municipality',120),(4439,'Saldus Municipality',120),(4440,'Roja Municipality',120),(4441,'Iecava Municipality',120),(4442,'Ozolnieki Municipality',120),(4443,'Saulkrasti Municipality',120),(4444,'?rg?i Municipality',120),(4445,'Aglona Municipality',120),(4446,'J?rmala',120),(4447,'Skrunda Municipality',120),(4448,'Engure Municipality',120),(4449,'In?ukalns Municipality',120),(4450,'M?rupe Municipality',120),(4451,'M?rsrags Municipality',120),(4452,'Koknese Municipality',120),(4453,'K?rsava Municipality',120),(4454,'Carnikava Municipality',120),(4455,'R?zekne Municipality',120),(4456,'Vies?te Municipality',120),(4457,'Ape Municipality',120),(4458,'Durbe Municipality',120),(4459,'Talsi Municipality',120),(4460,'Liep?ja',120),(4461,'M?lpils Municipality',120),(4462,'Smiltene Municipality',120),(4463,'Daugavpils',120),(4464,'J?kabpils',120),(4465,'Bauska Municipality',120),(4466,'Vecpiebalga Municipality',120),(4467,'P?vilosta Municipality',120),(4468,'Broc?ni Municipality',120),(4469,'C?sis Municipality',120),(4470,'Grobi?a Municipality',120),(4471,'Bever?na Municipality',120),(4472,'Aizkraukle Municipality',120),(4473,'Valmiera',120),(4474,'Kr?slava Municipality',120),(4475,'Jaunjelgava Municipality',120),(4476,'Sigulda Municipality',120),(4477,'Vi?aka Municipality',120),(4478,'Stopi?i Municipality',120),(4479,'Rauna Municipality',120),(4480,'T?rvete Municipality',120),(4481,'Auce Municipality',120),(4482,'Baldone Municipality',120),(4483,'Prei?i Municipality',120),(4484,'Aloja Municipality',120),(4485,'Alsunga Municipality',120),(4486,'Vi??ni Municipality',120),(4487,'Al?ksne Municipality',120),(4488,'L?gatne Municipality',120),(4489,'Jaunpils Municipality',120),(4490,'Kuld?ga Municipality',120),(4491,'Riga',120),(4492,'Daugavpils Municipality',120),(4493,'Ropaži Municipality',120),(4494,'Stren?i Municipality',120),(4495,'Koc?ni Municipality',120),(4496,'Aizpute Municipality',120),(4497,'Amata Municipality',120),(4498,'Baltinava Municipality',120),(4499,'Akn?ste Municipality',120),(4500,'Jelgava',120),(4501,'Ludza Municipality',120),(4502,'Riebi?i Municipality',120),(4503,'Rucava Municipality',120),(4504,'Dagda Municipality',120),(4505,'Balvi Municipality',120),(4506,'Prieku?i Municipality',120),(4507,'P?rgauja Municipality',120),(4508,'Vai?ode Municipality',120),(4509,'R?zekne',120),(4510,'Garkalne Municipality',120),(4511,'Ikš?ile Municipality',120),(4512,'Lielv?rde Municipality',120),(4513,'Mazsalaca Municipality',120),(4514,'Viqueque Municipality',63),(4515,'Liquiçá Municipality',63),(4516,'Ermera District',63),(4517,'Manatuto District',63),(4518,'Ainaro Municipality',63),(4519,'Manufahi Municipality',63),(4520,'Aileu municipality',63),(4521,'Baucau Municipality',63),(4522,'Cova Lima Municipality',63),(4523,'Lautém Municipality',63),(4524,'Dili municipality',63),(4525,'Bobonaro Municipality',63),(4526,'Peleliu',168),(4527,'Ngardmau',168),(4528,'Airai',168),(4529,'Hatohobei',168),(4530,'Melekeok',168),(4531,'Ngatpang',168),(4532,'Koror',168),(4533,'Ngarchelong',168),(4534,'Ngiwal',168),(4535,'Sonsorol',168),(4536,'Ngchesar',168),(4537,'Ngaraard',168),(4538,'Angaur',168),(4539,'Kayangel',168),(4540,'Aimeliik',168),(4541,'Ngeremlengui',168),(4542,'B?eclav',58),(4543,'?eský Krumlov',58),(4544,'Plze?-m?sto',58),(4545,'Brno-venkov',58),(4546,'P?íbram',58),(4547,'Pardubice',58),(4548,'Nový Ji?ín',58),(4550,'Náchod',58),(4551,'Prost?jov',58),(4552,'Zlínský kraj',58),(4553,'Chomutov',58),(4554,'St?edo?eský kraj',58),(4556,'?eské Bud?jovice',58),(4558,'Rakovník',58),(4559,'Frýdek-Místek',58),(4560,'Písek',58),(4561,'Hodonín',58),(4563,'Zlín',58),(4564,'Plze?-sever',58),(4565,'Tábor',58),(4568,'Brno-m?sto',58),(4571,'Svitavy',58),(4572,'Vsetín',58),(4573,'Cheb',58),(4574,'Olomouc',58),(4575,'Kraj Vyso?ina',58),(4576,'Ústecký kraj',58),(4578,'Prachatice',58),(4579,'Trutnov',58),(4580,'Hradec Králové',58),(4581,'Karlovarský kraj',58),(4582,'Nymburk',58),(4583,'Rokycany',58),(4584,'Ostrava-m?sto',58),(4586,'Karviná',58),(4588,'Pardubický kraj',58),(4589,'Olomoucký kraj',58),(4590,'Liberec',58),(4591,'Klatovy',58),(4592,'Uherské Hradišt?',58),(4593,'Krom??íž',58),(4595,'Sokolov',58),(4596,'Semily',58),(4597,'T?ebí?',58),(4598,'Praha, Hlavní m?sto',58),(4599,'Ústí nad Labem',58),(4600,'Moravskoslezský kraj',58),(4601,'Liberecký kraj',58),(4602,'Jihomoravský kraj',58),(4604,'Karlovy Vary',58),(4605,'Litom??ice',58),(4606,'Praha-východ',58),(4607,'Plze?ský kraj',58),(4608,'Plze?-jih',58),(4609,'D??ín',58),(4611,'Havlí?k?v Brod',58),(4612,'Jablonec nad Nisou',58),(4613,'Jihlava',58),(4614,'Královéhradecký kraj',58),(4615,'Blansko',58),(4617,'Louny',58),(4618,'Kolín',58),(4619,'Praha-západ',58),(4620,'Beroun',58),(4621,'Teplice',58),(4622,'Vyškov',58),(4623,'Opava',58),(4624,'Jind?ich?v Hradec',58),(4625,'Jeseník',58),(4626,'P?erov',58),(4627,'Benešov',58),(4628,'Strakonice',58),(4629,'Most',58),(4630,'Znojmo',58),(4631,'Kladno',58),(4633,'?eská Lípa',58),(4634,'Chrudim',58),(4636,'Rychnov nad Kn?žnou',58),(4638,'M?lník',58),(4639,'Jiho?eský kraj',58),(4640,'Ji?ín',58),(4641,'Domažlice',58),(4642,'Šumperk',58),(4643,'Mladá Boleslav',58),(4644,'Bruntál',58),(4645,'Pelh?imov',58),(4646,'Tachov',58),(4647,'Ústí nad Orlicí',58),(4648,'Ž?ár nad Sázavou',58),(4649,'North East Community Development Council',199),(4650,'South East Community Development Council',199),(4651,'Central Singapore Community Development Council',199),(4652,'South West Community Development Council',199),(4653,'North West Community Development Council',199),(4654,'Ewa District',153),(4655,'Uaboe District',153),(4656,'Aiwo District',153),(4657,'Meneng District',153),(4658,'Anabar District',153),(4659,'Nibok District',153),(4660,'Baiti District',153),(4661,'Ijuw District',153),(4662,'Buada District',153),(4663,'Anibare District',153),(4664,'Yaren District',153),(4665,'Boe District',153),(4666,'Denigomodu District',153),(4667,'Anetan District',153),(4668,'Zhytomyrska oblast',230),(4669,'Vinnytska oblast',230),(4670,'Zakarpatska Oblast',230),(4671,'Kyivska oblast',230),(4672,'Lvivska oblast',230),(4673,'Luhanska oblast',230),(4674,'Ternopilska oblast',230),(4675,'Dnipropetrovska oblast',230),(4676,'Kyiv',230),(4677,'Kirovohradska oblast',230),(4678,'Chernivetska oblast',230),(4679,'Mykolaivska oblast',230),(4680,'Cherkaska oblast',230),(4681,'Khmelnytska oblast',230),(4682,'Ivano-Frankivska oblast',230),(4683,'Rivnenska oblast',230),(4684,'Khersonska oblast',230),(4685,'Sumska oblast',230),(4686,'Kharkivska oblast',230),(4687,'Zaporizka oblast',230),(4688,'Odeska oblast',230),(4689,'Autonomous Republic of Crimea',230),(4690,'Volynska oblast',230),(4691,'Donetska oblast',230),(4692,'Chernihivska oblast',230),(4693,'Gabrovo Province',34),(4694,'Smolyan Province',34),(4695,'Pernik Province',34),(4696,'Montana Province',34),(4697,'Vidin Province',34),(4698,'Razgrad Province',34),(4699,'Blagoevgrad Province',34),(4700,'Sliven Province',34),(4701,'Plovdiv Province',34),(4702,'Kardzhali Province',34),(4703,'Kyustendil Province',34),(4704,'Haskovo Province',34),(4705,'Sofia City Province',34),(4706,'Pleven Province',34),(4707,'Stara Zagora Province',34),(4708,'Silistra Province',34),(4709,'Veliko Tarnovo Province',34),(4710,'Lovech Province',34),(4711,'Vratsa Province',34),(4712,'Pazardzhik Province',34),(4713,'Ruse Province',34),(4714,'Targovishte Province',34),(4715,'Burgas Province',34),(4716,'Yambol Province',34),(4717,'Varna Province',34),(4718,'Dobrich Province',34),(4719,'Sofia Province',34),(4720,'Suceava County',181),(4721,'Hunedoara County',181),(4722,'Arges',181),(4723,'Bihor County',181),(4724,'Alba',181),(4725,'Ilfov County',181),(4726,'Giurgiu County',181),(4727,'Tulcea County',181),(4728,'Teleorman County',181),(4729,'Prahova County',181),(4730,'Bucharest',181),(4731,'Neam? County',181),(4732,'C?l?ra?i County',181),(4733,'Bistri?a-N?s?ud County',181),(4734,'Cluj County',181),(4735,'Ia?i County',181),(4736,'Braila',181),(4737,'Constan?a County',181),(4738,'Olt County',181),(4739,'Arad County',181),(4740,'Boto?ani County',181),(4741,'S?laj County',181),(4742,'Dolj County',181),(4743,'Ialomi?a County',181),(4744,'Bac?u County',181),(4745,'Dâmbovi?a County',181),(4746,'Satu Mare County',181),(4747,'Gala?i County',181),(4748,'Timi? County',181),(4749,'Harghita County',181),(4750,'Gorj County',181),(4751,'Mehedin?i County',181),(4752,'Vaslui County',181),(4753,'Cara?-Severin County',181),(4754,'Covasna County',181),(4755,'Sibiu County',181),(4756,'Buz?u County',181),(4757,'Vâlcea County',181),(4758,'Vrancea County',181),(4759,'Bra?ov County',181),(4760,'Maramure? County',181),(4761,'Aiga-i-le-Tai',191),(4762,'Satupaitea',191),(4763,'Aana',191),(4764,'Faasaleleaga',191),(4765,'Atua',191),(4766,'Vaisigano',191),(4767,'Palauli',191),(4768,'Vaa-o-Fonoti',191),(4769,'Gagaemauga',191),(4770,'Tuamasaga',191),(4771,'Gagaifomauga',191),(4772,'Torba',237),(4773,'Penama',237),(4774,'Shefa',237),(4775,'Malampa',237),(4776,'Sanma',237),(4777,'Tafea',237),(4778,'Honiara',202),(4779,'Temotu Province',202),(4780,'Isabel Province',202),(4781,'Choiseul Province',202),(4782,'Makira-Ulawa Province',202),(4783,'Malaita Province',202),(4784,'Central Province',202),(4785,'Guadalcanal Province',202),(4786,'Western Province',202),(4787,'Rennell and Bellona Province',202),(4794,'Saint-Barthélemy',75),(4795,'Nouvelle-Aquitaine',75),(4796,'Île-de-France',75),(4797,'Mayotte',75),(4798,'Auvergne-Rhône-Alpes',75),(4799,'Occitanie',75),(4802,'Pays-de-la-Loire',75),(4804,'Normandie',75),(4806,'Corse',75),(4807,'Bretagne',75),(4809,'Saint-Martin',75),(4810,'Wallis and Futuna',75),(4811,'Alsace',75),(4812,'Provence-Alpes-Côte-d’Azur',75),(4816,'Paris',75),(4818,'Centre-Val de Loire',75),(4820,'Grand-Est',75),(4821,'Saint Pierre and Miquelon',75),(4822,'French Guiana',75),(4823,'La Réunion',75),(4824,'French Polynesia',75),(4825,'Bourgogne-Franche-Comté',75),(4827,'Martinique',75),(4828,'Hauts-de-France',75),(4829,'Guadeloupe',75),(4830,'West New Britain Province',171),(4831,'Bougainville',171),(4832,'Jiwaka Province',171),(4833,'Hela',171),(4834,'East New Britain',171),(4835,'Morobe Province',171),(4836,'Sandaun Province',171),(4837,'Port Moresby',171),(4838,'Oro Province',171),(4839,'Gulf',171),(4840,'Western Highlands Province',171),(4841,'New Ireland Province',171),(4842,'Manus Province',171),(4843,'Madang Province',171),(4844,'Southern Highlands Province',171),(4845,'Eastern Highlands Province',171),(4846,'Chimbu Province',171),(4847,'Central Province',171),(4848,'Enga Province',171),(4849,'Milne Bay Province',171),(4850,'Western Province',171),(4851,'Ohio',233),(4852,'Ladakh',101),(4853,'West Bengal',101),(4854,'Sinop',225),(4855,'Distrito Capital',239),(4856,'Apure',239),(4857,'Jalisco',142),(4858,'Roraima',31),(4859,'Guarda',177),(4860,'Devonshire Parish',25),(4861,'Hamilton Parish',25),(4863,'Paget Parish',25),(4864,'Pembroke Parish',25),(4866,'Saint Georges Parish',25),(4867,'Sandys Parish',25),(4868,'Smiths Parish,',25),(4869,'Southampton Parish',25),(4870,'Warwick Parish',25),(4871,'Huila',48),(4874,'Uroševac District (Ferizaj)',248),(4876,'?akovica District (Gjakove)',248),(4877,'Gjilan District',248),(4878,'Kosovska Mitrovica District',248),(4879,'Pristina (Pri?tine)',248),(4880,'Ciudad Autónoma de Buenos Aires',11),(4881,'New Providence',17),(4882,'Shumen',34),(4883,'Yuen Long District',98),(4884,'Tsuen Wan District',98),(4885,'Tai Po District',98),(4887,'Sai Kung District',98),(4888,'Islands District',98),(4889,'Central and Western District',98),(4890,'Wan Chai',98),(4891,'Eastern',98),(4892,'Southern',98),(4893,'Yau Tsim Mong',98),(4894,'Sham Shui Po',98),(4895,'Kowloon City',98),(4896,'Wong Tai Sin',98),(4897,'Kwun Tong',98),(4898,'Kwai Tsing',98),(4899,'Tuen Mun',98),(4900,'North',98),(4901,'Sha Tin',98),(4902,'Sidi Bel Abbès',4),(4905,'El Mghair',4),(4906,'El Menia',4),(4907,'Ouled Djellal',4),(4908,'Bordj Baji Mokhtar',4),(4909,'Béni Abbès',4),(4910,'Timimoun',4),(4911,'Touggourt',4),(4912,'Djanet',4),(4913,'In Salah',4),(4914,'In Guezzam',4),(4915,'Mure? County',181),(4916,'Volgograd Oblast',182),(4917,'La Colle',145),(4918,'La Condamine',145),(4919,'Moneghetti',145),(4920,'Hamadan',103),(4921,'Bogotá D.C.',48),(4922,'Loreto',173),(4923,'Kutná Hora',58),(4924,'K?chi Prefecture',109),(4925,'C?n Th?',240),(4926,'Rivers',161),(4927,'Rabat-Salé-Kénitra',149),(4928,'Agadir-Ida-Ou-Tanane',149),(4929,'Berrechid',149),(4930,'Casablanca',149),(4931,'Driouch',149),(4932,'Fès',149),(4933,'Fquih Ben Salah',149),(4934,'Guercif',149),(4935,'Marrakech',149),(4936,'M’diq-Fnideq',149),(4937,'Meknès',149),(4938,'Midelt',149),(4939,'Mohammadia',149),(4940,'Oujda-Angad',149),(4941,'Ouezzane',149),(4942,'Rabat',149),(4943,'Rehamna',149),(4944,'Salé',149),(4945,'Sidi Bennour',149),(4946,'Sidi Ifni',149),(4947,'Skhirate-Témara',149),(4948,'Tarfaya (EH-partial)',149),(4949,'Tinghir',149),(4950,'Tanger-Assilah',149),(4951,'Youssoufia',149),(4952,'Sidi Slimane',149),(4953,'Lualaba',51),(4954,'Chaiyaphum',219),(4955,'Mbeya',218),(4956,'Songwe',218),(4957,'Basel-Stadt',214),(4958,'Bono East',83),(4959,'Bono',83),(4960,'North East',83),(4961,'Oti',83),(4962,'Savannah',83),(4963,'Western North',83),(4964,'Nueva Segovia',159),(4965,'Keelung',216),(4966,'New Taipei',216),(4967,'Ain',75),(4968,'Aisne',75),(4969,'Allier',75),(4970,'Alpes-de-Haute-Provence',75),(4971,'Hautes-Alpes',75),(4972,'Alpes-Maritimes',75),(4973,'Ardèche',75),(4974,'Ardennes',75),(4975,'Ariège',75),(4976,'Aube',75),(4977,'Aude',75),(4978,'Aveyron',75),(4979,'Bouches-du-Rhône',75),(4981,'Calvados',75),(4982,'Cantal',75),(4983,'Charente',75),(4984,'Charente-Maritime',75),(4985,'Cher',75),(4986,'Corrèze',75),(4987,'Côte-dOr',75),(4988,'Côtes-dArmor',75),(4989,'Creuse',75),(4990,'Dordogne',75),(4991,'Doubs',75),(4992,'Drôme',75),(4993,'Eure',75),(4994,'Eure-et-Loir',75),(4995,'Finistère',75),(4996,'Corse-du-Sud',75),(4997,'Haute-Corse',75),(4998,'Gard',75),(4999,'Haute-Garonne',75),(5000,'Gers',75),(5001,'Gironde',75),(5002,'Hérault',75),(5003,'Ille-et-Vilaine',75),(5004,'Indre',75),(5005,'Indre-et-Loire',75),(5006,'Isère',75),(5007,'Jura',75),(5008,'Landes',75),(5009,'Loir-et-Cher',75),(5010,'Loire',75),(5011,'Haute-Loire',75),(5012,'Loire-Atlantique',75),(5013,'Loiret',75),(5014,'Lot',75),(5015,'Lot-et-Garonne',75),(5016,'Lozère',75),(5017,'Maine-et-Loire',75),(5018,'Manche',75),(5019,'Marne',75),(5020,'Haute-Marne',75),(5021,'Mayenne',75),(5022,'Meurthe-et-Moselle',75),(5023,'Meuse',75),(5024,'Morbihan',75),(5025,'Moselle',75),(5026,'Nièvre',75),(5027,'Nord',75),(5028,'Oise',75),(5029,'Orne',75),(5030,'Pas-de-Calais',75),(5031,'Puy-de-Dôme',75),(5032,'Pyrénées-Atlantiques',75),(5033,'Hautes-Pyrénées',75),(5034,'Pyrénées-Orientales',75),(5035,'Bas-Rhin',75),(5036,'Haut-Rhin',75),(5037,'Rhône',75),(5038,'Métropole de Lyon',75),(5039,'Haute-Saône',75),(5040,'Saône-et-Loire',75),(5041,'Sarthe',75),(5042,'Savoie',75),(5043,'Haute-Savoie',75),(5044,'Seine-Maritime',75),(5045,'Seine-et-Marne',75),(5046,'Yvelines',75),(5047,'Deux-Sèvres',75),(5048,'Somme',75),(5049,'Tarn',75),(5050,'Tarn-et-Garonne',75),(5051,'Var',75),(5052,'Vaucluse',75),(5053,'Vendée',75),(5054,'Vienne',75),(5055,'Haute-Vienne',75),(5056,'Vosges',75),(5057,'Yonne',75),(5058,'Territoire de Belfort',75),(5059,'Essonne',75),(5060,'Hauts-de-Seine',75),(5061,'Seine-Saint-Denis',75),(5062,'Val-de-Marne',75),(5063,'Val-dOise',75),(5064,'Clipperton',75),(5065,'French Southern and Antarctic Lands',75),(5067,'Sharqia',65),(5068,'Loja',64),(5069,'Karlovac',55),(5070,'Kampong Thom',37),(5071,'Poltavska oblast',230),(5072,'Saint Thomas',242),(5073,'Saint John',242),(5074,'Saint Croix',242),(5075,'San Juan',178),(5076,'Bayamon',178),(5077,'Carolina',178),(5078,'Ponce',178),(5079,'Caguas',178),(5080,'Guaynabo',178),(5081,'Arecibo',178),(5082,'Toa Baja',178),(5083,'Mayagüez',178),(5084,'Trujillo Alto',178),(5085,'Komárom-Esztergom',99),(5086,'Bonaire',155),(5087,'Saba',155),(5088,'Sint Eustatius',155),(5089,'A Coruña',207),(5090,'Lugo',207),(5091,'Ourense',207),(5092,'Badajoz',207),(5093,'Araba',207),(5094,'Bizkaia',207),(5095,'Almeria',207),(5096,'Cádiz',207),(5097,'Córdoba',207),(5098,'Granada',207),(5099,'Huelva',207),(5100,'Jaén',207),(5101,'Málaga',207),(5102,'Barcelona',207),(5103,'Girona',207),(5104,'Lleida',207),(5105,'Ciudad Real',207),(5106,'Cuenca',207),(5107,'Guadalajara',207),(5108,'Alicante',207),(5109,'Albacete',207),(5110,'Castellón',207),(5111,'Teruel',207),(5112,'Santa Cruz de Tenerife',207),(5113,'Zaragoza',207),(5114,'Chari-Baguirmi',43),(5115,'Western Samar',174),(5116,'Nabeul',224);
/*!40000 ALTER TABLE `provincia` ENABLE KEYS */;
UNLOCK TABLES;

--
-- Table structure for table `rol`
--

DROP TABLE IF EXISTS `rol`;
/*!40101 SET @saved_cs_client     = @@character_set_client */;
/*!50503 SET character_set_client = utf8mb4 */;
CREATE TABLE `rol` (
  `id` int(11) NOT NULL AUTO_INCREMENT,
  `tiporol` varchar(100) NOT NULL,
  PRIMARY KEY (`id`)
) ENGINE=InnoDB AUTO_INCREMENT=4 DEFAULT CHARSET=utf8mb4;
/*!40101 SET character_set_client = @saved_cs_client */;

--
-- Dumping data for table `rol`
--

LOCK TABLES `rol` WRITE;
/*!40000 ALTER TABLE `rol` DISABLE KEYS */;
INSERT INTO `rol` VALUES (1,'Administrador'),(2,'Vendedor'),(3,'Usuario');
/*!40000 ALTER TABLE `rol` ENABLE KEYS */;
UNLOCK TABLES;

--
-- Table structure for table `rol_personas`
--

DROP TABLE IF EXISTS `rol_personas`;
/*!40101 SET @saved_cs_client     = @@character_set_client */;
/*!50503 SET character_set_client = utf8mb4 */;
CREATE TABLE `rol_personas` (
  `id` int(11) NOT NULL AUTO_INCREMENT,
  `tiporol` varchar(200) DEFAULT NULL,
  PRIMARY KEY (`id`)
) ENGINE=InnoDB AUTO_INCREMENT=3 DEFAULT CHARSET=utf8mb4;
/*!40101 SET character_set_client = @saved_cs_client */;

--
-- Dumping data for table `rol_personas`
--

LOCK TABLES `rol_personas` WRITE;
/*!40000 ALTER TABLE `rol_personas` DISABLE KEYS */;
INSERT INTO `rol_personas` VALUES (1,'Autor'),(2,'Illustrador');
/*!40000 ALTER TABLE `rol_personas` ENABLE KEYS */;
UNLOCK TABLES;

--
-- Table structure for table `rol_usuario`
--

DROP TABLE IF EXISTS `rol_usuario`;
/*!40101 SET @saved_cs_client     = @@character_set_client */;
/*!50503 SET character_set_client = utf8mb4 */;
CREATE TABLE `rol_usuario` (
  `id` int(11) NOT NULL AUTO_INCREMENT,
  `fecha` datetime NOT NULL,
  `id_usuario` int(11) NOT NULL,
  `id_rol` int(11) NOT NULL,
  PRIMARY KEY (`id`),
  KEY `id_usuario` (`id_usuario`),
  KEY `id_rol` (`id_rol`),
  CONSTRAINT `rol_usuario_ibfk_1` FOREIGN KEY (`id_usuario`) REFERENCES `usuario` (`id`),
  CONSTRAINT `rol_usuario_ibfk_2` FOREIGN KEY (`id_rol`) REFERENCES `rol` (`id`)
) ENGINE=InnoDB AUTO_INCREMENT=1001 DEFAULT CHARSET=utf8mb4;
/*!40101 SET character_set_client = @saved_cs_client */;

--
-- Dumping data for table `rol_usuario`
--

LOCK TABLES `rol_usuario` WRITE;
/*!40000 ALTER TABLE `rol_usuario` DISABLE KEYS */;
INSERT INTO `rol_usuario` VALUES (1,'2022-03-07 00:00:00',575,3),(2,'2022-04-13 00:00:00',170,2),(3,'2022-06-30 00:00:00',928,2),(4,'2022-02-16 00:00:00',252,2),(5,'2022-01-19 00:00:00',336,2),(6,'2022-04-01 00:00:00',406,2),(7,'2022-01-14 00:00:00',313,2),(8,'2022-05-20 00:00:00',897,2),(9,'2022-08-07 00:00:00',251,2),(10,'2022-09-05 00:00:00',334,3),(11,'2022-05-15 00:00:00',707,3),(12,'2022-05-05 00:00:00',243,2),(13,'2022-05-21 00:00:00',106,2),(14,'2022-06-29 00:00:00',414,2),(15,'2022-01-13 00:00:00',628,3),(16,'2022-07-29 00:00:00',88,2),(17,'2022-03-02 00:00:00',214,2),(18,'2022-07-23 00:00:00',503,3),(19,'2022-02-14 00:00:00',764,3),(20,'2022-02-02 00:00:00',442,3),(21,'2022-07-15 00:00:00',444,3),(22,'2022-07-31 00:00:00',720,2),(23,'2022-02-16 00:00:00',367,3),(24,'2022-01-01 00:00:00',891,3),(25,'2022-04-25 00:00:00',911,3),(26,'2022-08-09 00:00:00',302,2),(27,'2022-08-28 00:00:00',205,2),(28,'2022-06-22 00:00:00',505,2),(29,'2022-03-26 00:00:00',197,3),(30,'2022-07-02 00:00:00',669,2),(31,'2022-08-06 00:00:00',276,2),(32,'2022-05-22 00:00:00',917,3),(33,'2022-04-11 00:00:00',624,2),(34,'2022-03-18 00:00:00',846,3),(35,'2022-01-09 00:00:00',950,3),(36,'2022-03-06 00:00:00',417,3),(37,'2022-07-08 00:00:00',958,3),(38,'2022-06-09 00:00:00',651,3),(39,'2022-08-05 00:00:00',121,3),(40,'2022-01-01 00:00:00',334,3),(41,'2022-03-03 00:00:00',650,2),(42,'2022-05-27 00:00:00',814,2),(43,'2022-04-24 00:00:00',640,2),(44,'2022-08-22 00:00:00',838,2),(45,'2022-03-17 00:00:00',128,3),(46,'2022-01-01 00:00:00',7,2),(47,'2022-08-17 00:00:00',422,3),(48,'2022-05-26 00:00:00',776,3),(49,'2022-06-25 00:00:00',681,2),(50,'2022-02-21 00:00:00',934,3),(51,'2022-03-10 00:00:00',887,2),(52,'2022-05-30 00:00:00',52,2),(53,'2022-05-24 00:00:00',66,2),(54,'2022-06-23 00:00:00',825,3),(55,'2022-07-10 00:00:00',286,3),(56,'2022-01-18 00:00:00',639,3),(57,'2022-04-18 00:00:00',772,2),(58,'2022-01-21 00:00:00',248,2),(59,'2022-02-16 00:00:00',239,2),(60,'2022-07-27 00:00:00',381,3),(61,'2022-02-13 00:00:00',138,2),(62,'2022-01-19 00:00:00',808,3),(63,'2022-04-21 00:00:00',320,2),(64,'2022-02-09 00:00:00',427,2),(65,'2022-07-18 00:00:00',877,3),(66,'2022-03-05 00:00:00',777,3),(67,'2022-09-06 00:00:00',386,3),(68,'2022-05-30 00:00:00',122,2),(69,'2022-02-25 00:00:00',933,2),(70,'2022-09-02 00:00:00',855,2),(71,'2022-04-03 00:00:00',81,2),(72,'2022-01-27 00:00:00',120,2),(73,'2022-07-02 00:00:00',568,3),(74,'2022-03-09 00:00:00',788,2),(75,'2022-02-26 00:00:00',612,2),(76,'2022-01-30 00:00:00',204,3),(77,'2022-07-21 00:00:00',678,3),(78,'2022-09-03 00:00:00',973,3),(79,'2022-08-12 00:00:00',784,2),(80,'2022-04-13 00:00:00',558,2),(81,'2022-06-26 00:00:00',444,3),(82,'2022-07-29 00:00:00',738,2),(83,'2022-08-01 00:00:00',296,2),(84,'2022-04-07 00:00:00',449,2),(85,'2022-01-12 00:00:00',44,2),(86,'2022-04-22 00:00:00',278,3),(87,'2022-03-21 00:00:00',750,2),(88,'2022-08-29 00:00:00',396,2),(89,'2022-08-20 00:00:00',449,2),(90,'2022-07-09 00:00:00',877,3),(91,'2022-05-27 00:00:00',419,2),(92,'2022-02-27 00:00:00',535,2),(93,'2022-02-28 00:00:00',757,3),(94,'2022-05-12 00:00:00',45,3),(95,'2022-07-19 00:00:00',346,2),(96,'2022-02-02 00:00:00',122,2),(97,'2022-03-16 00:00:00',452,2),(98,'2022-03-16 00:00:00',609,3),(99,'2022-02-03 00:00:00',922,3),(100,'2022-04-28 00:00:00',187,3),(101,'2022-04-10 00:00:00',607,2),(102,'2022-07-11 00:00:00',509,3),(103,'2022-06-28 00:00:00',430,2),(104,'2022-07-04 00:00:00',548,2),(105,'2022-07-21 00:00:00',867,3),(106,'2022-01-13 00:00:00',49,3),(107,'2022-05-23 00:00:00',345,3),(108,'2022-07-03 00:00:00',487,2),(109,'2022-08-21 00:00:00',161,3),(110,'2022-01-29 00:00:00',856,3),(111,'2022-06-12 00:00:00',667,3),(112,'2022-02-28 00:00:00',660,3),(113,'2022-05-01 00:00:00',198,2),(114,'2022-05-11 00:00:00',822,2),(115,'2022-01-30 00:00:00',953,2),(116,'2022-08-18 00:00:00',486,2),(117,'2022-06-20 00:00:00',424,2),(118,'2022-08-20 00:00:00',80,3),(119,'2022-02-17 00:00:00',891,3),(120,'2022-05-08 00:00:00',979,3),(121,'2022-04-10 00:00:00',628,3),(122,'2022-06-27 00:00:00',170,2),(123,'2022-03-08 00:00:00',278,2),(124,'2022-03-15 00:00:00',582,3),(125,'2022-01-27 00:00:00',869,2),(126,'2022-07-30 00:00:00',851,2),(127,'2022-05-27 00:00:00',223,2),(128,'2022-04-06 00:00:00',941,2),(129,'2022-07-03 00:00:00',842,3),(130,'2022-08-07 00:00:00',412,2),(131,'2022-03-25 00:00:00',956,3),(132,'2022-06-07 00:00:00',906,3),(133,'2022-07-03 00:00:00',160,3),(134,'2022-05-18 00:00:00',272,3),(135,'2022-02-07 00:00:00',151,3),(136,'2022-03-15 00:00:00',780,3),(137,'2022-06-14 00:00:00',614,3),(138,'2022-07-18 00:00:00',790,2),(139,'2022-03-28 00:00:00',37,3),(140,'2022-04-24 00:00:00',840,2),(141,'2022-06-28 00:00:00',274,3),(142,'2022-02-02 00:00:00',716,3),(143,'2022-07-02 00:00:00',593,3),(144,'2022-07-15 00:00:00',204,3),(145,'2022-01-05 00:00:00',653,2),(146,'2022-04-11 00:00:00',996,2),(147,'2022-08-15 00:00:00',759,3),(148,'2022-07-12 00:00:00',221,3),(149,'2022-04-08 00:00:00',857,3),(150,'2022-08-27 00:00:00',883,2),(151,'2022-03-17 00:00:00',209,2),(152,'2022-07-13 00:00:00',592,2),(153,'2022-02-21 00:00:00',281,3),(154,'2022-06-18 00:00:00',178,3),(155,'2022-04-23 00:00:00',444,2),(156,'2022-02-03 00:00:00',135,2),(157,'2022-06-13 00:00:00',258,3),(158,'2022-02-19 00:00:00',275,3),(159,'2022-08-19 00:00:00',824,3),(160,'2022-06-14 00:00:00',885,3),(161,'2022-08-05 00:00:00',305,2),(162,'2022-08-08 00:00:00',958,2),(163,'2022-01-06 00:00:00',905,3),(164,'2022-07-12 00:00:00',576,2),(165,'2022-05-24 00:00:00',180,3),(166,'2022-04-01 00:00:00',582,3),(167,'2022-07-30 00:00:00',241,3),(168,'2022-04-21 00:00:00',927,3),(169,'2022-01-24 00:00:00',886,3),(170,'2022-02-11 00:00:00',829,2),(171,'2022-03-30 00:00:00',382,2),(172,'2022-03-08 00:00:00',46,2),(173,'2022-08-15 00:00:00',109,3),(174,'2022-03-21 00:00:00',916,2),(175,'2022-06-15 00:00:00',691,3),(176,'2022-07-28 00:00:00',642,2),(177,'2022-01-24 00:00:00',36,2),(178,'2022-04-07 00:00:00',723,2),(179,'2022-08-19 00:00:00',738,2),(180,'2022-06-07 00:00:00',337,3),(181,'2022-04-09 00:00:00',392,3),(182,'2022-08-08 00:00:00',345,3),(183,'2022-04-22 00:00:00',258,2),(184,'2022-05-23 00:00:00',539,2),(185,'2022-04-21 00:00:00',388,2),(186,'2022-06-17 00:00:00',174,3),(187,'2022-06-23 00:00:00',303,2),(188,'2022-03-09 00:00:00',456,2),(189,'2022-03-15 00:00:00',25,3),(190,'2022-04-30 00:00:00',949,3),(191,'2022-06-17 00:00:00',983,3),(192,'2022-05-25 00:00:00',520,2),(193,'2022-03-07 00:00:00',950,2),(194,'2022-08-29 00:00:00',516,2),(195,'2022-04-25 00:00:00',78,3),(196,'2022-01-28 00:00:00',135,2),(197,'2022-08-19 00:00:00',520,2),(198,'2022-06-18 00:00:00',156,3),(199,'2022-05-08 00:00:00',12,2),(200,'2022-03-20 00:00:00',814,2),(201,'2022-01-19 00:00:00',628,2),(202,'2022-03-13 00:00:00',105,3),(203,'2022-09-01 00:00:00',217,2),(204,'2022-01-25 00:00:00',944,2),(205,'2022-02-21 00:00:00',978,2),(206,'2022-03-28 00:00:00',374,3),(207,'2022-06-29 00:00:00',241,2),(208,'2022-02-03 00:00:00',696,3),(209,'2022-08-01 00:00:00',498,3),(210,'2022-03-29 00:00:00',910,2),(211,'2022-02-10 00:00:00',483,3),(212,'2022-05-07 00:00:00',595,3),(213,'2022-06-06 00:00:00',686,3),(214,'2022-06-19 00:00:00',537,2),(215,'2022-02-22 00:00:00',169,3),(216,'2022-09-06 00:00:00',580,3),(217,'2022-03-15 00:00:00',910,3),(218,'2022-03-22 00:00:00',411,3),(219,'2022-02-23 00:00:00',134,2),(220,'2022-05-29 00:00:00',500,2),(221,'2022-07-07 00:00:00',841,2),(222,'2022-09-06 00:00:00',164,3),(223,'2022-04-11 00:00:00',899,2),(224,'2022-05-27 00:00:00',170,3),(225,'2022-02-13 00:00:00',318,2),(226,'2022-08-19 00:00:00',14,2),(227,'2022-04-26 00:00:00',221,2),(228,'2022-02-03 00:00:00',786,2),(229,'2022-07-21 00:00:00',73,2),(230,'2022-04-11 00:00:00',426,2),(231,'2022-02-09 00:00:00',882,3),(232,'2022-04-14 00:00:00',157,3),(233,'2022-08-16 00:00:00',926,2),(234,'2022-05-06 00:00:00',206,2),(235,'2022-05-03 00:00:00',87,2),(236,'2022-09-03 00:00:00',288,2),(237,'2022-01-07 00:00:00',417,3),(238,'2022-03-08 00:00:00',657,3),(239,'2022-06-17 00:00:00',770,2),(240,'2022-06-08 00:00:00',222,2),(241,'2022-07-15 00:00:00',547,2),(242,'2022-05-06 00:00:00',256,3),(243,'2022-06-09 00:00:00',764,2),(244,'2022-06-26 00:00:00',520,2),(245,'2022-05-20 00:00:00',380,2),(246,'2022-05-17 00:00:00',109,3),(247,'2022-06-05 00:00:00',327,3),(248,'2022-02-05 00:00:00',708,3),(249,'2022-04-21 00:00:00',299,3),(250,'2022-02-04 00:00:00',773,2),(251,'2022-05-04 00:00:00',561,2),(252,'2022-08-14 00:00:00',659,3),(253,'2022-06-27 00:00:00',708,2),(254,'2022-08-28 00:00:00',202,2),(255,'2022-06-22 00:00:00',851,2),(256,'2022-02-23 00:00:00',766,2),(257,'2022-05-25 00:00:00',24,3),(258,'2022-03-24 00:00:00',273,3),(259,'2022-07-09 00:00:00',759,3),(260,'2022-02-11 00:00:00',584,2),(261,'2022-05-17 00:00:00',389,3),(262,'2022-08-21 00:00:00',335,2),(263,'2022-07-29 00:00:00',159,2),(264,'2022-07-06 00:00:00',968,3),(265,'2022-02-03 00:00:00',797,3),(266,'2022-01-22 00:00:00',107,2),(267,'2022-06-15 00:00:00',735,2),(268,'2022-01-30 00:00:00',893,3),(269,'2022-03-23 00:00:00',841,2),(270,'2022-04-18 00:00:00',481,2),(271,'2022-06-09 00:00:00',845,2),(272,'2022-04-27 00:00:00',554,3),(273,'2022-06-08 00:00:00',160,3),(274,'2022-02-01 00:00:00',658,3),(275,'2022-05-13 00:00:00',702,2),(276,'2022-07-01 00:00:00',42,3),(277,'2022-05-24 00:00:00',505,3),(278,'2022-05-22 00:00:00',697,3),(279,'2022-04-24 00:00:00',659,2),(280,'2022-01-09 00:00:00',982,3),(281,'2022-05-24 00:00:00',236,2),(282,'2022-09-03 00:00:00',868,3),(283,'2022-07-11 00:00:00',871,2),(284,'2022-07-20 00:00:00',402,2),(285,'2022-05-25 00:00:00',541,2),(286,'2022-08-12 00:00:00',614,2),(287,'2022-07-14 00:00:00',106,3),(288,'2022-08-14 00:00:00',209,2),(289,'2022-04-13 00:00:00',567,2),(290,'2022-03-05 00:00:00',641,2),(291,'2022-01-05 00:00:00',513,3),(292,'2022-06-08 00:00:00',671,3),(293,'2022-06-18 00:00:00',377,2),(294,'2022-01-30 00:00:00',237,3),(295,'2022-08-31 00:00:00',907,3),(296,'2022-08-01 00:00:00',895,2),(297,'2022-04-16 00:00:00',349,3),(298,'2022-03-13 00:00:00',649,3),(299,'2022-04-27 00:00:00',308,3),(300,'2022-08-31 00:00:00',170,3),(301,'2022-06-14 00:00:00',763,2),(302,'2022-05-24 00:00:00',580,3),(303,'2022-02-12 00:00:00',998,2),(304,'2022-02-23 00:00:00',805,3),(305,'2022-06-12 00:00:00',13,3),(306,'2022-09-03 00:00:00',596,3),(307,'2022-04-06 00:00:00',692,2),(308,'2022-04-15 00:00:00',684,3),(309,'2022-07-19 00:00:00',806,2),(310,'2022-08-10 00:00:00',123,3),(311,'2022-01-08 00:00:00',311,2),(312,'2022-06-14 00:00:00',297,2),(313,'2022-07-07 00:00:00',138,2),(314,'2022-06-26 00:00:00',619,3),(315,'2022-04-10 00:00:00',745,2),(316,'2022-02-18 00:00:00',789,3),(317,'2022-05-16 00:00:00',390,2),(318,'2022-08-19 00:00:00',144,3),(319,'2022-07-18 00:00:00',480,3),(320,'2022-04-07 00:00:00',228,3),(321,'2022-08-24 00:00:00',598,2),(322,'2022-03-18 00:00:00',299,2),(323,'2022-07-14 00:00:00',812,2),(324,'2022-01-25 00:00:00',291,2),(325,'2022-03-26 00:00:00',735,2),(326,'2022-09-02 00:00:00',259,3),(327,'2022-07-10 00:00:00',496,3),(328,'2022-02-24 00:00:00',311,2),(329,'2022-01-04 00:00:00',309,2),(330,'2022-07-25 00:00:00',139,2),(331,'2022-05-11 00:00:00',791,2),(332,'2022-06-03 00:00:00',479,2),(333,'2022-05-12 00:00:00',592,3),(334,'2022-01-13 00:00:00',813,2),(335,'2022-01-01 00:00:00',376,2),(336,'2022-07-10 00:00:00',52,3),(337,'2022-03-20 00:00:00',847,2),(338,'2022-09-02 00:00:00',960,3),(339,'2022-06-13 00:00:00',242,2),(340,'2022-08-07 00:00:00',12,3),(341,'2022-07-03 00:00:00',39,2),(342,'2022-02-08 00:00:00',239,2),(343,'2022-06-19 00:00:00',617,2),(344,'2022-07-13 00:00:00',618,2),(345,'2022-05-14 00:00:00',366,2),(346,'2022-03-17 00:00:00',699,3),(347,'2022-06-24 00:00:00',323,3),(348,'2022-03-02 00:00:00',942,3),(349,'2022-03-18 00:00:00',396,2),(350,'2022-07-30 00:00:00',366,2),(351,'2022-03-12 00:00:00',984,3),(352,'2022-07-14 00:00:00',484,2),(353,'2022-03-06 00:00:00',775,3),(354,'2022-01-07 00:00:00',86,2),(355,'2022-07-29 00:00:00',218,2),(356,'2022-06-16 00:00:00',954,2),(357,'2022-06-14 00:00:00',208,2),(358,'2022-05-21 00:00:00',289,3),(359,'2022-01-21 00:00:00',556,2),(360,'2022-01-26 00:00:00',122,3),(361,'2022-07-16 00:00:00',636,3),(362,'2022-05-05 00:00:00',139,2),(363,'2022-07-05 00:00:00',462,2),(364,'2022-07-05 00:00:00',927,2),(365,'2022-09-02 00:00:00',215,2),(366,'2022-04-03 00:00:00',147,2),(367,'2022-05-07 00:00:00',35,2),(368,'2022-02-12 00:00:00',417,2),(369,'2022-08-13 00:00:00',418,2),(370,'2022-01-26 00:00:00',379,2),(371,'2022-03-05 00:00:00',822,3),(372,'2022-02-21 00:00:00',210,2),(373,'2022-06-18 00:00:00',132,3),(374,'2022-01-29 00:00:00',562,2),(375,'2022-04-08 00:00:00',406,2),(376,'2022-01-05 00:00:00',447,3),(377,'2022-05-17 00:00:00',766,3),(378,'2022-03-31 00:00:00',184,3),(379,'2022-07-13 00:00:00',993,2),(380,'2022-01-13 00:00:00',319,3),(381,'2022-05-11 00:00:00',115,2),(382,'2022-05-13 00:00:00',248,3),(383,'2022-08-26 00:00:00',472,2),(384,'2022-07-19 00:00:00',531,3),(385,'2022-06-10 00:00:00',922,3),(386,'2022-06-29 00:00:00',249,2),(387,'2022-05-02 00:00:00',898,2),(388,'2022-02-25 00:00:00',612,3),(389,'2022-04-13 00:00:00',962,2),(390,'2022-06-08 00:00:00',260,2),(391,'2022-05-19 00:00:00',924,3),(392,'2022-01-19 00:00:00',29,2),(393,'2022-06-28 00:00:00',574,3),(394,'2022-07-06 00:00:00',698,2),(395,'2022-04-10 00:00:00',177,2),(396,'2022-07-26 00:00:00',845,3),(397,'2022-06-01 00:00:00',646,2),(398,'2022-07-26 00:00:00',711,3),(399,'2022-07-25 00:00:00',187,2),(400,'2022-06-02 00:00:00',621,3),(401,'2022-02-22 00:00:00',275,3),(402,'2022-05-24 00:00:00',68,2),(403,'2022-06-09 00:00:00',299,3),(404,'2022-06-18 00:00:00',897,3),(405,'2022-01-20 00:00:00',30,3),(406,'2022-05-08 00:00:00',997,3),(407,'2022-04-26 00:00:00',785,3),(408,'2022-01-04 00:00:00',901,3),(409,'2022-02-25 00:00:00',167,3),(410,'2022-04-26 00:00:00',871,2),(411,'2022-06-01 00:00:00',310,3),(412,'2022-08-31 00:00:00',14,3),(413,'2022-04-19 00:00:00',319,2),(414,'2022-04-19 00:00:00',437,3),(415,'2022-06-14 00:00:00',173,2),(416,'2022-05-02 00:00:00',143,3),(417,'2022-03-01 00:00:00',45,2),(418,'2022-05-30 00:00:00',438,2),(419,'2022-09-07 00:00:00',535,2),(420,'2022-04-10 00:00:00',792,3),(421,'2022-05-09 00:00:00',353,3),(422,'2022-05-28 00:00:00',136,3),(423,'2022-07-07 00:00:00',275,2),(424,'2022-04-12 00:00:00',282,3),(425,'2022-05-12 00:00:00',159,2),(426,'2022-09-07 00:00:00',771,2),(427,'2022-08-19 00:00:00',437,2),(428,'2022-07-23 00:00:00',659,2),(429,'2022-04-20 00:00:00',887,3),(430,'2022-06-09 00:00:00',15,2),(431,'2022-05-03 00:00:00',500,2),(432,'2022-02-09 00:00:00',103,3),(433,'2022-05-23 00:00:00',177,3),(434,'2022-01-06 00:00:00',102,2),(435,'2022-08-14 00:00:00',345,3),(436,'2022-04-04 00:00:00',391,2),(437,'2022-01-17 00:00:00',291,3),(438,'2022-03-06 00:00:00',232,3),(439,'2022-04-26 00:00:00',384,2),(440,'2022-08-11 00:00:00',334,2),(441,'2022-07-11 00:00:00',358,3),(442,'2022-08-01 00:00:00',772,3),(443,'2022-03-22 00:00:00',194,3),(444,'2022-09-03 00:00:00',169,3),(445,'2022-01-03 00:00:00',975,2),(446,'2022-03-05 00:00:00',639,2),(447,'2022-01-16 00:00:00',153,2),(448,'2022-04-17 00:00:00',426,2),(449,'2022-01-16 00:00:00',929,2),(450,'2022-03-24 00:00:00',133,3),(451,'2022-05-25 00:00:00',633,3),(452,'2022-02-21 00:00:00',474,3),(453,'2022-04-02 00:00:00',571,3),(454,'2022-02-25 00:00:00',822,3),(455,'2022-07-25 00:00:00',938,3),(456,'2022-08-13 00:00:00',193,3),(457,'2022-01-21 00:00:00',426,3),(458,'2022-06-06 00:00:00',904,2),(459,'2022-07-04 00:00:00',763,2),(460,'2022-07-11 00:00:00',5,3),(461,'2022-07-19 00:00:00',527,3),(462,'2022-05-13 00:00:00',824,3),(463,'2022-03-02 00:00:00',996,3),(464,'2022-06-12 00:00:00',637,2),(465,'2022-05-22 00:00:00',212,3),(466,'2022-05-30 00:00:00',304,3),(467,'2022-07-19 00:00:00',418,3),(468,'2022-01-11 00:00:00',551,3),(469,'2022-04-13 00:00:00',941,3),(470,'2022-08-16 00:00:00',824,3),(471,'2022-08-15 00:00:00',391,3),(472,'2022-04-27 00:00:00',455,2),(473,'2022-03-25 00:00:00',446,2),(474,'2022-04-30 00:00:00',465,2),(475,'2022-05-28 00:00:00',425,2),(476,'2022-03-15 00:00:00',329,3),(477,'2022-06-05 00:00:00',622,2),(478,'2022-01-27 00:00:00',64,2),(479,'2022-06-14 00:00:00',365,3),(480,'2022-05-09 00:00:00',120,2),(481,'2022-02-12 00:00:00',319,3),(482,'2022-01-21 00:00:00',782,3),(483,'2022-06-20 00:00:00',166,2),(484,'2022-04-09 00:00:00',218,3),(485,'2022-06-20 00:00:00',857,2),(486,'2022-03-18 00:00:00',436,3),(487,'2022-08-18 00:00:00',350,3),(488,'2022-03-26 00:00:00',87,2),(489,'2022-02-08 00:00:00',952,3),(490,'2022-07-21 00:00:00',760,2),(491,'2022-05-31 00:00:00',846,2),(492,'2022-06-05 00:00:00',732,3),(493,'2022-05-20 00:00:00',281,3),(494,'2022-01-10 00:00:00',346,2),(495,'2022-03-23 00:00:00',336,2),(496,'2022-04-30 00:00:00',248,3),(497,'2022-07-21 00:00:00',763,2),(498,'2022-03-04 00:00:00',252,2),(499,'2022-08-31 00:00:00',924,2),(500,'2022-06-30 00:00:00',792,2),(501,'2022-06-02 00:00:00',198,3),(502,'2022-06-01 00:00:00',142,2),(503,'2022-05-05 00:00:00',368,3),(504,'2022-08-22 00:00:00',195,2),(505,'2022-09-03 00:00:00',348,2),(506,'2022-02-16 00:00:00',55,3),(507,'2022-02-07 00:00:00',524,3),(508,'2022-02-09 00:00:00',175,3),(509,'2022-03-04 00:00:00',284,2),(510,'2022-08-21 00:00:00',15,3),(511,'2022-03-25 00:00:00',566,3),(512,'2022-06-15 00:00:00',477,2),(513,'2022-03-17 00:00:00',314,2),(514,'2022-06-17 00:00:00',628,3),(515,'2022-08-19 00:00:00',460,3),(516,'2022-03-06 00:00:00',89,3),(517,'2022-06-11 00:00:00',955,2),(518,'2022-07-11 00:00:00',853,2),(519,'2022-06-20 00:00:00',413,3),(520,'2022-01-31 00:00:00',666,3),(521,'2022-03-14 00:00:00',381,2),(522,'2022-06-16 00:00:00',378,3),(523,'2022-08-19 00:00:00',7,3),(524,'2022-07-16 00:00:00',156,2),(525,'2022-06-23 00:00:00',989,2),(526,'2022-02-04 00:00:00',25,2),(527,'2022-01-12 00:00:00',446,2),(528,'2022-06-14 00:00:00',579,3),(529,'2022-04-19 00:00:00',74,2),(530,'2022-03-18 00:00:00',353,3),(531,'2022-03-27 00:00:00',984,3),(532,'2022-06-14 00:00:00',864,2),(533,'2022-06-21 00:00:00',365,2),(534,'2022-03-22 00:00:00',169,3),(535,'2022-02-22 00:00:00',334,2),(536,'2022-06-11 00:00:00',979,2),(537,'2022-01-18 00:00:00',552,2),(538,'2022-05-25 00:00:00',17,2),(539,'2022-06-15 00:00:00',123,3),(540,'2022-06-02 00:00:00',460,3),(541,'2022-05-02 00:00:00',121,2),(542,'2022-09-02 00:00:00',612,3),(543,'2022-02-15 00:00:00',918,3),(544,'2022-06-25 00:00:00',398,2),(545,'2022-05-04 00:00:00',555,3),(546,'2022-08-22 00:00:00',933,2),(547,'2022-04-01 00:00:00',878,3),(548,'2022-08-04 00:00:00',579,2),(549,'2022-04-01 00:00:00',359,2),(550,'2022-06-06 00:00:00',263,3),(551,'2022-07-06 00:00:00',609,2),(552,'2022-06-20 00:00:00',446,3),(553,'2022-01-27 00:00:00',856,3),(554,'2022-05-31 00:00:00',800,2),(555,'2022-05-15 00:00:00',137,3),(556,'2022-03-30 00:00:00',673,2),(557,'2022-08-30 00:00:00',274,2),(558,'2022-08-28 00:00:00',635,3),(559,'2022-05-16 00:00:00',989,3),(560,'2022-04-29 00:00:00',828,3),(561,'2022-05-28 00:00:00',730,3),(562,'2022-03-05 00:00:00',74,3),(563,'2022-02-16 00:00:00',857,3),(564,'2022-02-19 00:00:00',898,2),(565,'2022-08-28 00:00:00',795,3),(566,'2022-02-16 00:00:00',739,3),(567,'2022-08-13 00:00:00',763,2),(568,'2022-05-11 00:00:00',444,2),(569,'2022-01-09 00:00:00',5,2),(570,'2022-05-25 00:00:00',574,3),(571,'2022-07-30 00:00:00',176,3),(572,'2022-03-05 00:00:00',518,3),(573,'2022-06-15 00:00:00',404,3),(574,'2022-08-13 00:00:00',590,3),(575,'2022-02-06 00:00:00',754,3),(576,'2022-02-04 00:00:00',206,3),(577,'2022-06-04 00:00:00',172,2),(578,'2022-07-25 00:00:00',654,2),(579,'2022-04-14 00:00:00',613,2),(580,'2022-03-04 00:00:00',763,3),(581,'2022-07-26 00:00:00',308,2),(582,'2022-07-08 00:00:00',94,2),(583,'2022-08-30 00:00:00',677,3),(584,'2022-01-24 00:00:00',843,2),(585,'2022-06-27 00:00:00',219,2),(586,'2022-07-18 00:00:00',605,2),(587,'2022-04-19 00:00:00',419,3),(588,'2022-01-03 00:00:00',408,2),(589,'2022-03-29 00:00:00',43,2),(590,'2022-06-20 00:00:00',966,2),(591,'2022-01-13 00:00:00',58,2),(592,'2022-03-01 00:00:00',579,2),(593,'2022-01-20 00:00:00',165,3),(594,'2022-08-15 00:00:00',723,3),(595,'2022-03-04 00:00:00',323,2),(596,'2022-07-19 00:00:00',409,3),(597,'2022-05-28 00:00:00',956,3),(598,'2022-03-13 00:00:00',351,3),(599,'2022-09-04 00:00:00',76,3),(600,'2022-03-04 00:00:00',535,3),(601,'2022-04-19 00:00:00',712,2),(602,'2022-01-17 00:00:00',778,2),(603,'2022-01-06 00:00:00',662,3),(604,'2022-08-03 00:00:00',262,2),(605,'2022-07-06 00:00:00',316,2),(606,'2022-03-08 00:00:00',995,3),(607,'2022-02-07 00:00:00',766,3),(608,'2022-06-25 00:00:00',241,3),(609,'2022-06-18 00:00:00',991,3),(610,'2022-07-18 00:00:00',881,3),(611,'2022-02-05 00:00:00',455,3),(612,'2022-03-07 00:00:00',398,2),(613,'2022-08-07 00:00:00',315,3),(614,'2022-07-16 00:00:00',723,3),(615,'2022-07-15 00:00:00',271,3),(616,'2022-03-25 00:00:00',575,2),(617,'2022-08-12 00:00:00',478,2),(618,'2022-03-17 00:00:00',909,3),(619,'2022-01-05 00:00:00',80,3),(620,'2022-05-23 00:00:00',380,3),(621,'2022-07-16 00:00:00',902,3),(622,'2022-07-20 00:00:00',636,3),(623,'2022-06-04 00:00:00',231,2),(624,'2022-05-05 00:00:00',191,2),(625,'2022-02-13 00:00:00',331,2),(626,'2022-03-28 00:00:00',266,2),(627,'2022-05-17 00:00:00',521,2),(628,'2022-05-29 00:00:00',63,3),(629,'2022-03-17 00:00:00',266,2),(630,'2022-01-13 00:00:00',981,2),(631,'2022-05-21 00:00:00',994,2),(632,'2022-03-25 00:00:00',514,3),(633,'2022-09-02 00:00:00',810,3),(634,'2022-06-20 00:00:00',465,3),(635,'2022-02-19 00:00:00',975,2),(636,'2022-08-10 00:00:00',983,2),(637,'2022-03-21 00:00:00',569,2),(638,'2022-04-26 00:00:00',106,3),(639,'2022-06-21 00:00:00',329,3),(640,'2022-06-06 00:00:00',703,2),(641,'2022-06-07 00:00:00',955,3),(642,'2022-03-01 00:00:00',201,2),(643,'2022-06-11 00:00:00',669,3),(644,'2022-05-15 00:00:00',523,3),(645,'2022-06-22 00:00:00',454,2),(646,'2022-04-16 00:00:00',68,2),(647,'2022-05-04 00:00:00',938,3),(648,'2022-01-27 00:00:00',190,2),(649,'2022-07-10 00:00:00',56,2),(650,'2022-07-09 00:00:00',623,3),(651,'2022-07-18 00:00:00',804,3),(652,'2022-01-30 00:00:00',803,3),(653,'2022-01-16 00:00:00',101,2),(654,'2022-01-29 00:00:00',105,2),(655,'2022-02-09 00:00:00',758,2),(656,'2022-09-03 00:00:00',781,2),(657,'2022-01-27 00:00:00',279,3),(658,'2022-02-17 00:00:00',398,2),(659,'2022-06-26 00:00:00',511,2),(660,'2022-04-24 00:00:00',392,3),(661,'2022-05-21 00:00:00',662,3),(662,'2022-07-24 00:00:00',508,2),(663,'2022-05-14 00:00:00',621,3),(664,'2022-05-23 00:00:00',75,2),(665,'2022-05-18 00:00:00',534,2),(666,'2022-07-07 00:00:00',458,3),(667,'2022-09-07 00:00:00',38,2),(668,'2022-01-03 00:00:00',966,2),(669,'2022-01-08 00:00:00',267,3),(670,'2022-01-30 00:00:00',209,2),(671,'2022-08-02 00:00:00',354,2),(672,'2022-08-12 00:00:00',676,3),(673,'2022-01-01 00:00:00',592,2),(674,'2022-08-16 00:00:00',143,2),(675,'2022-02-09 00:00:00',364,3),(676,'2022-01-09 00:00:00',686,2),(677,'2022-01-05 00:00:00',154,2),(678,'2022-08-09 00:00:00',641,2),(679,'2022-05-08 00:00:00',629,2),(680,'2022-09-04 00:00:00',288,2),(681,'2022-03-12 00:00:00',610,2),(682,'2022-08-15 00:00:00',995,3),(683,'2022-01-21 00:00:00',546,2),(684,'2022-04-30 00:00:00',285,3),(685,'2022-05-19 00:00:00',64,2),(686,'2022-03-31 00:00:00',740,3),(687,'2022-08-23 00:00:00',876,3),(688,'2022-05-08 00:00:00',941,3),(689,'2022-05-08 00:00:00',463,3),(690,'2022-06-03 00:00:00',481,2),(691,'2022-03-21 00:00:00',463,3),(692,'2022-03-06 00:00:00',969,2),(693,'2022-01-22 00:00:00',357,2),(694,'2022-05-07 00:00:00',360,2),(695,'2022-08-03 00:00:00',419,3),(696,'2022-02-02 00:00:00',642,3),(697,'2022-02-01 00:00:00',388,2),(698,'2022-03-18 00:00:00',238,3),(699,'2022-04-15 00:00:00',852,3),(700,'2022-05-26 00:00:00',338,3),(701,'2022-02-09 00:00:00',417,3),(702,'2022-02-27 00:00:00',233,2),(703,'2022-02-19 00:00:00',15,2),(704,'2022-04-06 00:00:00',610,2),(705,'2022-09-03 00:00:00',197,3),(706,'2022-08-26 00:00:00',65,3),(707,'2022-03-02 00:00:00',146,3),(708,'2022-07-13 00:00:00',79,2),(709,'2022-08-12 00:00:00',560,2),(710,'2022-02-18 00:00:00',673,3),(711,'2022-03-04 00:00:00',44,3),(712,'2022-01-18 00:00:00',876,3),(713,'2022-07-31 00:00:00',400,2),(714,'2022-02-13 00:00:00',643,3),(715,'2022-01-04 00:00:00',621,3),(716,'2022-02-07 00:00:00',942,3),(717,'2022-02-05 00:00:00',595,2),(718,'2022-03-11 00:00:00',200,3),(719,'2022-04-18 00:00:00',946,2),(720,'2022-01-24 00:00:00',273,3),(721,'2022-06-11 00:00:00',831,2),(722,'2022-03-16 00:00:00',561,3),(723,'2022-07-18 00:00:00',611,2),(724,'2022-02-20 00:00:00',81,2),(725,'2022-06-03 00:00:00',473,3),(726,'2022-05-23 00:00:00',861,3),(727,'2022-06-06 00:00:00',298,2),(728,'2022-02-05 00:00:00',558,2),(729,'2022-01-25 00:00:00',419,3),(730,'2022-02-24 00:00:00',150,3),(731,'2022-03-06 00:00:00',533,3),(732,'2022-07-25 00:00:00',640,2),(733,'2022-04-12 00:00:00',981,3),(734,'2022-04-23 00:00:00',470,2),(735,'2022-08-22 00:00:00',721,2),(736,'2022-04-05 00:00:00',703,2),(737,'2022-02-15 00:00:00',798,3),(738,'2022-02-04 00:00:00',912,2),(739,'2022-04-02 00:00:00',354,2),(740,'2022-01-09 00:00:00',783,3),(741,'2022-01-13 00:00:00',324,2),(742,'2022-04-03 00:00:00',476,3),(743,'2022-07-15 00:00:00',582,2),(744,'2022-07-19 00:00:00',252,3),(745,'2022-05-28 00:00:00',264,3),(746,'2022-06-21 00:00:00',110,2),(747,'2022-04-23 00:00:00',674,2),(748,'2022-01-14 00:00:00',948,2),(749,'2022-01-01 00:00:00',149,2),(750,'2022-08-14 00:00:00',592,2),(751,'2022-08-06 00:00:00',153,2),(752,'2022-03-29 00:00:00',270,3),(753,'2022-03-05 00:00:00',421,2),(754,'2022-07-01 00:00:00',963,2),(755,'2022-02-19 00:00:00',660,3),(756,'2022-03-27 00:00:00',432,2),(757,'2022-01-10 00:00:00',813,3),(758,'2022-07-17 00:00:00',543,2),(759,'2022-03-10 00:00:00',431,2),(760,'2022-03-08 00:00:00',507,2),(761,'2022-01-06 00:00:00',665,3),(762,'2022-03-21 00:00:00',141,2),(763,'2022-02-21 00:00:00',611,2),(764,'2022-05-16 00:00:00',701,2),(765,'2022-07-07 00:00:00',86,3),(766,'2022-03-15 00:00:00',922,3),(767,'2022-06-08 00:00:00',260,2),(768,'2022-02-19 00:00:00',621,3),(769,'2022-05-23 00:00:00',478,3),(770,'2022-04-10 00:00:00',841,3),(771,'2022-03-21 00:00:00',344,3),(772,'2022-08-31 00:00:00',908,3),(773,'2022-01-07 00:00:00',387,3),(774,'2022-01-13 00:00:00',213,2),(775,'2022-03-11 00:00:00',300,2),(776,'2022-09-07 00:00:00',218,2),(777,'2022-06-08 00:00:00',309,3),(778,'2022-03-26 00:00:00',785,3),(779,'2022-03-07 00:00:00',860,3),(780,'2022-06-08 00:00:00',248,3),(781,'2022-02-23 00:00:00',824,3),(782,'2022-05-29 00:00:00',864,3),(783,'2022-01-05 00:00:00',509,2),(784,'2022-08-13 00:00:00',194,2),(785,'2022-07-15 00:00:00',714,3),(786,'2022-06-19 00:00:00',753,3),(787,'2022-03-05 00:00:00',24,3),(788,'2022-03-11 00:00:00',517,2),(789,'2022-01-09 00:00:00',230,2),(790,'2022-03-06 00:00:00',553,3),(791,'2022-02-04 00:00:00',367,3),(792,'2022-01-05 00:00:00',731,3),(793,'2022-04-03 00:00:00',396,2),(794,'2022-03-26 00:00:00',990,3),(795,'2022-07-03 00:00:00',447,2),(796,'2022-05-28 00:00:00',410,2),(797,'2022-04-12 00:00:00',14,2),(798,'2022-05-19 00:00:00',156,2),(799,'2022-02-04 00:00:00',913,2),(800,'2022-04-26 00:00:00',881,2),(801,'2022-03-24 00:00:00',171,2),(802,'2022-01-31 00:00:00',566,3),(803,'2022-01-17 00:00:00',859,2),(804,'2022-06-03 00:00:00',516,3),(805,'2022-08-09 00:00:00',615,3),(806,'2022-05-19 00:00:00',45,3),(807,'2022-05-21 00:00:00',728,3),(808,'2022-07-25 00:00:00',244,2),(809,'2022-02-02 00:00:00',199,3),(810,'2022-07-05 00:00:00',157,2),(811,'2022-04-12 00:00:00',104,3),(812,'2022-08-03 00:00:00',387,2),(813,'2022-07-26 00:00:00',364,3),(814,'2022-06-01 00:00:00',732,3),(815,'2022-07-27 00:00:00',602,2),(816,'2022-02-14 00:00:00',375,2),(817,'2022-07-23 00:00:00',300,3),(818,'2022-03-04 00:00:00',567,2),(819,'2022-05-27 00:00:00',667,3),(820,'2022-01-01 00:00:00',543,2),(821,'2022-01-05 00:00:00',984,2),(822,'2022-04-22 00:00:00',378,3),(823,'2022-07-21 00:00:00',651,3),(824,'2022-05-24 00:00:00',930,3),(825,'2022-02-14 00:00:00',156,3),(826,'2022-05-09 00:00:00',24,3),(827,'2022-03-13 00:00:00',612,3),(828,'2022-01-25 00:00:00',63,2),(829,'2022-02-03 00:00:00',216,3),(830,'2022-08-09 00:00:00',580,3),(831,'2022-02-10 00:00:00',791,2),(832,'2022-01-15 00:00:00',144,3),(833,'2022-08-04 00:00:00',212,3),(834,'2022-02-22 00:00:00',755,2),(835,'2022-05-10 00:00:00',1000,2),(836,'2022-06-12 00:00:00',930,3),(837,'2022-02-10 00:00:00',334,3),(838,'2022-03-21 00:00:00',39,3),(839,'2022-06-20 00:00:00',468,2),(840,'2022-03-16 00:00:00',727,2),(841,'2022-04-09 00:00:00',357,3),(842,'2022-08-20 00:00:00',458,2),(843,'2022-03-25 00:00:00',31,2),(844,'2022-02-08 00:00:00',638,3),(845,'2022-02-17 00:00:00',470,2),(846,'2022-08-19 00:00:00',856,3),(847,'2022-07-08 00:00:00',144,3),(848,'2022-05-25 00:00:00',815,3),(849,'2022-08-17 00:00:00',813,2),(850,'2022-08-02 00:00:00',914,2),(851,'2022-09-03 00:00:00',348,3),(852,'2022-04-20 00:00:00',833,2),(853,'2022-01-15 00:00:00',336,2),(854,'2022-02-16 00:00:00',145,2),(855,'2022-05-15 00:00:00',766,3),(856,'2022-08-29 00:00:00',381,3),(857,'2022-02-22 00:00:00',610,2),(858,'2022-07-12 00:00:00',806,3),(859,'2022-01-05 00:00:00',109,3),(860,'2022-08-23 00:00:00',124,3),(861,'2022-02-08 00:00:00',682,2),(862,'2022-03-18 00:00:00',98,3),(863,'2022-05-09 00:00:00',880,3),(864,'2022-06-01 00:00:00',278,2),(865,'2022-01-06 00:00:00',841,3),(866,'2022-05-25 00:00:00',660,2),(867,'2022-06-07 00:00:00',318,2),(868,'2022-07-28 00:00:00',39,2),(869,'2022-02-21 00:00:00',120,3),(870,'2022-01-10 00:00:00',217,3),(871,'2022-03-03 00:00:00',217,2),(872,'2022-01-04 00:00:00',279,2),(873,'2022-04-06 00:00:00',534,3),(874,'2022-01-17 00:00:00',726,2),(875,'2022-04-19 00:00:00',304,2),(876,'2022-07-07 00:00:00',612,2),(877,'2022-05-27 00:00:00',966,2),(878,'2022-02-16 00:00:00',389,3),(879,'2022-03-29 00:00:00',353,2),(880,'2022-09-05 00:00:00',739,3),(881,'2022-08-18 00:00:00',245,2),(882,'2022-08-09 00:00:00',848,3),(883,'2022-02-13 00:00:00',139,3),(884,'2022-05-31 00:00:00',631,2),(885,'2022-05-12 00:00:00',377,3),(886,'2022-03-13 00:00:00',151,2),(887,'2022-07-31 00:00:00',653,2),(888,'2022-05-16 00:00:00',49,3),(889,'2022-03-31 00:00:00',651,3),(890,'2022-03-13 00:00:00',869,2),(891,'2022-08-05 00:00:00',823,3),(892,'2022-04-16 00:00:00',935,3),(893,'2022-03-24 00:00:00',363,2),(894,'2022-06-23 00:00:00',650,2),(895,'2022-01-04 00:00:00',259,3),(896,'2022-04-08 00:00:00',867,2),(897,'2022-06-20 00:00:00',132,3),(898,'2022-06-03 00:00:00',228,2),(899,'2022-04-06 00:00:00',176,2),(900,'2022-07-12 00:00:00',409,2),(901,'2022-03-28 00:00:00',928,2),(902,'2022-05-26 00:00:00',104,2),(903,'2022-08-06 00:00:00',870,2),(904,'2022-09-02 00:00:00',619,2),(905,'2022-05-17 00:00:00',957,2),(906,'2022-06-03 00:00:00',321,3),(907,'2022-03-31 00:00:00',615,2),(908,'2022-05-29 00:00:00',727,3),(909,'2022-01-05 00:00:00',864,3),(910,'2022-05-12 00:00:00',438,3),(911,'2022-06-06 00:00:00',20,2),(912,'2022-07-25 00:00:00',203,2),(913,'2022-07-20 00:00:00',466,2),(914,'2022-01-19 00:00:00',730,3),(915,'2022-04-09 00:00:00',976,3),(916,'2022-04-22 00:00:00',763,2),(917,'2022-08-01 00:00:00',484,2),(918,'2022-02-08 00:00:00',49,2),(919,'2022-01-07 00:00:00',246,2),(920,'2022-05-04 00:00:00',787,3),(921,'2022-02-17 00:00:00',499,3),(922,'2022-07-09 00:00:00',214,2),(923,'2022-04-05 00:00:00',250,3),(924,'2022-06-22 00:00:00',51,2),(925,'2022-06-09 00:00:00',250,2),(926,'2022-03-30 00:00:00',686,3),(927,'2022-02-09 00:00:00',846,3),(928,'2022-09-01 00:00:00',264,3),(929,'2022-05-08 00:00:00',854,2),(930,'2022-01-22 00:00:00',58,2),(931,'2022-06-04 00:00:00',193,2),(932,'2022-08-11 00:00:00',739,3),(933,'2022-08-25 00:00:00',114,3),(934,'2022-05-17 00:00:00',975,3),(935,'2022-04-21 00:00:00',345,2),(936,'2022-04-02 00:00:00',778,2),(937,'2022-05-06 00:00:00',269,2),(938,'2022-08-25 00:00:00',624,2),(939,'2022-07-23 00:00:00',373,2),(940,'2022-04-16 00:00:00',539,3),(941,'2022-03-16 00:00:00',379,3),(942,'2022-02-03 00:00:00',576,3),(943,'2022-01-10 00:00:00',41,2),(944,'2022-01-10 00:00:00',52,2),(945,'2022-05-18 00:00:00',252,2),(946,'2022-02-07 00:00:00',923,2),(947,'2022-06-29 00:00:00',15,3),(948,'2022-04-16 00:00:00',80,2),(949,'2022-03-11 00:00:00',784,2),(950,'2022-07-31 00:00:00',403,2),(951,'2022-07-10 00:00:00',543,2),(952,'2022-06-27 00:00:00',520,3),(953,'2022-05-31 00:00:00',353,2),(954,'2022-07-25 00:00:00',512,3),(955,'2022-06-10 00:00:00',347,3),(956,'2022-03-28 00:00:00',84,3),(957,'2022-02-08 00:00:00',852,2),(958,'2022-01-26 00:00:00',971,3),(959,'2022-03-26 00:00:00',754,2),(960,'2022-08-13 00:00:00',950,2),(961,'2022-05-19 00:00:00',220,3),(962,'2022-09-03 00:00:00',140,3),(963,'2022-04-24 00:00:00',667,2),(964,'2022-02-18 00:00:00',422,2),(965,'2022-05-20 00:00:00',288,3),(966,'2022-06-26 00:00:00',446,3),(967,'2022-01-29 00:00:00',848,2),(968,'2022-04-01 00:00:00',842,2),(969,'2022-05-19 00:00:00',92,3),(970,'2022-04-26 00:00:00',599,2),(971,'2022-05-25 00:00:00',722,2),(972,'2022-01-08 00:00:00',790,3),(973,'2022-06-17 00:00:00',89,2),(974,'2022-09-03 00:00:00',208,3),(975,'2022-03-04 00:00:00',70,2),(976,'2022-04-27 00:00:00',687,3),(977,'2022-06-08 00:00:00',690,2),(978,'2022-03-17 00:00:00',165,2),(979,'2022-01-28 00:00:00',951,2),(980,'2022-04-29 00:00:00',93,2),(981,'2022-08-03 00:00:00',307,2),(982,'2022-02-12 00:00:00',693,3),(983,'2022-03-30 00:00:00',544,3),(984,'2022-01-11 00:00:00',523,3),(985,'2022-04-28 00:00:00',125,3),(986,'2022-08-17 00:00:00',662,2),(987,'2022-05-20 00:00:00',468,3),(988,'2022-06-02 00:00:00',370,2),(989,'2022-07-07 00:00:00',677,2),(990,'2022-05-17 00:00:00',285,3),(991,'2022-05-18 00:00:00',579,3),(992,'2022-05-14 00:00:00',233,3),(993,'2022-09-06 00:00:00',889,2),(994,'2022-03-27 00:00:00',207,2),(995,'2022-02-12 00:00:00',308,2),(996,'2022-07-23 00:00:00',507,2),(997,'2022-07-20 00:00:00',480,2),(998,'2022-07-02 00:00:00',490,3),(999,'2022-01-27 00:00:00',656,3),(1000,'2022-07-26 00:00:00',690,3);
/*!40000 ALTER TABLE `rol_usuario` ENABLE KEYS */;
UNLOCK TABLES;

--
-- Table structure for table `usuario`
--

DROP TABLE IF EXISTS `usuario`;
/*!40101 SET @saved_cs_client     = @@character_set_client */;
/*!50503 SET character_set_client = utf8mb4 */;
CREATE TABLE `usuario` (
  `id` int(11) NOT NULL AUTO_INCREMENT,
  `nombre` varchar(100) NOT NULL,
  `apellido` varchar(100) NOT NULL,
  `correoelectronico` varchar(100) NOT NULL,
  `contraseña` varchar(100) NOT NULL,
  `numerotelefono` varchar(100) NOT NULL,
  `id_pais` int(11) NOT NULL,
  `id_provincia` int(11) NOT NULL,
  `imagen` varchar(50) NOT NULL,
  PRIMARY KEY (`id`),
  KEY `id_pais` (`id_pais`),
  KEY `usuario_ibfk_2` (`id_provincia`),
  CONSTRAINT `usuario_ibfk_1` FOREIGN KEY (`id_pais`) REFERENCES `pais` (`id`),
  CONSTRAINT `usuario_ibfk_2` FOREIGN KEY (`id_provincia`) REFERENCES `provincia` (`id`)
) ENGINE=InnoDB AUTO_INCREMENT=1005 DEFAULT CHARSET=utf8mb4;
/*!40101 SET character_set_client = @saved_cs_client */;

--
-- Dumping data for table `usuario`
--

LOCK TABLES `usuario` WRITE;
/*!40000 ALTER TABLE `usuario` DISABLE KEYS */;
INSERT INTO `usuario` VALUES (2,'Emmey','Aymer','eaymer0@amazonaws.com','$2a$10$BOM/UV9E924RiA/50.f4Z.fiokexKvAmp4m35grqPgcBvtJN3byGW','(699) 6582405',207,1146,'https://robohash.org/950'),(3,'Quincey','Gemeau','qgemeau1@skype.com','$2a$10$EfYgAYVusxULddAROU8Cw.JCDaDMYo2Oaxp3TUSoCvdeZvoVY7mH2','(963) 6483630',67,3438,'https://robohash.org/499'),(4,'Farrell','Squier','fsquier2@is.gd','$2a$10$OrZVL5NdlWcSZnBHd6RDt.HQ5nPYuEj7xywCfWZKOR6ohaXAZUP0u','(911) 2991742',66,4127,'https://robohash.org/665'),(5,'Freeman','Mattiassi','fmattiassi3@un.org','$2a$10$EfwVEQdi3Tef4FnXmivZ7e/2lfR9Qi7w1BkuL7W3CTdYsZcbL0J3u','(666) 7811941',67,3438,'https://robohash.org/257'),(6,'Wendie','Pietruszka','wpietruszka4@spiegel.de','$2a$10$U.F4wUtB9vFiRs9Hyh6tPu6fPYEb3CTE1FBPCjDp.Ecqi7VjeB1.C','(963) 1099835',67,3438,'https://robohash.org/488'),(7,'Belva','Bolesma','bbolesma5@chicagotribune.com','$2a$10$/ZabSsIUNyurEwMcQ4wNk.wYWR1KYR44T9ncs1PjTIEF.Hm5gdcnS','(615) 5094544',127,1513,'https://robohash.org/196'),(8,'Thoma','Prott','tprott6@google.pl','$2a$10$aa1Im0fqHj.fgYDVFctjeuHNaEy7jBdQnfQ./zC0HgDcmbZOUU9s6','(911) 4375272',33,1216,'https://robohash.org/885'),(9,'Anallise','Rain','arain7@vk.com','$2a$10$viNag1iaiCybEPDpsJxUMe8Z8ZCz5f41/bujH3pz07oBcNOMbdDjy','(993) 2559633',133,2584,'https://robohash.org/450'),(10,'Karry','Lodwig','klodwig8@hud.gov','$2a$10$acxYSWMrfvdUvuw6nl57n.VzIVcTOo6vXdfxTUArBm6fxKLLNpT4i','(718) 4539989',14,3903,'https://robohash.org/659'),(11,'Dallon','Godbolt','dgodbolt9@yellowpages.com','$2a$10$4PO/PZ4rEsO0dJPUjaqCT.0t8rd252HWWbZlwpotgeyaVVSTn6s9S','(309) 3999590',90,3657,'https://robohash.org/192'),(12,'Cassandra','Treasaden','ctreasadena@imdb.com','$2a$10$0BhPkNI.zwH4QHuBhi4ImuvjMJkM0r4PMhJhQBVX9KSjh0l8jmVcK','(197) 8182538',225,2148,'https://robohash.org/959'),(13,'Margret','Battrick','mbattrickb@sfgate.com','$2a$10$K/L7nCGcDaTbLH3QdeDYfuOO5LDpzp/ToETsYKR2744V4c8SThH/C','(446) 1257604',194,2849,'https://robohash.org/412'),(14,'Geri','Figure','gfigurec@merriam-webster.com','$2a$10$xpPBjlRm.6uFujNhVqYAZuDWebgC/2M/r8kijtH862.Awkwdl00/.','(171) 7901299',94,2760,'https://robohash.org/537'),(15,'Maximo','Arndt','marndtd@mediafire.com','$2a$10$fnuMmwbmnaZYMYSgQU61WOOg6FdkTl0ps0IkierzGOvVajAsYw8hO','(520) 1233466',151,2133,'https://robohash.org/484'),(16,'Marys','Tunsley','mtunsleye@google.ca','$2a$10$PY36nDGB0YUUWjSHPttStuKxNE7vRlikAV8MjVTCZAXugczH/8yuy','(600) 2814085',239,2034,'https://robohash.org/715'),(17,'Henrietta','Crickett','hcrickettf@npr.org','$2a$10$oh7ndTTGBpIUskm1eCjKJeuP9OfzgcvvgWpr4X8WTGTha.I3/GQu6','(931) 2648184',67,3438,'https://robohash.org/742'),(18,'Hewett','Pavitt','hpavittg@google.it','$2a$10$YnSAz30nHSBsOnMtWzRDouNLe4s3dJGRHDcZTS9kL7VEJbkokN.Mm','(349) 5786618',57,744,'https://robohash.org/612'),(19,'Alecia','Trebilcock','atrebilcockh@about.me','$2a$10$MviWCWR4BHjTIfwRZc.rBeGQV/C87vQMj7I/w.qc2m56yrTOgLR2C','(211) 4719964',64,2905,'https://robohash.org/126'),(20,'Ferne','Clemencet','fclemenceti@ow.ly','$2a$10$dgf8Ig/QxeMImo8lDu4DpeGxnSub9pm72zlI3yheMi7kr0fAhDth2','(926) 1707437',213,1533,'https://robohash.org/10'),(21,'Pru','Tinmouth','ptinmouthj@people.com.cn','$2a$10$zVIoijgg8LlUP.aiNhJUdusGBpa7uwugzBEQrdZNtp6ZvcS2bTXcu','(133) 5638947',145,4917,'https://robohash.org/954'),(22,'Uta','Kirstein','ukirsteink@tiny.cc','$2a$10$G0JV6.3taMKLN4Ff5HczjOK3OZQPa..JuzM6DcGsTHutSCJQhQ70.','(571) 7295730',121,2281,'https://robohash.org/163'),(23,'Whitaker','Barrett','wbarrettl@bbb.org','$2a$10$wLijy2vRk6RFisJ6YLIQ3uTsFOXKuIjV.sZO4ldMA2DNf4j2NHd3O','(809) 8779168',165,1006,'https://robohash.org/715'),(24,'Michal','Canavan','mcanavanm@ameblo.jp','$2a$10$sz6rCpyuU95eiZw7DQlvGO6l76deYc7DCD6v2CxuOnwIGCSOScPkW','(371) 5482024',67,3438,'https://robohash.org/28'),(25,'Elsi','Spowage','espowagen@netvibes.com','$2a$10$kcQ03bZY8PEL/7tJxJlmGu0LJIVnDanN8fw2KeYn/H0SBvp/OlQ42','(472) 1561522',149,3265,'https://robohash.org/634'),(26,'Mildred','Childs','mchildso@apple.com','$2a$10$66koAWPV2Vu3nO2hcfs3nOo/F5IGloqi7LDkoYuNohk0sg3B1HNMm','(491) 4661342',170,1385,'https://robohash.org/930'),(27,'Clare','Garbar','cgarbarp@google.com.hk','$2a$10$8yiq9cvEs7NixPywJ8Qtfu2fVFzMm1e8gcTGtrdjbFzjRLYDiCKsq','(741) 8514180',97,4041,'https://robohash.org/390'),(28,'Sonya','McCurrie','smccurrieq@privacy.gov.au','$2a$10$x7/0DDFaDoyyfY/lga9jd.4xvWu7N..eXpvcidrNeeqq6Ez1g7W.i','(800) 9999006',135,74,'https://robohash.org/614'),(29,'Lynett','Morrel','lmorrelr@mapy.cz','$2a$10$lUoEC8LZsGFybxHmE.hdH.z/4QqgAZUpQdelUn29CuGAdlnnKjYC2','(526) 6263471',93,2712,'https://robohash.org/610'),(30,'Llewellyn','Heinzel','lheinzels@yahoo.co.jp','$2a$10$xt.PuMn6hiJjFLsxqbggyux4R515XwQVETXUO0FYQ8ZC2y/XMXICm','(530) 5047984',79,2723,'https://robohash.org/391'),(31,'Pauly','Abbett','pabbettt@google.es','$2a$10$mY1JVGnkpmsXhe3.BTrF/.RBOsBwfh0oyfiI1WKyEtbemC63tVRo6','(864) 4533873',177,2228,'https://robohash.org/431'),(32,'Kassie','Farn','kfarnu@sina.com.cn','$2a$10$xnUsjAVkH6tUrwOE1z53ket.kHXwg.GFbzAdRE8tiJbPX5.hmB6uC','(618) 9525114',67,3438,'https://robohash.org/54'),(33,'Lynnette','Loxdale','lloxdalev@uiuc.edu','$2a$10$UuQ/0hbFoFyzkT13K51c2OI11ISlptqAXE9R4K/6uc0ndsXpvTCDW','(155) 5717027',178,5075,'https://robohash.org/772'),(34,'Beatriz','Rhymer','brhymerw@taobao.com','$2a$10$mHbxVpERjHNpQJlT.EMhGeYz5G9Mc8rVF9q/sh9r6eLjjwentJolG','(585) 3904083',139,3338,'https://robohash.org/752'),(35,'Avrom','O\' Gara','aogarax@va.gov','$2a$10$G26p9cRcbo4YDQsEkD8zsOKwC5k9SiUdAKjCv5qSNQyOACLtzqtsi','(298) 4502748',75,4794,'https://robohash.org/952'),(36,'Emalee','Dymocke','edymockey@issuu.com','$2a$10$CaaEuTTpbt3y8ZoftcrNoewiWJwpYmH7AGBjOMECrIK4N3GhCdQfm','(915) 7789380',97,4041,'https://robohash.org/397'),(37,'Elyn','Reppaport','ereppaportz@so-net.ne.jp','$2a$10$D95V7xR3jDDyHii6q6w8Heuo2y3813B8ColGBJtaEAbqU1A1EzklG','(842) 5747275',130,2948,'https://robohash.org/521'),(38,'Margaretta','Marshallsay','mmarshallsay10@artisteer.com','$2a$10$YnRRWIrqb9XgaW3pwwzEoeuaJg6kmvrWSBTT9Ab5Op2l.3RpnabwK','(303) 7465883',174,1269,'https://robohash.org/36'),(39,'Minor','Ivakhnov','mivakhnov11@creativecommons.org','$2a$10$15PJzDe4KqOkfYRTgylHiee/7uHTU52hVajF7oz.g0.DD5uTJuITm','(919) 4314069',185,3831,'https://robohash.org/279'),(40,'Vivianna','Lampel','vlampel12@pinterest.com','$2a$10$yPOnioomeal7b8yScN6iu.dLqBE9jv4J1OIzuUvpGkmhtfGbq24Ou','(965) 5513651',210,2839,'https://robohash.org/226'),(41,'Gladi','Cartmale','gcartmale13@intel.com','$2a$10$uNsS90WtVG0KDQtmpK4bduUSIicZ.HfVMktOGe4RL9Su44mVnlTcC','(983) 4686139',119,978,'https://robohash.org/124'),(42,'Iorgos','Lovelace','ilovelace14@usgs.gov','$2a$10$NLEogJ8YpSqSxY9ffotM2OIsl5UWwSb2.ouEYMlhWHcleJ28.POzO','(231) 4989511',27,3375,'https://robohash.org/448'),(43,'Allayne','Reolfi','areolfi15@bloglines.com','$2a$10$x1WSJru.fhoxnMxWV4l4ye0PTzyhZcfp9q5ZvSLlo9Yk91eRKSUWe','(421) 7913833',161,288,'https://robohash.org/670'),(44,'Amanda','Roskam','aroskam16@etsy.com','$2a$10$p1qHqfenc6olavjRDEOkg.qdGAX/Vc/.jN9xz1iC8/61F8YuI6ZkG','(832) 3799931',142,3447,'https://robohash.org/279'),(45,'Hillary','Maciocia','hmaciocia17@adobe.com','$2a$10$oZJKWUBowZFUYScqnHC5hu43BHxf/OZfPN3w1eBlVXQ6GGm.YG75i','(457) 9415944',145,4917,'https://robohash.org/66'),(46,'Osbourne','Christie','ochristie18@arizona.edu','$2a$10$Sg3m5mhQ8UjA0MINm/Xu4uM8rRih/ATtqYd7rWbc9hRAxxaHUXphS','(713) 7907921',226,3369,'https://robohash.org/534'),(47,'Jamal','Storek','jstorek19@qq.com','$2a$10$SwLEpCb7Am.EQ735nL7roeV517d6OddOOglStQ0gfLCNjy7nB38dm','(254) 4979127',112,141,'https://robohash.org/46'),(48,'Cindie','Keme','ckeme1a@chron.com','$2a$10$te3642uV6gzok8Gv01nmxuRhMs9214gkY/UFtomJyVExb4N5ddeEa','(383) 8601047',142,3447,'https://robohash.org/114'),(49,'Karita','Leynagh','kleynagh1b@geocities.jp','$2a$10$9UBWq9zVgwl75CkAJbM8T.PcwXOs0tnJHTnz/gDaKKFOhEs63BN8i','(545) 3683583',33,1216,'https://robohash.org/713'),(50,'Coretta','Uzielli','cuzielli1c@livejournal.com','$2a$10$nk.a28XkJ0ennafdGpa.tek7x6XadNP4cd43hS1LVzc.YiCBOZSxq','(141) 2404314',98,4883,'https://robohash.org/857'),(51,'Nevil','Bartoszinski','nbartoszinski1d@mozilla.org','$2a$10$JAIk7wmCvz8GxObIut6Qg.pIuiRfPuDluC6WmaEe5RzydGpBFcmSa','(554) 3969049',182,1833,'https://robohash.org/206'),(52,'Anetta','Dugget','adugget1e@lulu.com','$2a$10$CeP..YHWXugBmj0FlEeLtO53fyj.HyAflSixBmhfJYgUzk5o0IAA.','(526) 9454261',192,58,'https://robohash.org/506'),(53,'Kev','Radley','kradley1f@squarespace.com','$2a$10$rxbIsXv4VlyVuLFUGaPe6uh7wIz/QBhPk82zF4B1Efud05OPOAd8m','(924) 3488290',51,2732,'https://robohash.org/849'),(54,'Ardeen','Denidge','adenidge1g@nba.com','$2a$10$Ue4.eCui74To45QFnNve4uIO1cwkKxvf6nogaM2FyWsT0Q.wvRVw2','(525) 1290700',57,744,'https://robohash.org/74'),(55,'Madalyn','Burde','mburde1h@scientificamerican.com','$2a$10$vhvPWaO6kN2nimnB0eRrD.htmqnJ1XggB45rJ8pj/oO4HKSWnjGMC','(951) 1571306',20,1220,'https://robohash.org/949'),(56,'Elia','Zellner','ezellner1i@engadget.com','$2a$10$h1kh7S/hAYnUjc2z3YevcudjlmukbtGCep8cOO5B80Ve/Ukv2e8rO','(207) 1622342',142,3447,'https://robohash.org/324'),(57,'Elroy','Terry','eterry1j@thetimes.co.uk','$2a$10$TnSLIUFL5wJ9ERZrotju8.cSLt26yh1.TLiVoxZrOzUqRm8ZEIAm.','(148) 8787535',142,3447,'https://robohash.org/940'),(58,'Demetri','Wardel','dwardel1k@soundcloud.com','$2a$10$iKQfH3hDsKfWJxN9w0ukye3HaKycjUlXqIhU54kteg5z6B5T6eqsG','(609) 1482124',219,3478,'https://robohash.org/56'),(59,'Esta','Scutts','escutts1l@barnesandnoble.com','$2a$10$B9Da5TXgTRaEoO9VUVv3D.zlkWB4kMdLjzYWNv6hoWZ/U4cXrDFRi','(372) 3396814',66,4127,'https://robohash.org/205'),(60,'Etty','Kruszelnicki','ekruszelnicki1m@house.gov','$2a$10$SWTMWpUwamqLQ5EKTMH4SOGDlJD0ojGF/bY3SoMfeExikh/3WvoG6','(781) 5261473',219,3478,'https://robohash.org/609'),(61,'Izzy','Shoreman','ishoreman1n@hubpages.com','$2a$10$PzD/Se0LlmdhGp2TK8A9VORctHQ41R92U17.xC3j2C9GujPfY7JWu','(479) 7326596',133,2584,'https://robohash.org/48'),(62,'Decca','Welburn','dwelburn1o@blog.com','$2a$10$XW5H2V920porzuTqnSHIIuyd0cjcnZrLqissei6CqVDRgC168FE1e','(414) 6906347',159,940,'https://robohash.org/733'),(63,'Brendan','McKinstry','bmckinstry1p@123-reg.co.uk','$2a$10$TFgFa5Kc5FRlwHvOHmT6iOFgUnl5vP4QZVxCSnvspHFjloe/CwxVq','(458) 8331338',150,3327,'https://robohash.org/821'),(64,'Helen-elizabeth','Flexman','hflexman1q@google.de','$2a$10$VbkX7k4PaQelWoq1iBDMzuwkp71PEyEB.4zBp9GnWW1ZPhPN/Imde','(160) 1734669',229,324,'https://robohash.org/570'),(65,'Clayborne','Cranidge','ccranidge1r@lycos.com','$2a$10$dYnDKE/nvuyBIYEVN009SO1fK9QpYrI2oCJCpR2SNWWpKlmku0P/W','(232) 4363554',167,3169,'https://robohash.org/97'),(66,'Reeta','Mallabon','rmallabon1s@newyorker.com','$2a$10$.iraHSfg8XmTJIzdEy0Hf..hZcHK9ko3jWNFXYUskyFeVKF6Yfdsa','(778) 9766364',55,724,'https://robohash.org/420'),(67,'Kirsti','Symms','ksymms1t@drupal.org','$2a$10$8Kp1h8RuE5MN3ZaRAo8/c.8J3DmOJvaQmy70ZZilFuCvq3VHhQkKS','(175) 8217214',233,1398,'https://robohash.org/33'),(68,'Suzanne','Cansdill','scansdill1u@ucoz.com','$2a$10$m2xNsgfOUuWHDNsuLu249OUdEg6o3L/lerH2rjunyR8FHZK1waT9K','(817) 7128331',69,3555,'https://robohash.org/348'),(69,'Tisha','Simmance','tsimmance1v@time.com','$2a$10$R5oJfoPu22Ew3ZitKnjJoepRvgjG9ESgthDE/yHyQi/R5I4YsEHsm','(811) 6794366',69,3555,'https://robohash.org/511'),(70,'Karel','Denyer','kdenyer1w@about.com','$2a$10$iYdBX6Em5q6mxW1eA/2GKOuySe3Nk.g0B5z1Ycqe.RqIdQfA.ATA.','(525) 2884605',20,1220,'https://robohash.org/100'),(71,'Alisander','Drysdall','adrysdall1x@theguardian.com','$2a$10$ubytb8Mpfl.Vdu8SWkXPDu3UYmsaviGH3Bccu5K8IkDk5aGRc0zXK','(706) 4610131',202,4778,'https://robohash.org/974'),(72,'Wiley','Bulbeck','wbulbeck1y@amazon.com','$2a$10$HIs5QcJwUbz4kaQIIj93vumF.yCBt2t3hQ3Ol6iFgH/X85aJlK4QC','(998) 9869288',69,3555,'https://robohash.org/687'),(73,'Pia','Berrow','pberrow1z@google.it','$2a$10$JJA5s5FauInAAwRADCu99ere9DovZVBuJ1NJoPAeWdvc75kj8RJwm','(743) 6436001',112,141,'https://robohash.org/376'),(74,'Jorie','Tretwell','jtretwell20@hhs.gov','$2a$10$Yx1kVXmH.NX7wNMSCnsVPu9Hsda9RW8Lpc39c7rjbYKIwWtXPUJJq','(525) 8953871',65,3222,'https://robohash.org/690'),(75,'Abigail','Dysert','adysert21@unblog.fr','$2a$10$E1ml0cr7mIc2Q.v59G92y.YLH/9YXvcg5lqVMcPF7c5p4UNbhFy12','(319) 5229809',111,956,'https://robohash.org/936'),(76,'Aguie','Kalkofer','akalkofer22@list-manage.com','$2a$10$GiDyj.s.EtacJBFcpliITO94a8BtrjTQdY7BzxO6Q.1vkbmB4iE8W','(331) 7844460',107,1664,'https://robohash.org/453'),(77,'Dru','Matteucci','dmatteucci23@flavors.me','$2a$10$a..k3V5000K0woZytjDPMOnxgPgYfD8bUMTUybHZWmpzCQaXyr916','(556) 4687352',69,3555,'https://robohash.org/936'),(78,'Lidia','Binks','lbinks24@wikispaces.com','$2a$10$x9cffeL9a0RGk9aGH4oWEOHQAijZ1k2YFpbVCigBX3wIn/7FB6tLm','(136) 6496041',237,4772,'https://robohash.org/693'),(79,'Bobine','Duetschens','bduetschens25@multiply.com','$2a$10$3xsQJhiRJfJ17aNlK.fdUu79e1.ey31pqXZsZQ1wWjPtqpNw6oPHm','(598) 2361771',21,2954,'https://robohash.org/134'),(80,'Kimmy','Bagger','kbagger26@canalblog.com','$2a$10$GGNQFVEtUOKVavT8znkK/ejRRdjaV/mWdabQsrk7YlGGuJyapWCTK','(171) 7758122',140,3248,'https://robohash.org/994'),(81,'Mikey','Walcot','mwalcot27@ebay.co.uk','$2a$10$nDwNY6kBIhwpLBy8KncJsOc/jMmWvyKPQopGdzSXADxLZWSMnCejm','(662) 6403059',43,3570,'https://robohash.org/636'),(82,'Pansie','Ducroe','pducroe28@netvibes.com','$2a$10$3Mw4LgSZh6HAxKjDJPYbXOHQaUtYtNy4quPCH8/v2VgUqf3j5l0I2','(334) 5181766',23,264,'https://robohash.org/276'),(83,'Wilt','Filippone','wfilippone29@cnbc.com','$2a$10$bSIAPwNfHb2PigtZaG7tlenq/mJshPR4uaxuI5NTROYbpPmPbqVZC','(431) 6082037',54,2625,'https://robohash.org/630'),(84,'Osmund','Nix','onix2a@hao123.com','$2a$10$WfCiQ7kUzl3Ejo1yKn7yqu7tf5S1.6v70EeikINIOIfsnt4EBS6Ke','(759) 6145894',176,1622,'https://robohash.org/350'),(85,'Ludwig','Hall','lhall2b@jalbum.net','$2a$10$VcVdYTM9xDswVj4S1wP9Pem3l1ft.16VUaqcXd3S8hO/s2Ehr4i9G','(871) 3578016',53,1209,'https://robohash.org/170'),(86,'Marcella','Spragge','mspragge2c@uol.com.br','$2a$10$trsSF8FhSnuHxem3hVOVO.xPYdxt.Sg3DYhES2uA27RdPlpqvSuXq','(263) 8332292',95,4117,'https://robohash.org/991'),(87,'Nelia','Roland','nroland2d@sciencedirect.com','$2a$10$.ZySRmIzbxiWLxu6t8VohuQwSZvVXVxFxBQB3PMSX5qkZW8tRtjDu','(644) 1302347',203,915,'https://robohash.org/826'),(88,'Miran','Dunphie','mdunphie2e@shinystat.com','$2a$10$KTXKalXCFCnW4otIoAtID.nw2LRPe0HV7kldJmjpJyViOC0GS0noy','(651) 7453087',204,931,'https://robohash.org/879'),(89,'Spencer','Miner','sminer2f@t-online.de','$2a$10$7f.729wZ0/SSk6BTAfT4Qu7qM6WL8pqqwOH0JPh3IrzlvjYXyfaMe','(887) 9767493',65,3222,'https://robohash.org/721'),(90,'Franny','Tattersall','ftattersall2g@census.gov','$2a$10$.iDxxKY0YnCOqdpTTseQE.mflHKJNf3LFoOPjZHDU/u0SOvaqDTIm','(510) 7602778',179,3177,'https://robohash.org/632'),(91,'Camilla','Oswick','coswick2h@163.com','$2a$10$uXXodyCP.nz4rzlrccKD9.6qmUzEi/EvBd5x5/UOfRaq8WWAxu6Va','(179) 6649709',158,4059,'https://robohash.org/2'),(92,'Shelton','Kleinerman','skleinerman2i@newyorker.com','$2a$10$i0wurKR7u7Df3d9TcztlEeLsKqD1VqJn1itS1Tbm11dc5DRL5gTBa','(924) 2314238',85,2095,'https://robohash.org/617'),(93,'Madella','MacArthur','mmacarthur2j@imdb.com','$2a$10$UkwoNOs7xUlV2LJkaquSbO02wSB8x7stxoWtpXASdrBViwcV0Moke','(508) 7388696',107,1664,'https://robohash.org/382'),(94,'Abel','Ugoletti','augoletti2k@linkedin.com','$2a$10$obDTYuMKsk80E6w5cj15Qu5uzNFPF6T3nIut/dQtrspj5a3JEPVry','(502) 3193971',35,3112,'https://robohash.org/873'),(95,'Putnem','Gravenell','pgravenell2l@irs.gov','$2a$10$YVkysx3PNpla7b0PlUrBtO1oHAtUGU9/83HkEaHPc5KbVeF9o.3RK','(160) 9135774',75,4794,'https://robohash.org/374'),(96,'Norris','Brinded','nbrinded2m@issuu.com','$2a$10$MlG2rnTXms8P0wIFF3mNB.4h2wHXKBFmoLzIpd4PH4nrWBqj6Pc0O','(164) 2623944',131,3082,'https://robohash.org/527'),(97,'Chick','Beckley','cbeckley2n@wiley.com','$2a$10$.KDtMxEW6Elx9p5EyPnJqOd7JUMD1k9EKQv08fMzuHakpiFx6dKhy','(857) 3173308',142,3447,'https://robohash.org/211'),(98,'Torrin','Le Provest','tleprovest2o@prlog.org','$2a$10$EPuZ9iKHCL2B.IKcjS/JzuoW3fQRFETH4y24s7TvqyxpEzgA8tcFa','(111) 1345319',165,1006,'https://robohash.org/794'),(99,'Barron','Normanton','bnormanton2p@comsenz.com','$2a$10$Fycf54Xi3gE4idf/XlPh5.NcfEieG6j2JAxA9bdGw2lsgQZdxXc6y','(942) 4886636',15,2057,'https://robohash.org/504'),(100,'Franz','Tortoise','ftortoise2q@dropbox.com','$2a$10$x2wIzTtJw/WyYt6qz2akDejw3hYr7bBdA3lJO10MpkMyiS2X7wh3q','(511) 8887841',43,3570,'https://robohash.org/667'),(101,'Audy','Zouch','azouch2r@sina.com.cn','$2a$10$3yRSHiWetRKAlcA7qDgETOoEiCLbcjQGdOgSnYAPkiqQ4CpgqrVIC','(923) 2073661',37,3972,'https://robohash.org/366'),(102,'Sebastiano','Areles','sareles2s@unc.edu','$2a$10$ppkgqhFBYPz79zQYQudNte.DhurXhm01dWCP5/RqEyYKgQyp1FJy.','(913) 6006905',200,4352,'https://robohash.org/284'),(103,'Tallie','Whelband','twhelband2t@opera.com','$2a$10$wy.cp64ETcSyVsRMBFxMsuObNl0tHJIMAvMXihJOcyVaW/.UFW4ba','(520) 7693781',172,2770,'https://robohash.org/219'),(104,'Lauretta','Hobgen','lhobgen2u@example.com','$2a$10$IWkzSCKCMNsnWxV0/78uau3qTh4Hk9LHpBHjV1ZNLsqapayoEvLEe','(717) 9416441',43,3570,'https://robohash.org/663'),(105,'Ivory','Marchington','imarchington2v@unesco.org','$2a$10$boBOKhAADS2q6JKNRrkgrObEP4cnLuBny1Q3csNwEOeWVyrDNwr9m','(751) 9371174',213,1533,'https://robohash.org/257'),(106,'Shani','Everiss','severiss2w@economist.com','$2a$10$ekXUJE/U4usjwCtoj.INteVmP4HHyiKIUImoYqtfbY7lpC6ljtrja','(817) 3232999',200,4352,'https://robohash.org/625'),(107,'Margi','Walkingshaw','mwalkingshaw2x@berkeley.edu','$2a$10$1yyOZKRyx0Tzwf6IihCVVepCYKf76KZKHqWgB/te3zXTZO5aujaTO','(879) 9014102',104,3954,'https://robohash.org/547'),(108,'Brander','Eneas','beneas2y@bigcartel.com','$2a$10$CTf5yFcGbAwgzGm3tJeKJuIx/O19Qqagv28RIULaT7XF7cAAi9Yc2','(538) 6583382',43,3570,'https://robohash.org/406'),(109,'Sabra','Altimas','saltimas2z@who.int','$2a$10$29QBnNoeZnHpU3oZxyXcAO311TkDwXKOm3Tg25aHMw3.DB69.ikB6','(703) 7532892',134,248,'https://robohash.org/932'),(110,'Cynthia','Merrall','cmerrall30@imdb.com','$2a$10$V0cc.Vdtyo/EvRZF021IReDyee1zqQWLR.jyE07PtAMEzNLuvT/IG','(703) 7059245',81,897,'https://robohash.org/942'),(111,'Claudie','Euels','ceuels31@smh.com.au','$2a$10$ytFggg2pY4fU3cxEgsxZfOIfRtxPrvJvS3i2zJ3JkNP06hXmdqNsq','(350) 5402894',196,3711,'https://robohash.org/511'),(112,'Iggy','Whitton','iwhitton32@ucoz.ru','$2a$10$CkF7ImJ9OxGa4zxxjfshw.g6Nx8PxcDbXUpeCddOQVi.sKAMRRnJq','(754) 1647247',103,3916,'https://robohash.org/949'),(113,'Iggy','Ipplett','iipplett33@dot.gov','$2a$10$xI5HuJNLnZPvDmTzvkg8ieAxEm65E3pivaaK6EqfIjPetJAWH8kA.','(108) 3462337',102,1792,'https://robohash.org/428'),(114,'Mylo','Botwood','mbotwood34@dell.com','$2a$10$Z/FnvtwTDg2WaEU2Wm6r6OZD/NN6.VRHEv3GknssNVB3KoAyG23Mm','(285) 3877322',172,2770,'https://robohash.org/32'),(115,'Jori','Brahmer','jbrahmer35@technorati.com','$2a$10$WBppIhp2gvjqnX3hrab8EOXwc2EmVPxLtp6fYO1hDmvbwiPVZ55Sq','(181) 6183108',43,3570,'https://robohash.org/534'),(116,'Hilario','Trevaskis','htrevaskis36@ifeng.com','$2a$10$qxpYJPrByLifQFk6FculD..W87j0e4ZfUt7y/4TPPanX87faPVVDe','(577) 5061938',64,2905,'https://robohash.org/528'),(117,'Valencia','Lodeke','vlodeke37@who.int','$2a$10$9nFmc6VRzMuLb1XgLUqTV.j.Mo8bFIHk1XHh/2Dnn5hlT43y48aXe','(389) 7974802',67,3438,'https://robohash.org/714'),(118,'Enrika','Lewcock','elewcock38@furl.net','$2a$10$eO3D01C3/7repfhAmzrSXOL5FKdWyjBpo3WPxBg.5qz5NZljPdkgG','(457) 6538433',202,4778,'https://robohash.org/791'),(119,'Gina','Scollan','gscollan39@ftc.gov','$2a$10$iozSELDd2AomoICBa1AW2OPz1IrY0YjWdnaY6onkGt1U46FWUuz/K','(936) 6328118',99,1027,'https://robohash.org/407'),(120,'Huntlee','Witts','hwitts3a@flavors.me','$2a$10$DhXsAlz06aa5ipD6r7Qq.exht.b2ADnZJbDBl7RLlaqDqwdjDECNu','(418) 9964711',22,1372,'https://robohash.org/672'),(121,'Nickie','Marchment','nmarchment3b@elpais.com','$2a$10$T55ljtRYgHnivYrHglK.TO95Qcxr/Km8qi.Mk/GIah3fcX.0VB.Aq','(710) 8763669',83,48,'https://robohash.org/587'),(122,'Lennard','Trood','ltrood3c@mtv.com','$2a$10$7HkwHOFSyqeDgMoKoM3Qz.G.FGMuS3NurnkH.5JowHF.nPQMCkzUa','(472) 7972649',43,3570,'https://robohash.org/486'),(123,'Mirilla','Robertazzi','mrobertazzi3d@umn.edu','$2a$10$p43iZeI6KE6NRj87kqQ2tOCHoNvAVAcmT2.soKj.0O7AZiw8CQmli','(164) 6633696',56,272,'https://robohash.org/942'),(124,'Filberte','Shortall','fshortall3e@sphinn.com','$2a$10$RQuzjNYmPISMb97C8Cu.i.o7KkoKvhi8TUuduJhSeB9EAEVqvQ3wu','(620) 2687073',43,3570,'https://robohash.org/768'),(125,'Romona','Renad','rrenad3f@cbc.ca','$2a$10$4sgio1rhHFaXPWozaIL/a.uBgbd5.xL40rs/2W/yJ4jx9uEsK9CJC','(381) 7010123',199,4649,'https://robohash.org/147'),(126,'Cordell','Naylor','cnaylor3g@nifty.com','$2a$10$/sWacWgB5LThsU.r2Iv7.e8I6nP5jmKish/dNRQtoZoGCLGLd/ZyG','(130) 7280962',27,3375,'https://robohash.org/514'),(127,'Magnum','Larratt','mlarratt3h@privacy.gov.au','$2a$10$zj7p0U1/Fx93lDqVturPC.aI2uC/pDaRZ9M4RWUGIt8Jek.popSd.','(181) 1205939',17,3593,'https://robohash.org/98'),(128,'Gabriello','Sawfoot','gsawfoot3i@wordpress.com','$2a$10$MhDQS9epyA0d9N/dHawHH.GM8EJB4wjS33uZY43TjZJw.uo3gqV32','(298) 3717501',203,915,'https://robohash.org/491'),(129,'Tybie','Frigout','tfrigout3j@ocn.ne.jp','$2a$10$Mzo5Z4CJjuDzHLYp3SSHl.5JPXsDZIZ8OsJZO63GPQzRM9w99.FFS','(989) 1629691',100,3430,'https://robohash.org/636'),(130,'Ardis','Van Leijs','avanleijs3k@google.com.br','$2a$10$YXoRi3ogZBu3j/QYk7U45.hOMLa.D3LSi7PMAudTp3seIu63eyWta','(901) 2745416',139,3338,'https://robohash.org/273'),(131,'Hector','Node','hnode3l@tripadvisor.com','$2a$10$XAkZXS928W3FfETj0qOQCONa4b7n5ZnMOib6/QvkmyDsJo0oONfca','(644) 2752782',123,3032,'https://robohash.org/514'),(132,'Vassili','Perschke','vperschke3m@dailymotion.com','$2a$10$pQzPD.ufT23g5Nti9sIAB.d3.fJIR1LV8lQi.lXScEA6HBYlMdYp.','(714) 5437501',17,3593,'https://robohash.org/110'),(133,'Solomon','Esseby','sesseby3n@vkontakte.ru','$2a$10$FwtWH7RBA2oC7OqnnIHEqegZmMwf6LIy1K7BSMRqHGQybSeUR7Z..','(974) 1766314',197,494,'https://robohash.org/770'),(134,'Kristin','McCarty','kmccarty3o@networkadvertising.org','$2a$10$1TrqzJBnaNromakr2ABxAum4ZdfRJ6pNelDaJW/QI0TxhWBxblyd.','(578) 5822121',17,3593,'https://robohash.org/442'),(135,'Amalia','Heintze','aheintze3p@phoca.cz','$2a$10$Fj1U6DaynMmZ.aYEV1MC0O17VYsOVfETdNwlDoEA6UpzCZnfCMEgG','(937) 5285891',3,593,'https://robohash.org/977'),(136,'Kimberley','Godball','kgodball3q@twitpic.com','$2a$10$alIIkLHIQWhY5IYDU6.xoe/eRw4TsUGjSbovl3gUQX0dpfKa4XUBS','(398) 6394176',216,3402,'https://robohash.org/284'),(137,'Kenon','Rubbert','krubbert3r@dot.gov','$2a$10$56V9txv9y8KZgn2bDc3ABe.mWIm0nNVysMA0VqqgOxvmRki0vKney','(364) 5652058',25,4860,'https://robohash.org/539'),(138,'Lilian','Spoward','lspoward3s@blogspot.com','$2a$10$UF8Ny0fGoy.jbICIquS8C.IIgAzoZWZ4w2V3kW88xLm6VZjYTJiRu','(444) 2011194',209,879,'https://robohash.org/660'),(139,'Wylma','Adamthwaite','wadamthwaite3t@webeden.co.uk','$2a$10$hclBscxLMQQcGEKgXJmw4.p7WjDnEdzky9SLj3Ew80p1sOAQTHHZ6','(636) 5584082',119,978,'https://robohash.org/569'),(140,'Wake','Awdry','wawdry3u@parallels.com','$2a$10$dJOm74MS3u8aJMPrPZRmS.z9LEJw8N/EMFmhu0CBy1WR9k5Ip5Xfq','(977) 8741719',203,915,'https://robohash.org/518'),(141,'Val','McGorley','vmcgorley3v@qq.com','$2a$10$UBIMCUmtLP3/z6DIofkfQOHFg0qgzSSOEia4oYgLa.XpF651YYJAm','(461) 5175504',119,978,'https://robohash.org/732'),(142,'Jayne','Wolfit','jwolfit3w@clickbank.net','$2a$10$q8wC/0XLyCbMJ63/cT4VD.b1RbeLeq1GlGTA6mgZZfHTbKrCvmmQC','(931) 1586428',229,324,'https://robohash.org/329'),(143,'Cherri','Nuscha','cnuscha3x@fema.gov','$2a$10$fHDysa2uRnS1ABiBdMiSZ.ZyOQ/oe7zxyyJzZW2siKZoZA9lTk2ey','(376) 9944774',161,288,'https://robohash.org/725'),(144,'Victor','MacGaughie','vmacgaughie3y@vistaprint.com','$2a$10$vTgYrRPNkrg0/uCa8cEVFOZY.vjSKJSmNIaNNiLRQzEH93.xhopui','(514) 9830491',11,3634,'https://robohash.org/267'),(145,'Malina','Hobden','mhobden3z@amazon.com','$2a$10$tTxGld1I6eznUJR4Rbecuu8M23qCrgOdT.JiK7h82NfEs2ctvOgqe','(747) 7718202',11,3634,'https://robohash.org/885'),(146,'Hilary','Blayd','hblayd40@umn.edu','$2a$10$d2QXWYA7KECJkgjrYja3oe6EiwMGkEDbt3pP/VKixzYPcoFpYYPzO','(332) 3716708',105,1069,'https://robohash.org/409'),(147,'Janelle','Bulfit','jbulfit41@whitehouse.gov','$2a$10$dEqThK.CPmIsfTwwjPw7cOJbxE/qd7JVX2ZUO9OXiIN.40rxSKHMu','(803) 2342275',48,2874,'https://robohash.org/922'),(148,'Albertina','Broose','abroose42@twitter.com','$2a$10$UD/B2FzGaTGNB.cdUnpCQOk2fkuZus9IIlM3dnWQCv8ORflsu5hmS','(973) 9249649',129,640,'https://robohash.org/455'),(149,'Sallyann','Mangion','smangion43@booking.com','$2a$10$q5fMukw/sTOnjsQb81y2CeGo7XT1u40gfa1XYGa3abiouE3M.HyqW','(636) 5436937',174,1269,'https://robohash.org/261'),(150,'Minetta','Vest','mvest44@apple.com','$2a$10$Rh.Qc.31VikaEvyYV4F8Veq/2tL.UyolMrEeAmBvs.v5F.s4m8P.6','(588) 3382973',135,74,'https://robohash.org/211'),(151,'Barbabra','Lisimore','blisimore45@w3.org','$2a$10$r5z1jffswHTn6A9WtC2Wm.cMqNoGFtM3my47spa5YOkt7fvUKDaUu','(588) 5041291',64,2905,'https://robohash.org/679'),(152,'Worthington','Curtoys','wcurtoys46@icq.com','$2a$10$2TWbXinavWJmrBCQ9Y7Iiu5Lc0r5W9/fVh6UnmIlFkCZvqG6UPxFO','(652) 4839399',50,2862,'https://robohash.org/765'),(153,'Adair','Testin','atestin47@psu.edu','$2a$10$3Zevz8b2dmxGsVTuTmq/9.LKFs1KbnvrydGvJPHm7ylPTcoDBPu3W','(224) 4670472',224,2550,'https://robohash.org/589'),(154,'Friederike','Tomaschke','ftomaschke48@homestead.com','$2a$10$PJjVkUzifYd0YU7Sgw7jpuLIMpueVkiJz7LO8XSRuXzkCbGKwm.Sq','(254) 9278398',83,48,'https://robohash.org/674'),(155,'Brigid','Nelm','bnelm49@engadget.com','$2a$10$ZYvDoPWn0QAcooGgQoUhKexm.TaHVuaaM0BtyKaXJVI6EI2GeSGQy','(557) 5561330',11,3634,'https://robohash.org/257'),(156,'Valery','McMichan','vmcmichan4a@sun.com','$2a$10$LJGQEUq7MW6YV4pZqYFoueYWnrmElmFMI/0TG2CPW/aHPShA8BjVu','(433) 1508246',11,3634,'https://robohash.org/941'),(157,'Carissa','Aldgate','caldgate4b@weebly.com','$2a$10$ITzdhPyfiFL6l5E9BO2b9uDkfQ7LFKSM9QlJLv6vhqTZtOq5cSBLW','(136) 5666160',90,3657,'https://robohash.org/40'),(158,'Nicolina','Blackham','nblackham4c@apache.org','$2a$10$Dz7WoxhJaVuYnLbC.7PiPewXX0YNqnJsZ4YfQZrZntVZc/blVvBvK','(738) 8342386',43,3570,'https://robohash.org/427'),(159,'Adolphus','Breinl','abreinl4d@topsy.com','$2a$10$RGj093/IPxpUcThys969xetfBkpJc6dVxSNzguLHF6uP8pmBiMyAK','(999) 4646999',73,1916,'https://robohash.org/834'),(160,'Katina','Flancinbaum','kflancinbaum4e@discovery.com','$2a$10$TEMJwsot0hTndsIuSla.LOUlaK.qiH5bAJdBZsiQKJDKf1dV8dHPe','(462) 2221029',90,3657,'https://robohash.org/457'),(161,'Balduin','Bloore','bbloore4f@com.com','$2a$10$mW6JxAX/1m52giba7LJjuebdBq0TWKcjnZBulIr1m2nJj88wn2Mze','(115) 4398369',214,1639,'https://robohash.org/841'),(162,'Bari','Devlin','bdevlin4g@mysql.com','$2a$10$DG7vbZ65tutFl7ZcQ0ji0exnX.ckrJ4.g/y3g5p8RNnGllEjuwb6O','(705) 4963048',105,1069,'https://robohash.org/527'),(163,'Mufinella','Spivey','mspivey4h@blog.com','$2a$10$/gMBeo0oKSmRpyB9VlJoVOgexAQQ.ijyULTpEajMXTHLdia/qDU02','(647) 8644876',75,4794,'https://robohash.org/266'),(164,'Haleigh','Summerell','hsummerell4i@hostgator.com','$2a$10$Gi2SzYoiW9Tb3vIWxEeWs.4mcH.E3EDAhQfG3zdFPPG7N5TkyKV7S','(669) 4040830',90,3657,'https://robohash.org/201'),(165,'Basia','Wilks','bwilks4j@independent.co.uk','$2a$10$NzKij113LYVG1gWIa14M9OATrAsZpn3EHhcWdSRUq9npebVouov3O','(207) 1746171',173,3678,'https://robohash.org/434'),(166,'Gallard','Ley','gley4k@nydailynews.com','$2a$10$xXWHQnTvlxJd11DCyxVSzepvFPZeJDNseFrKHIdRktXXW7SxdUECi','(569) 1794384',11,3634,'https://robohash.org/444'),(167,'Odilia','Buyers','obuyers4l@virginia.edu','$2a$10$S61BDAt.Q1IQ1gyah3vydeymnGQ1HNXZ1EyCoV6JDPf1eOGt977eK','(837) 2404754',173,3678,'https://robohash.org/410'),(168,'Arnoldo','Gamet','agamet4m@scribd.com','$2a$10$o81uJDwE9FiwOVzcerz9OOIMBNP9thBg8903vPweSHLohZOnP1pQ6','(473) 9406311',219,3478,'https://robohash.org/994'),(169,'Gae','Devita','gdevita4n@wp.com','$2a$10$Ollpmn3xcuHNxmBebHBnQejJ7jeO3nxn2uIu8y1Qc.vUFi30xnQJe','(725) 2246438',62,4086,'https://robohash.org/8'),(170,'Aloin','Knighton','aknighton4o@washington.edu','$2a$10$3pOTu41YgZEcY6Q.t3sEVez3m0LsE1nauivRjO.N.Gx4A1Reuqwtm','(249) 1523221',107,1664,'https://robohash.org/610'),(171,'Krisha','Fulford','kfulford4p@t.co','$2a$10$DqMkLLiqouJc19J3Zsh/ie9yCyterfAFaFnApYfsvMcmv2Q1sZ7o6','(419) 3884592',173,3678,'https://robohash.org/401'),(172,'Celisse','Kernes','ckernes4q@dmoz.org','$2a$10$h4ILU0PuwGKoAbk88EWgsutPBvCpJVUGcbUelPXVUKNKmjlqvMCQK','(931) 5427816',191,4761,'https://robohash.org/617'),(173,'Dione','Anetts','danetts4r@marriott.com','$2a$10$BPIqieQCUVmMCuPz5/hPxugg0xleD2B2qniwJmCYsGYs3hUETHlfC','(922) 9917347',246,1982,'https://robohash.org/168'),(174,'Gwenore','Andrieu','gandrieu4s@seattletimes.com','$2a$10$Sljp5wVuvprLtPlUs0AGueEJIZI1QtK3FGZzwdusqYmINQtd/E1FC','(124) 1434163',173,3678,'https://robohash.org/582'),(175,'Guenevere','Howchin','ghowchin4t@cbslocal.com','$2a$10$DpBAIeXmyuyzOFYEGQh7Hu91IThYiLSq82VsTjmxJsB/rQnaqDPnm','(355) 3308944',173,3678,'https://robohash.org/415'),(176,'Ida','Eustanch','ieustanch4u@bbc.co.uk','$2a$10$SLmarSbOpXhfdXU9xfpm7.UBTK9uB1jodiO64Ligj6hmVQko3rjlC','(823) 5182913',232,2289,'https://robohash.org/491'),(177,'Stanford','Reeve','sreeve4v@wp.com','$2a$10$c/VTzcAeHnj1sJqpHOCIq.5Nek/.7BeDg0Bk9RexSkPHtqGQM9zOy','(556) 3123941',173,3678,'https://robohash.org/165'),(178,'Rosalynd','Mitie','rmitie4w@nyu.edu','$2a$10$2iFGA4JLfubWF14JakTQauSDf8r4MvhoQ125jaVenz6MnfEZLgoVG','(357) 8068385',151,2133,'https://robohash.org/916'),(179,'Dotty','Saylor','dsaylor4x@sina.com.cn','$2a$10$oMpxi9lJDddVs/tt2vkTaun7wFMqopByjR.2IEJ8iM4VmvxOy9mOy','(807) 9259526',166,3047,'https://robohash.org/221'),(180,'Nels','Willgoose','nwillgoose4y@bbc.co.uk','$2a$10$f3Yjw8czbpo0RbCrtEkc6.APAce6mFZ0Sj5gcE.KfiNy8227v/qHi','(759) 3991261',68,3424,'https://robohash.org/870'),(181,'Margie','Braunes','mbraunes4z@w3.org','$2a$10$rTMJKHbUqEU7.Ea7U1B9Ou1xiVB.z0KHAXM1DsxNw0tJOCZn6VDn2','(361) 3632805',147,12,'https://robohash.org/739'),(182,'Kim','Zini','kzini50@tuttocitta.it','$2a$10$Q5AwbSGEY7.TotZbwcBm7O9s7ewK/kd9HbDjaXWZ0h.H/xTZZMToS','(187) 5553112',37,3972,'https://robohash.org/447'),(183,'Calypso','Crookshanks','ccrookshanks51@economist.com','$2a$10$GIv6U7I0uUvgV0JqpGqGWOYkmkOAZV0NnysckofDMX0rIWK/LDZoq','(118) 8314961',99,1027,'https://robohash.org/887'),(184,'Ulysses','Bambridge','ubambridge52@4shared.com','$2a$10$sGxCMsyG2Pfv6scVvviMXOxpHCSnoXQyhOYj54Emmp8W./6YlsDey','(517) 7833191',127,1513,'https://robohash.org/859'),(185,'Brianna','Rising','brising53@bigcartel.com','$2a$10$QPQYvH2joIGMRiaU9duWo.Hs8Ihel3chJFwA2dCut.18VcN1opBY.','(937) 3169421',173,3678,'https://robohash.org/689'),(186,'Andonis','Murrie','amurrie54@tripadvisor.com','$2a$10$qJJLSav0UonoEpJEw5wAqeCIVyQypb8LXjZUYUpXHxgeF7jAjsEca','(300) 2227200',121,2281,'https://robohash.org/589'),(187,'Kizzie','Buie','kbuie55@ed.gov','$2a$10$zy9pEKTWQ0iPPkwkz.BgquuzC7sw8fpNO7NslLvVYewAPQ2yOm462','(327) 4771689',115,3995,'https://robohash.org/235'),(188,'Dimitri','Dwelly','ddwelly56@is.gd','$2a$10$QaPWhchv31eo/3ulQ.UqxOgz3wfo1HV/RXvV8gdKWYMR/jdw.ccvq','(156) 7954501',158,4059,'https://robohash.org/343'),(189,'Emanuel','Accombe','eaccombe57@networksolutions.com','$2a$10$dzyeFyo709JxHOYPjnl3CeuJO7EKXNEqErrVKsAj.nmO6mzdqp6zq','(711) 3533287',131,3082,'https://robohash.org/105'),(190,'Rab','Raubheim','rraubheim58@4shared.com','$2a$10$5RZKslkB/J4OBBcrIr7gZed.bNcEyFJCbAXdYZJ8ELQusS/sP04eO','(801) 4991933',40,2982,'https://robohash.org/716'),(191,'Caryl','Braywood','cbraywood59@hibu.com','$2a$10$bk8b4.fsMkav.ZbtPnx2lO5/pCR8SJsrC.Lj8humU21AhC/usHLey','(852) 4166929',93,2712,'https://robohash.org/543'),(192,'Alexandr','Dyerson','adyerson5a@feedburner.com','$2a$10$ISB.jY3QaRzyAUhpYrrIxeyuEgIHK7UpJADUqzC8YKEk1qU6GJ54O','(570) 4895879',166,3047,'https://robohash.org/746'),(193,'Cthrine','Leavesley','cleavesley5b@gravatar.com','$2a$10$YvPIVsrYr4azpg5u3rSFP.uEvycpYj06NIzOeK1MRF9HsIhlVn3Xm','(910) 2877471',131,3082,'https://robohash.org/948'),(194,'Briana','Mutton','bmutton5c@livejournal.com','$2a$10$Tb.vDkIIRGxpoLLg/iqxC.QZ7qdQdw39BE7.tZor4rQCdsP5.VueK','(756) 4976993',156,2610,'https://robohash.org/682'),(195,'Buckie','Jonk','bjonk5d@istockphoto.com','$2a$10$tKZHtFL/3C/nSblLqe7.s.ERPia1C8e9z7kCWTB2pE9mF9Sy/XadK','(345) 2551648',116,3846,'https://robohash.org/441'),(196,'Omar','Gley','ogley5e@topsy.com','$2a$10$oMqu6zjXWEIyuVIS9Zm4zu8XniSHcuJsQaTfprzBj.eSJ0bJvM74q','(620) 6646007',173,3678,'https://robohash.org/330'),(197,'Niven','Cosgry','ncosgry5f@ehow.com','$2a$10$tm.NNWEzdU4k3QP/yFAzr.qYuvxdFNLRhmdUBCcnhcAxN9jYazehG','(517) 7423384',123,3032,'https://robohash.org/75'),(198,'Derrek','Gillions','dgillions5g@blogtalkradio.com','$2a$10$pMFwM3qImSJ/z7Mj6cDruOSNzpHjS3NDHx1lsXZi/xzgd0.id3eXm','(900) 6560944',208,2787,'https://robohash.org/798'),(199,'Giulietta','Foulis','gfoulis5h@joomla.org','$2a$10$w6tp8isIYvNMJmA.3zqmHeePV5qZg8sytbcFKKUnLSNMjEOS3EiP.','(818) 4903042',179,3177,'https://robohash.org/406'),(200,'Jeff','Yurenev','jyurenev5i@economist.com','$2a$10$Mooe5OpqyGwIG5UyRO5MjOs0WbOdLYaDn02E8P89bAVeMb8nSieS2','(996) 8345989',143,2580,'https://robohash.org/236'),(201,'Zonnya','Corps','zcorps5j@abc.net.au','$2a$10$WKr52NJ0LeOaniFAYz3GXOHYPHTc47HRYzOMp5jGL52a.oUe9Citu','(117) 8021434',202,4778,'https://robohash.org/26'),(202,'Jeniffer','Grinyer','jgrinyer5k@chicagotribune.com','$2a$10$FtrnyhJYAUhSmV2tYGQhM.9piXAcyzCyUcjfIsZ7RFFQH3zFCBrXu','(549) 1985239',222,3911,'https://robohash.org/680'),(203,'Mella','Pleace','mpleace5l@reddit.com','$2a$10$6iydjMT5n3ogjiYiw2tl0Oim8mfH9ZjkLc8Y3bx2PqouO8bzZkggW','(630) 6264049',173,3678,'https://robohash.org/630'),(204,'Karlik','Vanacci','kvanacci5m@php.net','$2a$10$9/uX1r5JHt7MUSWrKmVibuWClv1HH2CuHniFzph1nfLKEcU2o0p9G','(761) 8327074',74,1493,'https://robohash.org/956'),(205,'Drucy','Fergusson','dfergusson5n@fema.gov','$2a$10$1O5SRn67k7QmPuNC0KJcbeOge6JbZYn0PT4vplAvQJL4Icjv5Tf.e','(404) 1783199',33,1216,'https://robohash.org/700'),(206,'Robert','Freen','rfreen5o@si.edu','$2a$10$bp06zsfQnSMwl.XxboFaduW8956irCzgMdN7u2OpRNl1gmdbC.Yru','(603) 9702409',246,1982,'https://robohash.org/769'),(207,'Hattie','Hartly','hhartly5p@t-online.de','$2a$10$N3KTWSmIbi/iueHo8DuO0.QXSEHbY.Jt0UOF.UjdJ/asim1kKDUNW','(376) 4327775',213,1533,'https://robohash.org/44'),(208,'Lenee','Baynes','lbaynes5q@surveymonkey.com','$2a$10$a7GPB5GJHgtCwzL9JrLUqOFdrM8cJHea1KtZNp5zv7.byp7.5Bzpi','(154) 3600998',193,270,'https://robohash.org/556'),(209,'Jeramie','Vockins','jvockins5r@slideshare.net','$2a$10$OjA40L2WQuXWR0hxaliNkO0/gR/jFGheDGs3U4VNF7p3jLiyBXxQW','(863) 8149680',161,288,'https://robohash.org/265'),(210,'Elissa','Mollene','emollene5s@sciencedirect.com','$2a$10$SqsBwA18ZXQ11UeCE5A1aORxfNDB6LABu4de6j8GJDykoaxFXFvbG','(158) 8031891',161,288,'https://robohash.org/698'),(211,'Jacques','Mottinelli','jmottinelli5t@posterous.com','$2a$10$K8v8POAX6476XXLdGqWTY.coBJLbV5vKD8UgcgZ1PREXX2Pi6acOC','(458) 1836201',176,1622,'https://robohash.org/245'),(212,'Alane','Rennolds','arennolds5u@eventbrite.com','$2a$10$tgyP52/ykOCx8yyU4aj5W.eq64a.sCg2eqIKajA0pvYvCL7lAzMTC','(856) 5849301',10,3703,'https://robohash.org/817'),(213,'Vasili','Byard','vbyard5v@latimes.com','$2a$10$rPFWXJ5KszaTS9ZkrTbKKe0bcoHsFnG5DjLcxKv2VUBpGaCMRVzXW','(786) 6484868',192,58,'https://robohash.org/766'),(214,'Daron','Ivery','divery5w@harvard.edu','$2a$10$SgCC5L8TNpxp4nGyIR.lB.kKioyFBHMUDHEIEc3h5gV5IX3093.HW','(934) 8782368',10,3703,'https://robohash.org/614'),(215,'Abigale','Taffe','ataffe5x@harvard.edu','$2a$10$flUgq3l5IuNIITx1jzSmAO2kCvAeRbwQkaodn6GtiM7hZwdekRbBy','(958) 9847116',195,473,'https://robohash.org/964'),(216,'Lita','McCutheon','lmccutheon5y@trellian.com','$2a$10$rjcxBcNh1Yx1KW5.sPjjLes/DyS4gmn80XFgn4ZuTu9XubEBIgcO2','(756) 3783763',10,3703,'https://robohash.org/420'),(217,'Waldo','Furlow','wfurlow5z@slate.com','$2a$10$W7WzF84oGUj8dYl.sA4JiOpZKr5cwPnHeghw2GSPTiKZLSJITfh.u','(490) 1491429',16,518,'https://robohash.org/910'),(218,'Aileen','Locker','alocker60@pen.io','$2a$10$GkFIvqTnqnSmpm0vWJP6OewjdjJlTnH8fg7CNmpN321dcU.3u3zxW','(551) 5152077',90,3657,'https://robohash.org/639'),(219,'Germain','Bramstom','gbramstom61@baidu.com','$2a$10$sfHH5ksfTMoY.TjhtLE/KO0k0wde21kiFac14bSuKJ/LsV61jQc4.','(305) 6808246',57,744,'https://robohash.org/911'),(220,'Antin','Ziemsen','aziemsen62@bloomberg.com','$2a$10$uSJqFXXPMpEFCvjXFCRjvefCpKIa0hUcOzF7Dr5GysD5UivIIZvgy','(329) 4890570',233,1398,'https://robohash.org/903'),(221,'Alden','Hegg','ahegg63@wordpress.org','$2a$10$7jE1DCDLvWDgb1q6kPodxeuIn642eomvOEB1QxGwmxtB4fh4MjoBW','(222) 8405895',10,3703,'https://robohash.org/39'),(222,'Jacquie','Pykerman','jpykerman64@bloglovin.com','$2a$10$rGB1OGqPjmEAo6otfJ.l9.HRS1RsZma5RSpxTCky7J7gYS7/fj9a6','(757) 6924234',155,5086,'https://robohash.org/73'),(223,'Gail','Bollans','gbollans65@ftc.gov','$2a$10$JwrWYakq.5w7JrtuYasc6.JfFlKCogYDH8FDvsTfoCYphZPx8IWfG','(702) 1887020',134,248,'https://robohash.org/620'),(224,'Adrian','Fairey','afairey66@blogtalkradio.com','$2a$10$78TcFhEecJTENnJ0O4wUVuK.l4nrSj3EriOkzMRtUbkkG7vlmW8qG','(823) 9148347',203,915,'https://robohash.org/788'),(225,'Seumas','Kretschmer','skretschmer67@usa.gov','$2a$10$nXYyEGSfrY89SXlyiq45DODbG0m1aqcvg.jRCl/a0vDRm4oKoWWo2','(161) 6892036',21,2954,'https://robohash.org/234'),(226,'Fernande','Augustus','faugustus68@sbwire.com','$2a$10$ZHZaOE/Rgb.UZLVMEzaeceF.XVFD8RJFhf0Nk0Clj2SxT0am21xey','(679) 7868333',10,3703,'https://robohash.org/908'),(227,'Honey','Nuccii','hnuccii69@unc.edu','$2a$10$PMjw34tqdru4I9UgQ9T1LeE7HFdzkX9IEq1Qo/gyiYh5bkRyCgTZK','(488) 5440680',33,1216,'https://robohash.org/930'),(228,'Cherianne','William','cwilliam6a@hatena.ne.jp','$2a$10$agYDHK9e5CizkrFuxcrWnuzU/CwP8sJMqVJLr5pz.bpsxfaEY1G.i','(148) 1648225',23,264,'https://robohash.org/229'),(229,'Dana','Melody','dmelody6b@samsung.com','$2a$10$jAdj.A9faGHiapA9L84Ol.ATweSANnLivz0YVQpIGFm2cFsvyuOVq','(772) 3007407',196,3711,'https://robohash.org/788'),(230,'Lucienne','Skerme','lskerme6c@myspace.com','$2a$10$NbWkyXvykF6mQfcqHdM7/OMN9soWomE8wo0WbXzEcBG9RqNVR8Pvy','(379) 6710125',158,4059,'https://robohash.org/771'),(231,'Hans','Ledur','hledur6d@sina.com.cn','$2a$10$1S8.xz7iQwuGZvGDYiW4/uzYvVTSaKILzL6.x0RjHUPhxw1rThWzi','(822) 4007935',209,879,'https://robohash.org/395'),(232,'Carlita','Hanse','chanse6e@ucoz.com','$2a$10$pNfz3JWnh6KKi8a8hdfVz.f9i5Gdspp0fUaiT0i6zEseRKYnhVbyK','(528) 8317144',36,3185,'https://robohash.org/664'),(233,'Lisle','Ferrettino','lferrettino6f@msn.com','$2a$10$J.Nc7pbI2bNgXpXuc5.f7eGvWAe5CveNrR.KaC/EIgNitgDIuhz76','(954) 9846258',149,3265,'https://robohash.org/986'),(234,'Cordell','Grimshaw','cgrimshaw6g@weebly.com','$2a$10$JIwS8SCS7X2qbRf.n.VFe.HqhivKuAylWM8VKcZxiB/9ecqUiKhoW','(507) 3854188',246,1982,'https://robohash.org/315'),(235,'Sula','Brevitt','sbrevitt6h@latimes.com','$2a$10$0QM3fD0XtxFKBKTYJQZwA.MKln3ysMpXRK00qH3Isjo638HnNZ/g6','(761) 8999431',207,1146,'https://robohash.org/787'),(236,'Xena','Rebbeck','xrebbeck6i@amazon.com','$2a$10$GgGcskzyJctQk9rnkjSOle2qAsoEblrrqkFsgY.pT3F3iTWE/chO6','(345) 9987616',242,5072,'https://robohash.org/109'),(237,'Robby','Chandlar','rchandlar6j@ameblo.jp','$2a$10$vdmTaabItCTUhUw7hkA1POCojA07Fm48FFjt.dKrJMowTp/0F4Yuu','(986) 8577048',43,3570,'https://robohash.org/374'),(238,'Amandy','Hierro','ahierro6k@lycos.com','$2a$10$MP0BbLEX7f2RtOfxRrzqke8w3vbZHDza0/Sbpemqxuk3.xVT4sDru','(187) 1937358',20,1220,'https://robohash.org/800'),(239,'Dory','Keal','dkeal6l@webmd.com','$2a$10$ZP6iodA8fEAE5gNaniXvaOUYSSBXnfiNjbMKtYjovz1OnIwE/EWz.','(960) 4136298',230,4668,'https://robohash.org/629'),(240,'Olenka','Georgelin','ogeorgelin6m@mayoclinic.com','$2a$10$dfVWbkrOGyn7ZCAPFPPnr.UcRWemy/SHIItQmMfwHSf/UKFiyMlB6','(901) 3369219',123,3032,'https://robohash.org/423'),(241,'Anne','Bellhanger','abellhanger6n@nbcnews.com','$2a$10$RdyRDALlp0mkdLta0mYpX.ik0lOCHDdDlrfPfPtvO3JsvlGr36D8G','(231) 3649674',20,1220,'https://robohash.org/564'),(242,'Andy','Spinige','aspinige6o@php.net','$2a$10$1GCRK7pNnZWmSosOccMRAOXe4dEkMDD5X9RPKy.GbnLq71dhwQZ1.','(806) 4709488',66,4127,'https://robohash.org/236'),(243,'Cassi','Ranald','cranald6p@noaa.gov','$2a$10$B30iT2ZFt2Pdaga5JhnnnOSPDHkpBOfzJyQK2zCEiuT0yTumu2jfq','(243) 3917803',134,248,'https://robohash.org/300'),(244,'Anni','Hayer','ahayer6q@ox.ac.uk','$2a$10$eErK87tb5rVakZppDF2Gu.Kg.YJu/vGkrU9vAXw3VTZTsA0cD.VNW','(988) 1622241',143,2580,'https://robohash.org/550'),(245,'Veronike','Palatini','vpalatini6r@istockphoto.com','$2a$10$Gc0p8ZJY1qd4DF63ENfq/eW9agDtZFRClDO/CeyDP3bmj4d3D2.L2','(553) 9660887',181,4720,'https://robohash.org/160'),(246,'Norry','Feast','nfeast6s@friendfeed.com','$2a$10$F1jk863gByAMXQ4vnSXvVerm8NIFi0DABI29kuQtOPtUVcRX7B812','(456) 5263191',43,3570,'https://robohash.org/988'),(247,'Leon','Skevington','lskevington6t@usa.gov','$2a$10$KQZ6pzHRdwP0nAAECWgP4eP1caG5QoddsoMTdFCXEwmE7fE5IcJ8S','(573) 6194072',63,4514,'https://robohash.org/897'),(248,'Ritchie','Simm','rsimm6u@w3.org','$2a$10$iIJ0I9aPYFDUooB0qh2Cyux.n6JF4oh5JtenVcuQoq3zU2f9yehDG','(636) 4547993',196,3711,'https://robohash.org/514'),(249,'Celinda','Summerlee','csummerlee6v@deliciousdays.com','$2a$10$LxikrbLk8/Rx77qxZRDfMOoO0gE/qvS1i9BKzPD4ACEaYeCjwhECW','(237) 1211461',196,3711,'https://robohash.org/758'),(250,'Rustie','Polland','rpolland6w@ibm.com','$2a$10$6wgeXD9f/O7jnO9NE2JdmOWQ.PP/La5u0SL64.6Ww9cf0BYPoW81O','(897) 8636819',94,2760,'https://robohash.org/74'),(251,'Kailey','Stow','kstow6x@tuttocitta.it','$2a$10$8DFkvSwFnJ5oYpsqJdtyg.0a.Jas.2HP9NqfXP0mCjm65vKwQN8RS','(656) 3209591',152,34,'https://robohash.org/844'),(252,'Cynthea','Batty','cbatty6y@flavors.me','$2a$10$JU2K9.SySZmlOhDDCR.kD.LAifWNf9bDlqC9mFrEvIRjQwWSuS63O','(652) 8225794',196,3711,'https://robohash.org/792'),(253,'Roseanna','McArthur','rmcarthur6z@ed.gov','$2a$10$bI3oaAAP7WJP83I3Zj1yGOdaTACoPRm8wI/z8CiYAO6QZzx5Jf/t.','(970) 4553137',33,1216,'https://robohash.org/883'),(254,'Penni','Oakland','poakland70@issuu.com','$2a$10$ftedfTNB3RoOd4gx3NZauOPAp4LUsvQcrY1jFnTfhGwbnF8ktL9J2','(488) 5768292',171,4830,'https://robohash.org/765'),(255,'Odella','Ramsbotham','oramsbotham71@indiegogo.com','$2a$10$WNlYhaD4JASjgTxxLpYmmerkKG/63KdhHjp0kvt8BDrzCZiyS5doO','(856) 9514671',196,3711,'https://robohash.org/152'),(256,'Crystal','Troop','ctroop72@123-reg.co.uk','$2a$10$XI.RRdFvFwb1vAFq9dGIqOsRYs2dgYaUauEo5uevhyi9I1V9/mz9y','(892) 7210573',14,3903,'https://robohash.org/896'),(257,'Linea','Coghlin','lcoghlin73@indiatimes.com','$2a$10$TpOKqj8/2yagfnLsyfLnXuaiyeUDcAbLTvHGcaT4tdqteDvduPCFO','(229) 4276457',35,3112,'https://robohash.org/769'),(258,'Parrnell','Espin','pespin74@narod.ru','$2a$10$5PuE92O.sQQ0VQM4d0mB6.ISEJXG8Jp7gzSVt6XOcJcaFtRHfo1JK','(177) 9230041',42,1252,'https://robohash.org/197'),(259,'Dulcia','Collie','dcollie75@un.org','$2a$10$nz3HyaQ6jQ2yTdLlieHvxOMbpu2lX1JCoXRgDoUv1NLea/F0shVqa','(367) 5326433',131,3082,'https://robohash.org/871'),(260,'Austina','Moylane','amoylane76@sphinn.com','$2a$10$GzAkJ3o61ggJUBbUql4YqOnjyCIW3qa6JQH7NPcO7fw2G7W1U9PFC','(523) 2578538',108,3742,'https://robohash.org/669'),(261,'Brigid','Clace','bclace77@slashdot.org','$2a$10$Si0b3.jaLNBUm7OtmuM36OkZRhfejNJBfmTpe8K4cNwdOaVlSRmOm','(347) 7735465',133,2584,'https://robohash.org/919'),(262,'Melessa','Stubbe','mstubbe78@nih.gov','$2a$10$A1LJeN.52rHyvOKGbfR4XOb1FIHkiprlev.Mgz7WJkfowcSYqvfm6','(777) 7368159',17,3593,'https://robohash.org/996'),(263,'Uri','Beauchop','ubeauchop79@typepad.com','$2a$10$vt3iV3MhaTLY16UcZVDceuyfYBXnBVMpKZDgl6HABVSLW0sPZmg5a','(606) 6795644',248,3723,'https://robohash.org/459'),(264,'Maje','McEwen','mmcewen7a@newsvine.com','$2a$10$y3K3S/DTRflibdOhekMlFeMLOtap7slZJ7OsSNaTPN1PG5EIQU52K','(325) 6445323',212,968,'https://robohash.org/639'),(265,'Collin','Verillo','cverillo7b@gravatar.com','$2a$10$7UO/p.Ed/2MnL0Gh2ZbiBOll8FG.4ae9pGNdTH6pw0pBY8EhKYRNq','(204) 8473836',124,2961,'https://robohash.org/133'),(266,'Jean','Shill','jshill7c@canalblog.com','$2a$10$OXv3LfsFBS3O6EL13X8Lce6xPk5eRygUK1KWDbcM5T04TkenmcK76','(900) 3194255',3,593,'https://robohash.org/117'),(267,'Ozzie','MacShirrie','omacshirrie7d@over-blog.com','$2a$10$ab5T1AYE6Gh0t4h7.P6SfeypWs1ctiuh4Azte4725D6lH8JEJZczm','(984) 6401711',97,4041,'https://robohash.org/311'),(268,'Pavla','Northill','pnorthill7e@blogger.com','$2a$10$NC8SCBuDw7Es.C3sckOjh.wFzo8n1fCZ8ElM/7g.wyLaIyQYM34Fu','(506) 1416844',248,3723,'https://robohash.org/805'),(269,'Cristie','Got','cgot7f@spotify.com','$2a$10$AHJf/d8JxUoCU/XSwpAW/.sxvvnYHLcD0oyQf5x0N/bzxATuyk1Xy','(522) 9395245',248,3723,'https://robohash.org/749'),(270,'Jonathon','Kyttor','jkyttor7g@mashable.com','$2a$10$cAf6V9wCZAg44gsBTYB0hOPAXnZjVjsGo/MR1qR4bdSQJ3KSofEgi','(336) 5586938',225,2148,'https://robohash.org/223'),(271,'Ardeen','Dakers','adakers7h@list-manage.com','$2a$10$OP03hPUAH0k.nyNI6DrBgOGn04JZjlwj.nV5G3iz5gTxbTwziFPAq','(864) 6419018',75,4794,'https://robohash.org/909'),(272,'Josias','Chiplen','jchiplen7i@sourceforge.net','$2a$10$tfPPx3iP2qgQU6jGz3apKuQeAVih.V/R2dSy6Yfm4Zd7q7Px3a1OO','(245) 5526236',248,3723,'https://robohash.org/506'),(273,'Frederick','Paaso','fpaaso7j@eepurl.com','$2a$10$ehCgf/A12Mz7QE84yBldkeo4yPoOSPe05HF8KLlAUgaPjwQacJzJ.','(941) 1789703',108,3742,'https://robohash.org/35'),(274,'Elnore','Frigout','efrigout7k@intel.com','$2a$10$8lGnS2o75xxPzGYHoOpV4O9maOfztkxsKPhQgH4vBXNW0Zhal.Mnm','(603) 6866527',108,3742,'https://robohash.org/628'),(275,'Morgan','Margeram','mmargeram7l@free.fr','$2a$10$eRCU9ASFDheeFkQuRfjl4OwDTbWxEXhjdymXCFY/VRDUFak8PWUBm','(178) 5294429',108,3742,'https://robohash.org/815'),(276,'Janean','Mowett','jmowett7m@huffingtonpost.com','$2a$10$5lIIeFyN5.Uski0B4n24FeeM8QTHTRG3zAv5P1X0c6ggrvQEvR/he','(406) 6296880',108,3742,'https://robohash.org/947'),(277,'Kinsley','Blasetti','kblasetti7n@blinklist.com','$2a$10$cEQL11qOBZKU1THVEeZ9XOgk9.xKknfwCTD/vd7yr47vPRQ3VZiUi','(591) 3591945',108,3742,'https://robohash.org/980'),(278,'Thurstan','Ancketill','tancketill7o@google.nl','$2a$10$AqdXAlYF1dLYbQwuj8IqQe7UyAft2XRsb/LRQbgdso8JYHp6Io7mu','(972) 5993341',19,750,'https://robohash.org/391'),(279,'Cristy','Hacard','chacard7p@usnews.com','$2a$10$sOZ/JLSb7.aeJY8ZZ8dv8uxmF/Q15aMCVG.mua1DrObUrNBrfwsUu','(909) 8390472',192,58,'https://robohash.org/350'),(280,'Odo','Clashe','oclashe7q@amazon.de','$2a$10$XenrVDOJnnwzrzABjDv1duUXZYKr1.RUIbVwvS2B.ezlC2ZRoF0ea','(503) 3443468',246,1982,'https://robohash.org/559'),(281,'Stanly','Newick','snewick7r@craigslist.org','$2a$10$18hrhwos843aVhqJJjatG.LuxPbQeQ8GMpp3UX4zXDQoCkUhAgqyW','(252) 9927352',108,3742,'https://robohash.org/867'),(282,'Lyell','Allingham','lallingham7s@amazon.com','$2a$10$E7.mKxA/EhXlIMeoM0Y8ZOKG3eRkDsAcTpdx3h34.DuE4zAOR/Zq2','(514) 2480727',231,3390,'https://robohash.org/834'),(283,'Brit','Pauly','bpauly7t@kickstarter.com','$2a$10$Hm3FIZfcACTTaD/c0NZ04ebxSpSZJVGPCbi7OPLduCwOLJGRKnFSW','(307) 7739296',132,1935,'https://robohash.org/784'),(284,'Cyndy','Lawleff','clawleff7u@spotify.com','$2a$10$CXAoX8MxchT6o9/t0/D/bOsZI1pIoL1JQvqrA8MSLkXZAS9w.5Xli','(551) 7134618',150,3327,'https://robohash.org/556'),(285,'Genni','Sokell','gsokell7v@so-net.ne.jp','$2a$10$87A1OZ0NtFTABMHzAc6ZeOIcVsQfRIOnAAaeg4qfm8ACLZ4Ai83Jm','(616) 7096544',197,494,'https://robohash.org/979'),(286,'Perkin','Domesday','pdomesday7w@amazon.co.jp','$2a$10$8TeQHeUaByRPDBz2j1.CNOgF2G2h.VLCOTyqtNiILuxLZnI6WlINq','(211) 4750542',44,2823,'https://robohash.org/541'),(287,'Beauregard','Hylden','bhylden7x@tumblr.com','$2a$10$7reHxjeRzbNxTIq.z98vRONbX6LraegOVy39SW5SFD9uHcF9PYT.q','(323) 2388473',166,3047,'https://robohash.org/942'),(288,'Kiah','Gilvary','kgilvary7y@merriam-webster.com','$2a$10$APAAkStQhqdcqfWWeh09dOOUhuCXlWg9Nxt9F379CdVDPbM3a7uXa','(386) 9878405',240,3768,'https://robohash.org/689'),(289,'Aida','Ionnidis','aionnidis7z@delicious.com','$2a$10$Qbg1yf2YZtYyfHIqwO9LQubF1xjlZOMKO7JoKi7GJLi3piKGe1QP.','(549) 2442243',40,2982,'https://robohash.org/571'),(290,'Pryce','Alessandone','palessandone80@usnews.com','$2a$10$7Mzvb9Jvk83tLqxolZmtCeTZrn5KzStd4/p7uTg0qKYIn0QLrw6n2','(516) 3640266',142,3447,'https://robohash.org/898'),(291,'Travus','Sommersett','tsommersett81@shinystat.com','$2a$10$.0pEt0Kidf63NW3uVcsWJOk.c9vl9vM9k0VFXs.Ufx87RAe3cj.rK','(386) 9192088',186,3756,'https://robohash.org/663'),(292,'Jacynth','Seargeant','jseargeant82@addtoany.com','$2a$10$N/IStaPi5IUOfzME6rc.3uxdhE.gCn9V3UJcOkNmYSQfRfUmdKQyO','(855) 5891606',216,3402,'https://robohash.org/569'),(293,'Milka','Issard','missard83@mashable.com','$2a$10$khqCjj1itrH6DCIYbweUEuMe.C6g89yPUGOLBoctVtkrAfZSwYsou','(258) 4407999',186,3756,'https://robohash.org/448'),(294,'Veradis','Masi','vmasi84@geocities.com','$2a$10$fiRi9MhqVJWYW22aNGon5eYs1tM2EvSYGBGtGu1U6rpbKYAhmz6tO','(704) 6178998',79,2723,'https://robohash.org/775'),(295,'Ora','Hinsch','ohinsch85@tumblr.com','$2a$10$3ERQzjNztbsiiHum4z6mBeYpkWPTy664Pcqntwu1BwCr6jOPE.8I2','(634) 9161813',209,879,'https://robohash.org/457'),(296,'Norrie','Iacobucci','niacobucci86@blogger.com','$2a$10$3Qz2GoAefNn8.trRX8Wa2OKPqjU99isJ.5V1SpFiHsouGW6N1r4hy','(596) 1806159',131,3082,'https://robohash.org/633'),(297,'Delbert','Wyard','dwyard87@omniture.com','$2a$10$roV6tmIBz94e6ijATh1h6eqU/aJivnuTTQwDoId/0UkbpoDxfKj8i','(675) 1146783',69,3555,'https://robohash.org/190'),(298,'Marsha','Burgis','mburgis88@chicagotribune.com','$2a$10$KyOc5Dx6TNyq3aueTv54meAqKVzxk440FFoWD0fGhuJNgyMLZjGLW','(120) 1954559',186,3756,'https://robohash.org/516'),(299,'Aubree','Riach','ariach89@google.pl','$2a$10$HoqKwkvXxfpZn9FIFzqE5Oxee/zVdKhfyaixHC0rsvie8GTUXFPP6','(352) 1027825',117,972,'https://robohash.org/364'),(300,'Aluino','Itskovitz','aitskovitz8a@dell.com','$2a$10$JU/e5R3l3tImlW8CJRkss.b/yppK45/zx.I.MnBpLpxZuNoJD9JDO','(854) 4239562',31,1997,'https://robohash.org/400'),(301,'Angela','Lingard','alingard8b@telegraph.co.uk','$2a$10$GogsKqAuonmgsJkNMq8Sj.8Bh4LHvbQUM2bItj6IJrsLlBS20MZXm','(255) 6865677',195,473,'https://robohash.org/440'),(302,'Roxine','Broadbear','rbroadbear8c@pcworld.com','$2a$10$dsvdrW97YtrGdCVdMgdlZu6grLx0D61E9sQrltvLOSv.uSilhtGgC','(417) 6666521',248,3723,'https://robohash.org/97'),(303,'Noel','Lambert','nlambert8d@technorati.com','$2a$10$j8qKb183WzwnsRqaL5elx.hInAVWAZQpBOrLqYNU0eZzxrZo97HJS','(695) 6734798',156,2610,'https://robohash.org/350'),(304,'Maddie','Melly','mmelly8e@webmd.com','$2a$10$S8Qx.VxJogqKoxJYpr661OykPfp438kGpMFdpVK0AALIVKxnJep3u','(258) 3622422',39,866,'https://robohash.org/672'),(305,'Janette','Cisland','jcisland8f@paypal.com','$2a$10$CVsmSQoLMuD1LuQXD2LbVeOQ5/L9B2.kvKoKDonxs1Vwo/j6zFtyO','(579) 7964000',21,2954,'https://robohash.org/408'),(306,'Dun','Gallaher','dgallaher8g@youtu.be','$2a$10$ClgpzoH1JbLuo/PIT0rV9.L45gS5sYcbE6zUPuIqF/JOmhvZsqsaa','(839) 7524301',247,1951,'https://robohash.org/19'),(307,'Forrest','Fihelly','ffihelly8h@yahoo.co.jp','$2a$10$5JEqPMDEsWfncwAmrHLsNuaKeM2Sqli90tA1UQXxRuRVmXVy4eLc2','(754) 3274207',186,3756,'https://robohash.org/293'),(308,'Birgit','Ismail','bismail8i@ebay.co.uk','$2a$10$xgqUDgSSGhfbu2WhQpz5mO5OOZDrUHrvftf8VUWUWF7QVqE6GjOMW','(209) 7954042',183,259,'https://robohash.org/379'),(309,'Ann-marie','McKinnon','amckinnon8j@cdc.gov','$2a$10$XmXOdpnzak6YzxJxqk/tNePuPBRviUxyu.6QAZd8owRfQf4qtlFE2','(255) 5265641',27,3375,'https://robohash.org/353'),(310,'Jaymee','Brockbank','jbrockbank8k@mapquest.com','$2a$10$cZOGVywerpcwFaJPnkZV7O2Mbu6vnhKNIBgmK4s8hqn02ncLFmeIm','(894) 3449430',40,2982,'https://robohash.org/3'),(311,'Warner','Gandley','wgandley8l@engadget.com','$2a$10$iWcnLhb/kPEaaoD.YH/oreRhIgHjiPoN7e0cN8BeNebDlYnA8QZnm','(243) 9072905',61,4076,'https://robohash.org/225'),(312,'Jory','Dagg','jdagg8m@msu.edu','$2a$10$QunEwqH8hCwGUtxbxaohL.ghoseI0xFym2enQwZ4EDg720FQ6SdEa','(497) 4415243',51,2732,'https://robohash.org/510'),(313,'Dayle','Critcher','dcritcher8n@examiner.com','$2a$10$6VjyiFShLHtrmu3AZRPbqet9ZEy3nGSeti4tsrQap.PKieHCbhGuS','(535) 4498028',231,3390,'https://robohash.org/709'),(314,'Kenny','Epperson','kepperson8o@people.com.cn','$2a$10$xON.UUnsu8HAU8R6vbc8YunOHVB9XsgyQZnta0ObaykRk1YVgtWQG','(438) 3321498',131,3082,'https://robohash.org/23'),(315,'Neddie','Ohrt','nohrt8p@cam.ac.uk','$2a$10$8fWw95HneEiKwFX4ACN4heK4aUQleUQY6.dKDU9hYz7U1ARIvnfpC','(571) 1468665',11,3634,'https://robohash.org/171'),(316,'Kristan','Adriano','kadriano8q@ocn.ne.jp','$2a$10$dTgjtEGE77PNXXjqTQTIdeZRaZG1qus/S4Nk/CghCjEbBH82.HC7W','(175) 4841280',20,1220,'https://robohash.org/943'),(317,'Junina','Casperri','jcasperri8r@tinyurl.com','$2a$10$h4IYGjridHhj1kZN0FlI8uDYUUlnkuKMGc/tWeCsJpPFmTmpgDkHe','(986) 2989826',6,487,'https://robohash.org/737'),(318,'Fenelia','Mayne','fmayne8s@bandcamp.com','$2a$10$KaItQIAHVZLSlHPIE0R2geLJc5wrL5XW8pgxcKa/Gdn/Ny.4q7ke2','(343) 8537597',73,1916,'https://robohash.org/265'),(319,'Daile','Joseph','djoseph8t@quantcast.com','$2a$10$oJcnd6HW.wjYI5lN4QdcmOhqSo4KAcg1HMe6lbTUcCvPJEl2I/IWC','(928) 6480890',82,3005,'https://robohash.org/84'),(320,'Bernette','McCosker','bmccosker8u@yahoo.co.jp','$2a$10$k5j2D9poiiMg.H/VjGroKOnfuw02vwkHZHzGJq.vD.zi5W4gpN4IO','(850) 9313867',186,3756,'https://robohash.org/706'),(321,'Aurore','Azema','aazema8v@mac.com','$2a$10$PNGkHyZIoTdLUoC5SIyNSuj9BfQp4SP95zZjoWzeVcYU2paJafL5e','(988) 9765987',170,1385,'https://robohash.org/522'),(322,'Kipp','Quelch','kquelch8w@paginegialle.it','$2a$10$qgr8y0Aa0BoWyoe2xVZN5udhiZ/52uSfERzsYyaQ6KkL8shB.EmRO','(913) 7995804',218,1463,'https://robohash.org/371'),(323,'Alina','Neising','aneising8x@nationalgeographic.com','$2a$10$6zIqIpyPdXO0G3bCMMTQPOnalsPvY5Fiq.qYR3LpGMcaIvl.yfjD2','(999) 1168738',33,1216,'https://robohash.org/102'),(324,'Isabelita','Sweeting','isweeting8y@etsy.com','$2a$10$fZs2Teho/lfwZ46qOGBVSun1pBQP7m5Af4sKh1x.bmVwCOqEG3Ig.','(362) 9693721',73,1916,'https://robohash.org/923'),(325,'Shelba','Blunsom','sblunsom8z@plala.or.jp','$2a$10$fUutNKYG5EeuW4kWUhVMLuAp.4Qcg/ASnUci.yHFvv6traFHtCKkO','(325) 7912536',171,4830,'https://robohash.org/479'),(326,'Faina','Santello','fsantello90@histats.com','$2a$10$PXPmMV8GXzMVEMUe49dK3.JMB33UapbD9cWSDCswRYwimQJOmFgQy','(356) 7341493',186,3756,'https://robohash.org/170'),(327,'Kari','Archbutt','karchbutt91@elegantthemes.com','$2a$10$9zx5B2DCaijDAkTka3UvBu2BMbkZGfSd4LtCZCl7BSEVWRVGbTTxi','(829) 3688797',222,3911,'https://robohash.org/490'),(328,'Tremaine','Prose','tprose92@tripadvisor.com','$2a$10$89g1vv5ff3vD8d4oqXixuO5WWxh2AZvKt5KL9f1.eH7LGiOn8O2CK','(629) 6127377',246,1982,'https://robohash.org/52'),(329,'Montague','Ewence','mewence93@usda.gov','$2a$10$KvEozsj0FJq23z.cvJ1S4uhEUnnf27lJbvY7XPlSTogX1Xyn0KXoK','(530) 5733934',186,3756,'https://robohash.org/572'),(330,'Cliff','Spellacey','cspellacey94@typepad.com','$2a$10$cLXqb3Z9urVizJ.TC8ogVu0UO0xOGlYuJlbRstqrH0crGlGd8zsDi','(512) 2626585',27,3375,'https://robohash.org/837'),(331,'Livy','Bidwell','lbidwell95@pcworld.com','$2a$10$nvl0fJTe61gzTRvNbTqLe.APpKQUIyrYKS0UE9mj6UbTKA3Zv4eJS','(850) 6401713',116,3846,'https://robohash.org/207'),(332,'Stanford','Moule','smoule96@wikimedia.org','$2a$10$jb8lUp1haqif2z/pM/qI2OJ51/znqA9wpkq3hq60JOv0b8iJKGivG','(574) 7235812',40,2982,'https://robohash.org/220'),(333,'Jaymee','Birden','jbirden97@npr.org','$2a$10$3NQC5zYG4ZQL3LonrY3Wle5XCKGqtM6qWw6V7/5pp9I0WBiGgfhSW','(316) 3831918',11,3634,'https://robohash.org/656'),(334,'Fern','O Mullen','fomullen98@google.com.br','$2a$10$6LKrF5ppix1Hs7RlV5Ec5.Na3DmxO3K3THuxYhKsiJxjX8AuAK5Ba','(188) 1115441',174,1269,'https://robohash.org/214'),(335,'Daniel','Hagan','dhagan99@cargocollective.com','$2a$10$b5VyFyYd.OagZgsq2l.Qp.GKBeeU0YX5Gmp.EMyea3A8qW2o/28Gi','(680) 7526595',186,3756,'https://robohash.org/139'),(336,'Lizzie','Hogbin','lhogbin9a@arizona.edu','$2a$10$UGvWyW0lDeQ5BMytbh5rQulpRjnSrXdCy3AQdCqpXHsvrXUCkEL2y','(533) 6117686',213,1533,'https://robohash.org/941'),(337,'Korie','Chesshyre','kchesshyre9b@ovh.net','$2a$10$CNNwiDk122km72pfhhA91elgoIOD0k..KHCERoAUCNEFdASuUi3p.','(641) 4485995',83,48,'https://robohash.org/603'),(338,'Thornton','Colleran','tcolleran9c@europa.eu','$2a$10$/pDC5I1S5hSznniccszt7ujDrtxgcisNPzKQwNaglDOhqPM0GVFfi','(402) 4678088',40,2982,'https://robohash.org/462'),(339,'Moritz','Kinsett','mkinsett9d@earthlink.net','$2a$10$sLXQCAnxBhopaBnWIvE2VurenA.FUoTsmBP/PfOCTPC7NUDxMqGa6','(660) 1100570',173,3678,'https://robohash.org/344'),(340,'Eadith','Smeuin','esmeuin9e@sina.com.cn','$2a$10$7mbcwQcmMhK.6ew2wiAY7eboIOpbJ0hG8jewyUG1I5foyQcmY6rIy','(385) 2958353',53,1209,'https://robohash.org/162'),(341,'Annissa','Capsey','acapsey9f@yahoo.com','$2a$10$yfwV.32LRnISmFFBruMav..ke56IsQjJS5iUaHr.NKIvW2AsCYp52','(408) 6678218',20,1220,'https://robohash.org/137'),(342,'Humfrey','Harmon','hharmon9g@sciencedirect.com','$2a$10$SoFLmA9qSjOqFUpjD6fucu4TRPqjHa7Eo4JIIQl6ZYAOEO9VhRWtK','(932) 1465317',108,3742,'https://robohash.org/866'),(343,'Ivory','Gann','igann9h@goo.ne.jp','$2a$10$9orxP6GhC.ohru7J5EkQDulYnHmYx4QnyQjDgGXGpRiUxmlxqtnFm','(340) 3738839',58,4542,'https://robohash.org/7'),(344,'Hillyer','Savage','hsavage9i@discuz.net','$2a$10$BCW5txycl3g4myDli3ySIOLzpF2sr1Zovk6hI/27GktZuo6pnQU9G','(816) 7430179',149,3265,'https://robohash.org/641'),(345,'Guendolen','Whates','gwhates9j@spiegel.de','$2a$10$/6.l8glTbe9yuae7JhTF8.dNTjcSTKDO/EIYBby6O7BDCte2ehy7S','(478) 6857471',240,3768,'https://robohash.org/950'),(346,'Brandise','Ditty','bditty9k@elegantthemes.com','$2a$10$yDl17OTp.CkI0tmfyomg2O4GujjKz4qHLWgwyqAmGrNWIbDGG1Qhe','(565) 4506325',240,3768,'https://robohash.org/468'),(347,'Nerita','Tassell','ntassell9l@xinhuanet.com','$2a$10$xIr/jYJO9Mo06oUQsLDeKeLry4SqspbubHukjBNTimOpvHn6.HTze','(586) 5736669',240,3768,'https://robohash.org/779'),(348,'Marion','Sharkey','msharkey9m@wordpress.org','$2a$10$bKJxmYsj4jzug08RBL/Og.YMq.i4Tr5mcodWf8syeRzSxsi1oQecO','(989) 3778051',27,3375,'https://robohash.org/803'),(349,'Nils','Streight','nstreight9n@bizjournals.com','$2a$10$Pb3bx04zgwvpJftGxd39Aul5cOjAVcfv/B0Rer87RXssHcgP/.5Sa','(941) 2099153',35,3112,'https://robohash.org/711'),(350,'Gilbertine','Cudd','gcudd9o@wikispaces.com','$2a$10$QdJypl32VO2VcbuIrhjM2ugqULQhdonv1Tc1DxJujOhwwINOp5T1e','(711) 6075814',240,3768,'https://robohash.org/971'),(351,'Joellyn','Eaglestone','jeaglestone9p@google.ca','$2a$10$Qf8HKqdeqlb1Q7p.SzuOe.h7e7yAV.FZw6AsCCuYu1JCesrTPF9Iy','(190) 4167045',153,4654,'https://robohash.org/305'),(352,'Neils','Fowls','nfowls9q@biblegateway.com','$2a$10$B0LeMizERgpxnUQlZpS7uuR/nghO7ULF0WhlOuhN3bmJDdd/OrtuW','(905) 9310717',242,5072,'https://robohash.org/585'),(353,'Lacey','De Mattia','ldemattia9r@g.co','$2a$10$s3AKHbw37dUMGooHXcqCxOblMCQQ/NyYblyKQC7eWni8tcPT/U0mK','(463) 7532036',69,3555,'https://robohash.org/832'),(354,'Austina','Scarse','ascarse9s@4shared.com','$2a$10$r0cARVPzD9NB3E4rXnE6zO1.s.n2f4Gz5FMKaprmE5u3GR36e7RW.','(222) 4558096',150,3327,'https://robohash.org/722'),(355,'Rusty','Humberstone','rhumberstone9t@bizjournals.com','$2a$10$Ck67oOsAYssUu2nGnCrls.4iJQZJa9CvU0UPGVDQRG39/uD2ot2mm','(576) 2646308',80,2666,'https://robohash.org/57'),(356,'Salli','Lidgett','slidgett9u@accuweather.com','$2a$10$BsNR/4x2ZGPNdIxjGGSNzO2CN3t1jWKIPpGLEU1crdIhtBwxTTNKW','(134) 5684789',44,2823,'https://robohash.org/651'),(357,'Marin','Blundel','mblundel9v@ucoz.com','$2a$10$c1PLWibt8u3kPU6k4xv4pOLLo9QMCqQVs5mqNjPH0EAMic3CqMitm','(156) 1902619',151,2133,'https://robohash.org/42'),(358,'Salomon','Ginnety','sginnety9w@kickstarter.com','$2a$10$wFDJ75ecWbB1yIjMMAFwo.2vf7JOKbF0srKkHwzdMuN7nXCl3GYJ2','(691) 6326232',166,3047,'https://robohash.org/56'),(359,'Domini','Gorgl','dgorgl9x@histats.com','$2a$10$SPNOc4x9I4Dz7mrvP0t0z.sF0mzr0Q4VwQajZAuyAD6ov3HGg/Zua','(627) 8740685',25,4860,'https://robohash.org/680'),(360,'Ronalda','Nore','rnore9y@dell.com','$2a$10$mnJrppZ3HHUz8.EWqaIXVOSMhJmknsDjAUQglJj/cgqAbCbYs0p1m','(868) 9891808',131,3082,'https://robohash.org/328'),(361,'Virge','Barukh','vbarukh9z@ocn.ne.jp','$2a$10$kKLXO2NgYv.MBlhaPMe8q.4KCcVZo4C3o.P1ZbgfXm2yrV0k0X.wW','(310) 1086290',186,3756,'https://robohash.org/483'),(362,'Mickey','Bestiman','mbestimana0@xing.com','$2a$10$AlcgyOyanf2zlOIzV11IyO8XXeNUmGkpknVpCfXoouW49jwhTjLSa','(536) 4259241',177,2228,'https://robohash.org/434'),(363,'Bobbie','Harwood','bharwooda1@geocities.jp','$2a$10$I1PtYQ0faIq3GNMXSMiGa.9SNqX/C8BQkH6qXcbDEg4N7AgzrMnWG','(549) 8453469',235,3203,'https://robohash.org/198'),(364,'Doralia','Chaundy','dchaundya2@shutterfly.com','$2a$10$c5chSXXbrR0K94TkAm2hFO1DJUSvjhdPdRRJm8BBd7hDYBEV7BqYW','(561) 5709098',31,1997,'https://robohash.org/330'),(365,'Nanny','Phifer','nphifera3@businessweek.com','$2a$10$0TeGfKUd4gfg30KXoriCXOkvtW/uyjzYDKHkUB/gzFofgbrWE.LnW','(605) 2845270',119,978,'https://robohash.org/413'),(366,'Piotr','Applin','papplina4@tripadvisor.com','$2a$10$MEz8YumrdIk3/WpJQyyVyOcW6/wnAzr9o0U68oSQiYX.Aqpq2wLEO','(636) 2556953',200,4352,'https://robohash.org/644'),(367,'Tobe','MacBrearty','tmacbreartya5@about.com','$2a$10$X1CWAAdwiDOnEriK9VcJWuLLjg.zmfeg04wQAeywFaktOtvQRx37u','(804) 3043317',118,997,'https://robohash.org/725'),(368,'Pearce','Richardin','prichardina6@alexa.com','$2a$10$h.pcsdn1Byk2IL5PG5Kgm.RFtS8Hbn8Mf45ouQiMwGASZOFBG6wMq','(957) 6692119',29,3060,'https://robohash.org/567'),(369,'Crichton','Colaton','ccolatona7@va.gov','$2a$10$t33EniTTGhPstsJVtBb6h.BWIPIMUBwvacY..gQUVdLkcgZIEW1Vq','(147) 2948555',67,3438,'https://robohash.org/497'),(370,'Rob','Girardengo','rgirardengoa8@etsy.com','$2a$10$2hkALewZwFbKTHKXdpwOU.PgfEK8wMidwUU5mxClBmYQNyMX.4xce','(574) 1143615',82,3005,'https://robohash.org/509'),(371,'Natala','Galiero','ngalieroa9@photobucket.com','$2a$10$UivxjwKrsZos.EgAQxE85uE6pTUUFtmA02v8txbtNmYkzc2o0.WCq','(408) 8961091',127,1513,'https://robohash.org/841'),(372,'Myles','Franciskiewicz','mfranciskiewiczaa@vistaprint.com','$2a$10$C2Yn0H7txZgDnVrYeNk6DuY/R6PqsLlRkDEXK4QGDdyvdJKOCl9YG','(835) 6468412',67,3438,'https://robohash.org/168'),(373,'Joice','Frankowski','jfrankowskiab@newsvine.com','$2a$10$57dwMp3AIDmQ2yPW6COyVe4.5s1hqo6gITvynw1V0VKOA2xxl4Qpi','(594) 4670505',67,3438,'https://robohash.org/176'),(374,'Waiter','Heritege','wheritegeac@uiuc.edu','$2a$10$6RI0xH1HGk2z7CdIviRbFOTO6BW76FDVUwhm2tocFtX2Wkr8vqfE.','(772) 4632768',224,2550,'https://robohash.org/254'),(375,'Van','Carlile','vcarlilead@shareasale.com','$2a$10$pKdBwam6KdVdpwtN.g8tHOkPZ0pQgLLJWi4wT3QzqntZTondzvYd6','(144) 3752693',196,3711,'https://robohash.org/970'),(376,'Ramonda','Brader','rbraderae@economist.com','$2a$10$b5IUseD5HRvhsJSAE6o3zOV97HhW/SVWt4xiBgJ.69uVDvw16zSZu','(142) 7208873',203,915,'https://robohash.org/86'),(377,'Roger','Steels','rsteelsaf@meetup.com','$2a$10$oS7K1No3.bQ7RNEaW6Q0j.ZF.10BatV1WjJb/k1fULPWchU8v2hQG','(841) 3199836',4,1098,'https://robohash.org/218'),(378,'Celestia','Shipton','cshiptonag@sphinn.com','$2a$10$cLxxFCx0Olj8d0wbN2Cgdu.JAW9pff7n1etC2ZY7/E53kxeINrjx6','(301) 2336136',62,4086,'https://robohash.org/542'),(379,'Annalee','Lob','alobah@jiathis.com','$2a$10$wLdAM4iJ252730sxe06daOhaS2r19O0e2csIfrXGkx4SsdU/CqL06','(179) 4043900',67,3438,'https://robohash.org/528'),(380,'Shurwood','Iacobo','siacoboai@economist.com','$2a$10$Gip8Q.jzYeMhhN0H8l2AY.C35k4mJgCDMmEMKzYSywHcIFU9bgJOK','(934) 6487922',183,259,'https://robohash.org/829'),(381,'Huntley','Caseborne','hcaseborneaj@constantcontact.com','$2a$10$95wnW6A6gHL8NK0nMFKHAegC1R6KD8C6hJuWPST4pvbkhcqaDBKCy','(417) 8557248',62,4086,'https://robohash.org/616'),(382,'Hastings','Peagrim','hpeagrimak@domainmarket.com','$2a$10$fEM.sIGPsG2dILQnrA5HRuFQXXdxsL8GImTaa0OpNmg0Iahq3BjXi','(403) 8968404',231,3390,'https://robohash.org/353'),(383,'Harris','Kirsop','hkirsopal@adobe.com','$2a$10$pIIL94LBy2PFQjmJmHaauuNY6f.hkXKqcc/2N3CrE3X9tpnBKpE5y','(641) 7392042',230,4668,'https://robohash.org/937'),(384,'Myer','Jepp','mjeppam@fc2.com','$2a$10$2WaTtwDja1AijC/a54oeae4dVPuKwRCb4yOCcCE3km9uzVb6fHdRS','(443) 8741949',85,2095,'https://robohash.org/717'),(385,'Omar','Baynes','obaynesan@cmu.edu','$2a$10$MbKN0notQ/PC5PU/geP1VukweaU46CHW1v/YVMMv4UdCmnzlr1LZi','(179) 7769993',57,744,'https://robohash.org/268'),(386,'Tudor','Hardware','thardwareao@devhub.com','$2a$10$FiUQ6u5V.1JdDQWUUV8xKOAgXcPpCLeht.QyncGOVZK7ORUDB/wka','(840) 9079926',150,3327,'https://robohash.org/519'),(387,'Arlana','Treuge','atreugeap@princeton.edu','$2a$10$wJklY16uYf7CLyscbydv7ewQ4i8hOJnWsnTig9nVb7U3OhbwiN0AO','(979) 3723271',201,4141,'https://robohash.org/175'),(388,'Cara','Goodinge','cgoodingeaq@nytimes.com','$2a$10$kApmtaCk6SGw4FGX.EmwwuzArxuj3ml81WEtlk4nBQ/RfSyj.YyMS','(891) 7777943',94,2760,'https://robohash.org/2'),(389,'Grenville','Cuppleditch','gcuppleditchar@businessinsider.com','$2a$10$fHo0hUY7RrYVhCYZ6ix9WeLeto8BLhRTlI.1UVK05wsWvV70F1PAu','(302) 9677687',67,3438,'https://robohash.org/417'),(390,'Agna','Brookshaw','abrookshawas@dailymotion.com','$2a$10$VWEXrnSYPZ7Po/dDOmAXdO6AcH5Dt5SCr2gQQcJi.TnHuIM2mCrNa','(549) 5709549',174,1269,'https://robohash.org/435'),(391,'Herman','Youd','hyoudat@51.la','$2a$10$A8BQt4xMcLuLyUebrRXeNuEXE6HvJJh9sYlJAZd3Exiaq2mNldkhW','(332) 7918324',159,940,'https://robohash.org/208'),(392,'Licha','Jesty','ljestyau@moonfruit.com','$2a$10$X9VfJpU6UNGqHwpawFUF4uEkARZR/B0UvmOH8434htcVeEUk3IXXO','(840) 3729863',182,1833,'https://robohash.org/201'),(393,'Zahara','Restorick','zrestorickav@umn.edu','$2a$10$5e3PCoEXnwINO4mU8dDpz.lNO0iCjX4gw12WRFEE2JOUjj34ux9fq','(259) 1211578',14,3903,'https://robohash.org/34'),(394,'Ag','Brinson','abrinsonaw@ameblo.jp','$2a$10$.wsx7FkErsHij4G9YQJBruCxh7W5DL/Gn8h8FlgBFxr5/jiODmY6C','(512) 2465870',142,3447,'https://robohash.org/509'),(395,'Aldwin','Pigden','apigdenax@joomla.org','$2a$10$uqrQkgYJ.t2XqeFbdwVOBOXu2V6qTYYKp1U7Aax.3HoMJeJM77wke','(464) 7579661',130,2948,'https://robohash.org/122'),(396,'Ricky','Karpinski','rkarpinskiay@admin.ch','$2a$10$TNtxNYtIx0yGDLbuEA7v8ubLNaioQQef0DeEaMWl/So8EyEhtvZoy','(425) 7518995',142,3447,'https://robohash.org/363'),(397,'Doug','McTague','dmctagueaz@people.com.cn','$2a$10$Y/FlvMzrUQtcXC3mN8ZVv.s5qxawIb/39.opymTQORFZKsdAfCsJ6','(184) 3782242',193,270,'https://robohash.org/475'),(398,'Nye','MacCarter','nmaccarterb0@archive.org','$2a$10$EdjPeTIfR9JEm0qkroxlvuQSTsBWMg/4SOkJzaB/6weEnEIpCse3u','(762) 8179752',142,3447,'https://robohash.org/874'),(399,'Abbey','Pentlow','apentlowb1@delicious.com','$2a$10$4KTmoapzA3L0j7gVavg4LucrPpKcj2fkpqsUtPDKWSZ7UzDAvsYBa','(748) 1411474',212,968,'https://robohash.org/7'),(400,'Todd','Marfield','tmarfieldb2@issuu.com','$2a$10$DZca271gxFya4eubA8Hmv.6mbcTm4KJoKrrj/U.Ftib4ZJisU4ON.','(710) 4478246',194,2849,'https://robohash.org/311'),(401,'Everett','Sango','esangob3@1688.com','$2a$10$uLmBeIq//AdB58KUbq48TOLs9y74FvnCbQ1leE9zWyAFRPeLmd7ty','(450) 8326899',200,4352,'https://robohash.org/715'),(402,'Claire','O\'Lochan','colochanb4@1und1.de','$2a$10$0.OVIGC.xznJxNIrstq2c.s6x7EeytGz5YyhwMQOGYfEdZ24wSXaS','(379) 8017271',93,2712,'https://robohash.org/46'),(403,'Brander','Worthing','bworthingb5@moonfruit.com','$2a$10$Viy1AWhli76YzMqbhPvM1e4LP8wAaW9ti3muYpomBZ3wE9GlxBSqG','(141) 2208002',19,750,'https://robohash.org/238'),(404,'Jaymie','Janeczek','jjaneczekb6@mtv.com','$2a$10$0nyjIBxt2cFezIThrZuRsOoKPymdH5jKJM39u7Llh7CX4QS4dFdnq','(467) 7925676',142,3447,'https://robohash.org/519'),(405,'Danni','Barth','dbarthb7@cocolog-nifty.com','$2a$10$VJLXUe2jqKDBYkBYqkJXQuWQPNretpJey0hxg0cJ7X4d8/v.FR0we','(615) 1730514',1,3870,'https://robohash.org/123'),(406,'Karee','O\'Sheeryne','kosheeryneb8@miitbeian.gov.cn','$2a$10$uM0P1NPGTpJUZ8MedX9UW.buEnWLXDG5LkncATzRotdgWR9Kl11gK','(243) 6129623',23,264,'https://robohash.org/526'),(407,'Randee','Fillingham','rfillinghamb9@aol.com','$2a$10$gobfYOyHDvOoHxutKvfcMe01qcYU8dhZsCivbV.qMJNp4BfC0.MOq','(972) 5609678',81,897,'https://robohash.org/9'),(408,'Reinhold','Jannex','rjannexba@cargocollective.com','$2a$10$mG2/sn/MNh/VqhumDfDqheykUK1QOv8XbYjLqkzmtxxURmN7LsxAO','(946) 4335089',209,879,'https://robohash.org/215'),(409,'Karlyn','Penney','kpenneybb@newyorker.com','$2a$10$wEOwLZtidi5am4y4cknVxumNHPPtr8iSZStr/BOnZAu3KON4sljFK','(379) 7619919',1,3870,'https://robohash.org/582'),(410,'Micky','Brumby','mbrumbybc@kickstarter.com','$2a$10$zT9AliXIrB.4rdG0qd5ME.69k8d1EaiFnHyFX9Mwz7.AlwiYrzl9K','(608) 2493710',69,3555,'https://robohash.org/371'),(411,'Roz','Hazard','rhazardbd@sphinn.com','$2a$10$tgfC.7UlPPc0V1pHQb0wNOogQS6E53s6WTBye3pRxwOuGIhyU96HK','(503) 1431545',93,2712,'https://robohash.org/710'),(412,'Carmen','Whyteman','cwhytemanbe@webeden.co.uk','$2a$10$gllkWQXt7tNr5F7dvnFRnOs0CaJNmEPTWhF2RcVe5/OrBzywcjl.K','(424) 3088330',114,1830,'https://robohash.org/7'),(413,'Lon','Harfleet','lharfleetbf@psu.edu','$2a$10$EzWENZ4GkCsJl1N.fOKo1uW7xXUSrwOcH.G60xaQVQWhKZ8uMY1F2','(547) 3603890',103,3916,'https://robohash.org/5'),(414,'Kevin','Tuckley','ktuckleybg@over-blog.com','$2a$10$tseY0JN6OJt5TUCFtwlGzepGpNPH4Qr4Nesol1kPiINGMBcB7ZgWO','(996) 6223243',16,518,'https://robohash.org/474'),(415,'Gray','Bearham','gbearhambh@loc.gov','$2a$10$BlBCP53gEAV75oZSdaSj8udewwjIm3./QY7MQ1304z2NlzkoOlT.6','(283) 6695072',6,487,'https://robohash.org/333'),(416,'Emmye','Oels','eoelsbi@msu.edu','$2a$10$c..9L4kN89HeI8P7aTcnyOGimW4GTFVDK1RPcF5ZelG.ewNtPXGVa','(897) 6217580',219,3478,'https://robohash.org/766'),(417,'Creighton','Braunds','cbraundsbj@histats.com','$2a$10$iWypMOAt8eMEqQvXhAx.Cu3rCE0KSOZs64A/VHeHImAMW8XW.k9lS','(933) 5254785',219,3478,'https://robohash.org/540'),(418,'Winfield','Eleshenar','weleshenarbk@amazonaws.com','$2a$10$ZUhTI6n4FOM1PsuRh52gNedhLK/ndvAWCivtzqevz4RhNvSPe5Jo6','(870) 3884044',21,2954,'https://robohash.org/492'),(419,'Camila','Gamet','cgametbl@plala.or.jp','$2a$10$sphja1ZWpt.YjloZIM7izO1VVh9fn88qYKGRMt5mSq7o00WOnYbsy','(899) 6783361',217,3397,'https://robohash.org/860'),(420,'Yoko','Archell','yarchellbm@woothemes.com','$2a$10$7/2xsQWfVYv/oaKwaN0DKuMDLpA8f8n7ZbMNvLW4MgOHFFwsYe8Pa','(435) 4118257',223,3353,'https://robohash.org/53'),(421,'Lamar','MacKissack','lmackissackbn@google.de','$2a$10$ouBpM.ytpEBUsblmX7Etau.iWoQ.cBhrURrjlF9QzC0KMbXvM8MOW','(112) 2269494',217,3397,'https://robohash.org/810'),(422,'Isac','Klimpt','iklimptbo@skyrock.com','$2a$10$RqDrZBY2/UqyjOUF4iSig./DMT.g8yZghItc16zoeAfv7uaq74wOu','(629) 2422972',74,1493,'https://robohash.org/772'),(423,'Zelma','Greatrex','zgreatrexbp@boston.com','$2a$10$zXLYc1v2BdnApqLPtG5uZOP3bU.eZoFniJU9eysPqnBW/nedievCq','(513) 4661828',39,866,'https://robohash.org/549'),(424,'Zoe','Hackforth','zhackforthbq@ning.com','$2a$10$NPra5pIDz6UCBXMSKppUv.C2MqVxjz6dPMSziMXyb1apab4w8i.sC','(930) 4976208',112,141,'https://robohash.org/191'),(425,'Rick','Eccleshare','recclesharebr@w3.org','$2a$10$uOFL266FGAdpFJgXtOnCqeqqpCTYKCjuKADFqIkPOAe4Or17zV4Qu','(834) 1591306',79,2723,'https://robohash.org/446'),(426,'Jarred','Brecknell','jbrecknellbs@msu.edu','$2a$10$A1RUCo1KDIfaxRxnc8rXCOYTtplP6cjByU0.1FrlvaTeQk.aWt0li','(397) 5472836',207,1146,'https://robohash.org/243'),(427,'Marlie','Dilloway','mdillowaybt@weather.com','$2a$10$155C3nkvHX2N5Ltvi0RfWejmimSea2VlDyCBfjRCj2EDd2GwDtcWG','(964) 8655971',105,1069,'https://robohash.org/230'),(428,'Benson','Bennedick','bbennedickbu@techcrunch.com','$2a$10$fa8Y2a4qVmg.MSEza.PrY.QBbepIuQ/dvrVYZ6y1bzglS1thEh9Wm','(380) 9587407',80,2666,'https://robohash.org/355'),(429,'Chaddy','Annett','cannettbv@yahoo.com','$2a$10$i0/6CTOa8eefYg5RgS1Q8.7YEIBKGteby0P8/W3pDpR8ywKpmLzs2','(536) 9424798',166,3047,'https://robohash.org/799'),(430,'Towny','Gallego','tgallegobw@mit.edu','$2a$10$8IrhJMyMF6GXe6ZgpSR.iOrCXAQhLqpxM6X.6antNmMrltjHDoS7e','(447) 9434498',69,3555,'https://robohash.org/356'),(431,'Aggi','Cordelet','acordeletbx@army.mil','$2a$10$K6oyFn87Tq/6HiOqApV9c.eNEx/8E3omhG4mL5rjA0hOrYSQAQ81m','(601) 2993274',12,2023,'https://robohash.org/117'),(432,'Shoshana','Dubose','sduboseby@ucoz.com','$2a$10$XxVM1gTUvBgShd6ubs9Gpe9vxcCtfklKWiqMnfyJu0MHBMAoHEigy','(390) 8029009',65,3222,'https://robohash.org/175'),(433,'Conway','Dalziell','cdalziellbz@lulu.com','$2a$10$xNdVpN435OompRkwpiijP.YyRp6OBY1Py3WouUyZUO.2IZ4X1H5XG','(619) 4194661',73,1916,'https://robohash.org/381'),(434,'Bert','Ziemen','bziemenc0@army.mil','$2a$10$0aKCK4EZE9e7LFizgChJHOeEoHgVAGfGsi11m3oQTmwqAzSaU3BZG','(855) 4663420',23,264,'https://robohash.org/289'),(435,'Adelina','Arrundale','aarrundalec1@msu.edu','$2a$10$7jlbG6U2e0o/MkgiD2G/1e48ST61pdn2LdICZA/T3o6tdbei05zaq','(896) 7344553',129,640,'https://robohash.org/846'),(436,'Eve','Morgans','emorgansc2@icq.com','$2a$10$ECbUFCTKyieDTyo.hyHb4OZ7Fb4yqbwIdysUpmkFxfLisBL68gGQC','(282) 5881501',137,2573,'https://robohash.org/108'),(437,'Alberto','Stutte','astuttec3@bizjournals.com','$2a$10$EMu/0iRxP10WX.P9wvmU/eWRUVCfY2xHEMvkMef9W4RKhVi1N0EM6','(556) 2882912',7,212,'https://robohash.org/345'),(438,'Tiena','Tomashov','ttomashovc4@homestead.com','$2a$10$eP82.9chgYzjx9GcS.NI5./Irel9It9oiPhVavt61d9VMvW595eRG','(513) 4604698',198,911,'https://robohash.org/879'),(439,'Hortense','Manderson','hmandersonc5@google.com.br','$2a$10$Mf.aJhBJ6tnDMF/aKuRsQOGttXX.Ijhf9bhrP4OcHdjxPyq.cPive','(790) 6355444',73,1916,'https://robohash.org/318'),(440,'Cyndy','Codrington','ccodringtonc6@eepurl.com','$2a$10$neMoCtTW0z9R1QMNK265tu7.YB4jDw/6EAbOw0lIrwaKuc3E4SH4W','(283) 7333911',69,3555,'https://robohash.org/915'),(441,'Ariella','Eglinton','aeglintonc7@foxnews.com','$2a$10$Njq7qg42gbQwFjjfS1esHOT5LxaqevbD7Yej7.FZrASiaosKtUqBu','(278) 3045298',33,1216,'https://robohash.org/783'),(442,'Cash','Partrick','cpartrickc8@yale.edu','$2a$10$xDX0eCliKDkmbiDviCD6WOtEQdW1DnvC9ziqNJQdOXHsQbAtWgmHS','(548) 4922663',97,4041,'https://robohash.org/163'),(443,'Donni','Lahiff','dlahiffc9@phoca.cz','$2a$10$VA4r.0toisPqrIIypqbb.uLBJ8zGblRqEAmGNQ6gionUyotpLNqpe','(834) 2423580',156,2610,'https://robohash.org/885'),(444,'Kahlil','Streader','kstreaderca@adobe.com','$2a$10$NakQqcJCrJBvSUmRws7V4OuDeDLmF.xHfbUadVT5yyAlVp/DRSop2','(751) 7083881',200,4352,'https://robohash.org/284'),(445,'Abba','Slatford','aslatfordcb@sciencedaily.com','$2a$10$.7YLPGCgdHzdqtUcQGqBDuv.akJxZs36OWdHsBfD/L18aRFB2QTXW','(281) 2668288',105,1069,'https://robohash.org/307'),(446,'Nadya','Landall','nlandallcc@istockphoto.com','$2a$10$Huzwq1GRzTNwEpdhXE/6c.1YNtxVEzu8AyTjOvVG.QEMXtax24xmy','(786) 8611063',176,1622,'https://robohash.org/635'),(447,'Berna','Matisoff','bmatisoffcd@psu.edu','$2a$10$WsPW4ppYb6fTAmSLFasF1uUKMECgm61Lv.mA89EmJcxwaRq8NVtaq','(215) 3069222',48,2874,'https://robohash.org/301'),(448,'Raf','Hartshorn','rhartshornce@deliciousdays.com','$2a$10$tHR4BrVjr4E88Xxl7y6AC.j8GX5keaX1UgGzIk1aO6QdPqApG8Gom','(408) 3572416',210,2839,'https://robohash.org/607'),(449,'Natalya','Dagworthy','ndagworthycf@cbc.ca','$2a$10$6LzLNCPBCVYLlq4apf4gtu75qT2ml8gaqMRz0ZDZSIRtVPEhMGkW.','(105) 6792821',63,4514,'https://robohash.org/833'),(450,'Arlie','Stockell','astockellcg@fc2.com','$2a$10$u5s5RB3Sea09KnWEAzgAqOb.DYKwGNhg2AU90XP47fD564voMnVS2','(700) 7963348',235,3203,'https://robohash.org/893'),(451,'Nana','Jonke','njonkech@ycombinator.com','$2a$10$.mfJVMbn3mtKefv3qJjzf.l7pgKM6kFLzvJuEa2h/QXwPRu0y7voy','(684) 3652757',114,1830,'https://robohash.org/235'),(452,'Meredeth','Lovekin','mlovekinci@topsy.com','$2a$10$pmnIhDh73uuhNWlTM7rZfutW7EPBW3uimYJHDYKnfm8BT9lbyfGKO','(977) 5160655',69,3555,'https://robohash.org/364'),(453,'Adelaide','Winkell','awinkellcj@ebay.co.uk','$2a$10$PDsCYdwuYlMVDDfVdQVQ4OtR.53cKoBnY88xS84udOYzWRAj.fjsG','(766) 8366280',69,3555,'https://robohash.org/65'),(454,'Connie','Shemmin','cshemminck@multiply.com','$2a$10$ooV1fVimgGhn739.0rgc4OD/TOuCXaCfPxPoKHa5dTEo0zi03UOpe','(169) 8863804',43,3570,'https://robohash.org/142'),(455,'Zebedee','Sargeaunt','zsargeauntcl@trellian.com','$2a$10$l2Hy/wSAZKf52/hVRVeyQeYw61P8/t3qf8y7WPenWpprCjSFQWdwe','(399) 8713706',62,4086,'https://robohash.org/210'),(456,'Oona','O\'Scandall','ooscandallcm@theatlantic.com','$2a$10$I1jgE/sJ2kRvyytQBin4/eW6lM4qgVnN7TkqS0TF976qDKSlVUiTy','(194) 5806498',170,1385,'https://robohash.org/65'),(457,'Cody','Schubart','cschubartcn@jalbum.net','$2a$10$Yya73.xW2czPDVCpwh3gZu3ppBUgex2YqpqNEd4DJGWoQnGvEWFXK','(243) 4611284',104,3954,'https://robohash.org/184'),(458,'Mellisa','Leggon','mleggonco@marriott.com','$2a$10$hXOCq4k3wU6BKjBBFf68WeAUkwxo4MCunHzxkTWAXszFxfXQNl1bu','(718) 3116480',43,3570,'https://robohash.org/931'),(459,'Sibyl','Antognelli','santognellicp@joomla.org','$2a$10$ypWYE8GgYu8H6cTFmQjVxexVAFms8JlW7//qrOAGX.clnL8QISjm6','(427) 5473868',85,2095,'https://robohash.org/14'),(460,'Henka','Sanson','hsansoncq@qq.com','$2a$10$qWWQBqlDT8a03euhFGRwWeJapJdL3dwNGVoLwTiv2Pvi.opDsTZrm','(545) 9856893',182,1833,'https://robohash.org/823'),(461,'Lory','Mapholm','lmapholmcr@hatena.ne.jp','$2a$10$dmJryxu/fiEt1ohs/NmTg.0gFxEWuIDmt8v0LNzQahf4HXoGX.eUe','(613) 6236574',158,4059,'https://robohash.org/212'),(462,'Betta','Prise','bprisecs@simplemachines.org','$2a$10$KKPvmgeIlGnlZ..cIx1G/Oj79.TWkOzDBvy8G/U4eF.6XLxi9zxiK','(283) 5164312',43,3570,'https://robohash.org/902'),(463,'Martino','Ferrelli','mferrellict@mit.edu','$2a$10$u90tpvlCrQVndu2jLjagv.Ko9mHJw.MzJIdwYs.Vw60Kohg7oHYmO','(615) 5703363',160,67,'https://robohash.org/630'),(464,'Belle','Gregoraci','bgregoracicu@ezinearticles.com','$2a$10$OCr.3VUaVxzHk5cEwF.FQ.9D/G6j/nzi0ASUdK7Y2vEmyaBHE5ibu','(859) 2763221',62,4086,'https://robohash.org/609'),(465,'Culley','Broadhurst','cbroadhurstcv@ezinearticles.com','$2a$10$NSb3d/n0J01etVLZ81G6ueET8CGA4apYn7CMlV0EuO0aHZOT05tEq','(600) 8343885',21,2954,'https://robohash.org/943'),(466,'Giraldo','Wyvill','gwyvillcw@1und1.de','$2a$10$an8g4glCG1dM/6cynEm5iuKetamArUSCP0WRMyEUq5pjwBe3Ua6MW','(818) 5757245',193,270,'https://robohash.org/823'),(467,'Damien','Edney','dedneycx@comsenz.com','$2a$10$UwzmRYdjyz.m4JlJrsFHQOtVmW3XgnIyG217cn6HZ6cDhVohKqWim','(643) 2891175',156,2610,'https://robohash.org/124'),(468,'Kirby','Dumphreys','kdumphreyscy@diigo.com','$2a$10$eFr46NlxNJBhqEi6mZxorOEEPlOSG8qOAVufbPXeuSNN/gq5yAAFy','(539) 9715808',242,5072,'https://robohash.org/150'),(469,'Tremain','Metzel','tmetzelcz@cocolog-nifty.com','$2a$10$3hQNdVuiNk62PVIxIcbEXuURcuu9S8bvmpKDO5wbk8BAxL0mJjpx6','(938) 3333893',156,2610,'https://robohash.org/739'),(470,'Cristobal','Willan','cwilland0@techcrunch.com','$2a$10$ewPvP.obfMktrGrPtxKoV.WIhv8uVGUFlQPa.QKdvTBKbpHezBsP2','(542) 8364603',43,3570,'https://robohash.org/37'),(471,'Michal','Agnew','magnewd1@pcworld.com','$2a$10$K73A2HlTV3rX/KzatA/XnutTxJQO6MNmlYbgUMCWqHW5srKgNaktO','(513) 2824521',92,2672,'https://robohash.org/991'),(472,'Jillane','Pickthall','jpickthalld2@sbwire.com','$2a$10$c1meP56KdfsCWsliiMUG.O/ppy6O7cuNJjvtarhyUzTr53WAesj8S','(923) 7014572',102,1792,'https://robohash.org/143'),(473,'Marge','Eliesco','meliescod3@wsj.com','$2a$10$DwcmgyRE6492kzEckTbqg.2kLM5J3sYLHC3bU0iWqLLQp36HPGuUG','(369) 6312670',214,1639,'https://robohash.org/688'),(474,'Austin','Harcombe','aharcombed4@istockphoto.com','$2a$10$q9gWZnDuek1HnYhUu8Nrle17cag6xPAmKVV2CGYaBKrTSBbtqzZRy','(872) 7991740',43,3570,'https://robohash.org/664'),(475,'Berta','Coleborn','bcolebornd5@forbes.com','$2a$10$ScvZ9zrvHInSolWdXNCpouOYBsiqLcHzYPKuEUhjDwfhrHIGxcamS','(208) 3578330',246,1982,'https://robohash.org/333'),(476,'Noni','Beekman','nbeekmand6@google.com.au','$2a$10$11i9tf.tuotBvJrgcr20T.gxHikBR3jvoBAwb5GqkZEG.lVnqOIei','(510) 2584210',99,1027,'https://robohash.org/990'),(477,'Northrup','Killeley','nkilleleyd7@ocn.ne.jp','$2a$10$kP3Nhjnqyo233MKzoCrgDuH1nYbYfW3KoZ.e16u27QeFNXMLECT9i','(801) 6304222',59,1528,'https://robohash.org/758'),(478,'Cy','Glazzard','cglazzardd8@github.io','$2a$10$q9/GcgYOfsUVgJg0ZPTAFOkEigrbN.4Rcm8kJV0sssaaRZszqzjq6','(460) 4515785',43,3570,'https://robohash.org/863'),(479,'Joey','Campbell-Dunlop','jcampbelldunlopd9@mit.edu','$2a$10$cw0iDGlXU17ZuIfAOzE5t.T0WQRKC0MNG1/KG5wOnllh2DCZgY4vO','(855) 9311085',135,74,'https://robohash.org/65'),(480,'Norbert','Pigot','npigotda@ed.gov','$2a$10$9hi/9ZuqnLSa4IeVC68slOBfHip1ioDSeQnsuEfcFQZ0VZErxbbt6','(822) 9827823',143,2580,'https://robohash.org/387'),(481,'Spencer','Creegan','screegandb@tripod.com','$2a$10$I3oD9wvHWmlcJPdMHxkw6u1ghYHPG5JfeMp.vq7xscHFig5WzWCs2','(113) 8964611',194,2849,'https://robohash.org/20'),(482,'Madelina','Stavers','mstaversdc@cocolog-nifty.com','$2a$10$S9zCD6BplMQC68tXjocfIebq7UFKu4IcJg9v10sZ05vS82cVdPj1W','(599) 5685924',61,4076,'https://robohash.org/198'),(483,'Edsel','Manville','emanvilledd@goo.gl','$2a$10$L3fkmvi.NFr/3DYvvCunKe0tT6RIOESs35YyGlZf/zCL7GzpU.RRO','(139) 3483421',51,2732,'https://robohash.org/999'),(484,'Simone','Gallahue','sgallahuede@cnn.com','$2a$10$2qyrJLQL8MueSb1srCujg.MVAARVZxYDGevly/2Minrd6i3nkn0PC','(753) 3674309',135,74,'https://robohash.org/157'),(485,'Bernetta','Karpenya','bkarpenyadf@phpbb.com','$2a$10$tVoVqofjnrPaQeLcoSA0Cu7E9Xme1f9OIaeO5Lx09vGCdfWB/MO62','(771) 5088817',45,2247,'https://robohash.org/761'),(486,'Annamaria','Lowson','alowsondg@utexas.edu','$2a$10$4iofWovBILQzzw4BLko1qOWnf78rhWHSZyX8tKuHVTNEUXoFtHpny','(298) 3411985',196,3711,'https://robohash.org/583'),(487,'Aurel','Gaudin','agaudindh@ifeng.com','$2a$10$LQ6MJ3FVeYij4Vl1u5kZxekIvHfNZHqJBKVqCZ/H43fkQylo1ABGm','(407) 4783324',17,3593,'https://robohash.org/886'),(488,'Olia','Corteney','ocorteneydi@tuttocitta.it','$2a$10$9RftkTuexII5JaZbnnsR3.g7LmnMZxZRx1u2DBmWJMXVV5OtVaHSu','(294) 2945439',17,3593,'https://robohash.org/422'),(489,'Jamill','Shafier','jshafierdj@sitemeter.com','$2a$10$1uFdQO/JNZ7AWGXyhYDf8u73PvOtWv7SsG2PPeRId3XivmyAecczu','(203) 3550475',53,1209,'https://robohash.org/887'),(490,'Georgeanna','Mateescu','gmateescudk@google.co.jp','$2a$10$kTVSFvucOCHsWix0SEQvXOJKJ9haDdp51/UtK75q7oWDDgL0yUu0.','(337) 7733167',11,3634,'https://robohash.org/413'),(491,'Leona','Pardy','lpardydl@bravesites.com','$2a$10$RM/uBEcaVr1iqAyLqwYEzubngKAsVwByDv1ce/xFFaYxuMfe.64ru','(988) 1855450',59,1528,'https://robohash.org/502'),(492,'Nicolette','Raddon','nraddondm@wp.com','$2a$10$5HMlFBMafE4t/XkU4GIFYefEtnLdRlOrZ3p33CNdG9YTwVuYu1246','(963) 8316649',7,212,'https://robohash.org/842'),(493,'Georgine','Prebble','gprebbledn@pen.io','$2a$10$BX6Y4eKTdTkjZYiWYjq27OOjnn34k2VFn7dL3.waxLGXRdA0zxLau','(172) 8485106',11,3634,'https://robohash.org/558'),(494,'Barri','Everly','beverlydo@dropbox.com','$2a$10$sSqzm1n1sSO9.CtlzjuM4OUsszalCiEAfB6Fd51bfU7l9K/6Q5Ki2','(492) 1279110',124,2961,'https://robohash.org/739'),(495,'Hinze','Vala','hvaladp@unicef.org','$2a$10$5WFvqifH/7/JjFwuIzESxOwLrH92JNMfr1c/9ZsLh1vN/9MdYGtLK','(253) 6302814',231,3390,'https://robohash.org/298'),(496,'Lynnette','Flisher','lflisherdq@biblegateway.com','$2a$10$NTQJUXdRM.LZvJM/k50OBOdYSTG.oQpdi9/z9rgEjrTxCPB8C.oie','(280) 6461499',220,2575,'https://robohash.org/151'),(497,'Saxon','Veronique','sveroniquedr@github.io','$2a$10$1Wdnh7eoK3EFjaGsYIzT6OHbA6sIFZ2SVnsZfSM2DLrDaEb39tmeO','(718) 4732296',242,5072,'https://robohash.org/902'),(498,'Netta','Rikkard','nrikkardds@etsy.com','$2a$10$ziMx24Rm87Hv1wfplrQfve49os0Owh5/Yl1phodkNlX.4OvwbGON6','(266) 1487424',210,2839,'https://robohash.org/434'),(499,'Weber','Mulqueeny','wmulqueenydt@unc.edu','$2a$10$I6NNR8Zm2Ejw/i7Rjl0/i.UByeDEXp6Rx7sPbJ0imTkD3iMi36lxK','(233) 2830315',11,3634,'https://robohash.org/243'),(500,'Veronique','McInility','vmcinilitydu@purevolume.com','$2a$10$zktwVsxUn77.aAOSS7XCheDLzNtCSeWLGegNH40eCbipHNe32C.Sa','(531) 7510910',161,288,'https://robohash.org/614'),(501,'Rosalie','Thacke','rthackedv@blogspot.com','$2a$10$15lIWs3ZLKqtRQtKzEQGc.cfeD7YQs6mtlFMY3za0zGLQhPsL4U.K','(958) 8381908',186,3756,'https://robohash.org/695'),(502,'Obediah','Daveren','odaverendw@blogger.com','$2a$10$jKl3A1PJiukSFCqR05pa.uuSySslQYEGODkvG28Bm/4JV9VDHTyoe','(948) 4989314',11,3634,'https://robohash.org/339'),(503,'Crista','State','cstatedx@discuz.net','$2a$10$rUxTu/MTBdTOe0mbi0b6X.sR0ptVdFAIFhll.xZc.w3GfrdFOOCty','(751) 4389639',203,915,'https://robohash.org/12'),(504,'Lizbeth','O\'Shiels','loshielsdy@behance.net','$2a$10$yagtw.6EFoTutZas.qe9e.PF49o7g4nAm9g/bEOGUVcWt6RcwvUOK','(383) 1681323',31,1997,'https://robohash.org/501'),(505,'Chloris','Starmer','cstarmerdz@dagondesign.com','$2a$10$KkKcjezc/6ksOO0Kb6/AJe1Bv8T1lpfAkPY2J0FanYXfZ8UhxHJuC','(806) 8389199',220,2575,'https://robohash.org/721'),(506,'Marys','Coldtart','mcoldtarte0@amazon.co.uk','$2a$10$Tugg9DwJAnOb64.IGfB3lOnatc/LrFVKqmBizulS05py.9chs04fe','(949) 6877006',224,2550,'https://robohash.org/401'),(507,'Dorene','Ambroix','dambroixe1@wix.com','$2a$10$388fac8nPIwThQE3XWoF7er8CMoGWGNXVVd2NIJGzNSA9nfVzEcJO','(911) 4382756',12,2023,'https://robohash.org/349'),(508,'Domeniga','Queyos','dqueyose2@cornell.edu','$2a$10$51JX6gj4UakbeVIwvLfdQO/JFzo61giTdSpEL6TCDgmWFUZ3ZsFFy','(398) 2895336',248,3723,'https://robohash.org/233'),(509,'Josey','Unwins','junwinse3@scribd.com','$2a$10$5s0OUr7qePANqIgU.Lrg3eWf6bAijjwGWl.WJlhnsB3MSs68sYQiG','(470) 6282778',79,2723,'https://robohash.org/1'),(510,'Marylou','Fieller','mfiellere4@ftc.gov','$2a$10$rV2Gafw3xTd5d/Iy15qEg.nhlyVcu22gcSDTbHmWXD2Clk6XLuS3q','(475) 9903035',90,3657,'https://robohash.org/286'),(511,'Jolie','Snawdon','jsnawdone5@biblegateway.com','$2a$10$ecRPXkdD75kNX450hQ2DV..QcrucFEYA9BwxksmIED0xNlLOazIsq','(614) 4356342',40,2982,'https://robohash.org/606'),(512,'Antonio','Arnaudot','aarnaudote6@accuweather.com','$2a$10$nZIIwWaOvHw9O8oLu76i9eQKV0Bqswj5CCXWMohOFx5FH3aFUbTGi','(579) 3505305',182,1833,'https://robohash.org/514'),(513,'Kinsley','Luthwood','kluthwoode7@auda.org.au','$2a$10$jjlJmcTHhZIWqy9sago0/ezxRwHNa6G7kn55W40qysBMfWUiEpjMG','(997) 3836594',203,915,'https://robohash.org/233'),(514,'Amitie','Cordero','acorderoe8@xing.com','$2a$10$J86wt5mnInlCIT/D85LWVeEvkCYxAeiX4PgUMwwX5iVGaTS70gaV6','(735) 1521114',73,1916,'https://robohash.org/569'),(515,'Glendon','Soot','gsoote9@jiathis.com','$2a$10$4JTs2IsUO3sF10e3bPc30u0p8capLBx.8yCwVFkds7POnreBCXg7O','(753) 4121514',7,212,'https://robohash.org/409'),(516,'Malva','Applin','mapplinea@utexas.edu','$2a$10$G2dkagvNnPDqBjZuJ4gDWutduFpmaIn8TG2z1nY1OhqOLsm4WcuM6','(988) 2967400',203,915,'https://robohash.org/292'),(517,'Terry','Shapiro','tshapiroeb@goo.gl','$2a$10$hfrmZ09ZlFtFWFooosuDe.Z6Z3BcUIrJRaXvPWl4s47I.8UEEwEfK','(319) 9620037',33,1216,'https://robohash.org/188'),(518,'Evania','Culpan','eculpanec@posterous.com','$2a$10$27COgXlAat2.ljnKOK6RP.KWBDizBT4.joL5/9LcDrxsaqV/xMBe6','(853) 1534020',16,518,'https://robohash.org/790'),(519,'Salaidh','Saintpierre','ssaintpierreed@arizona.edu','$2a$10$Mobbd7RmqJJ0FU3.Ymrfn.JMa.2EOhShSmclXGkY7h2EUwZOF2hr2','(995) 9086211',213,1533,'https://robohash.org/318'),(520,'Shannah','Renny','srennyee@msu.edu','$2a$10$AoJbU1kMghEZN4xycIFKEO8l/1/jNaIz5JeAoL/K2ot96ZBk4lQ/.','(957) 7269865',155,5086,'https://robohash.org/236'),(521,'Reggie','Cater','rcateref@arstechnica.com','$2a$10$oMXl5jakDgdi0c/DGdyo8estfGKaEEOzDqcQdfEraaM0VAANKRubq','(983) 9035157',22,1372,'https://robohash.org/460'),(522,'Salomi','Scraggs','sscraggseg@uiuc.edu','$2a$10$tQ49eQOc0TeT2QUSI4nMseNKcXqAwU/Ldwm92cLLAyd/CW0ktJ6m2','(777) 5126039',90,3657,'https://robohash.org/304'),(523,'Theobald','Jesty','tjestyeh@instagram.com','$2a$10$nLkQHL2gLkiEVWFBmso8N.BgARPrcaQ73ahXGvB/dYW3qEdgq0uzK','(129) 5066318',146,1961,'https://robohash.org/724'),(524,'Franklin','Halpine','fhalpineei@yellowpages.com','$2a$10$soeLWfErVFrfxctT9NYXbOgyNdxnzsWzfTvjen03iM6hDIjZwOsGy','(664) 3464267',135,74,'https://robohash.org/196'),(525,'Vance','Wasbey','vwasbeyej@rediff.com','$2a$10$yeho6PPafx4oWMTNH8diYueVi6CmRw61wuH.Ujy8mNPRqDzB.B6/W','(560) 7409361',237,4772,'https://robohash.org/13'),(526,'Townsend','Marchetti','tmarchettiek@e-recht24.de','$2a$10$uOK3Hmc7/gbzk9yWLOzUjePhpbdWQCa14jofQzoD1XGjALW59H626','(738) 6677148',57,744,'https://robohash.org/118'),(527,'Atlante','Ary','aaryel@spiegel.de','$2a$10$B9DEJBKT26sBgwGDfKKpPuKXIDxlqdYxpXrsnIXs0oHtsJ4XKBuOS','(332) 3918205',6,487,'https://robohash.org/203'),(528,'Minnnie','Blamire','mblamireem@bbb.org','$2a$10$KddBad6DfXjyRsNuuDkZDuZC97yAbNzL26XgAD2FVCY7PXQ7ejVN2','(269) 8920754',145,4917,'https://robohash.org/109'),(529,'Mirilla','Wessing','mwessingen@digg.com','$2a$10$11vS0lNBcCiOyTfrPDpDOuKencptNBBi8ZRGF6FT5CEBrDdRe0MZy','(849) 9739049',94,2760,'https://robohash.org/238'),(530,'Hogan','Hinrich','hhinricheo@walmart.com','$2a$10$kbuUt/K.JRkgdfZffiXPIePnRTVOf5lWus08db7/fnQDDJ4zEOaXi','(427) 5540483',99,1027,'https://robohash.org/116'),(531,'Chad','Attkins','cattkinsep@vinaora.com','$2a$10$RQ/0Y6JtqVAot.noj.rTHu516mh3P9l7QcC/wQRj/TrgBO5jnZfv6','(728) 8231063',58,4542,'https://robohash.org/282'),(532,'Paddie','Arenson','parensoneq@pen.io','$2a$10$Y0GqDwLbKj9oXUinA8UkvuDQZdEBiG9aTfZRIzyJe2gVIuhgP1242','(470) 9652686',237,4772,'https://robohash.org/131'),(533,'Burt','Lewendon','blewendoner@cbsnews.com','$2a$10$/45.RAo7Jk8DjEUcD7xkZ.AB1bHle7tGX5fPuxksHwiTdC.lmREbW','(322) 9851705',90,3657,'https://robohash.org/714'),(534,'Agnola','Hambric','ahambrices@123-reg.co.uk','$2a$10$5mxFuB32N3fwWBS1y7Wih.Q78o3N8c/R.fSnWBOkmIxO6M8mRwgtq','(639) 5312234',147,12,'https://robohash.org/231'),(535,'Kahlil','Powner','kpowneret@sourceforge.net','$2a$10$i2eDpbtSeS0ij8xntiSI0eRVQ7ZQnKNhE800TVJ2mng7XUodovYwu','(905) 1099283',203,915,'https://robohash.org/289'),(536,'Halsey','Arthy','harthyeu@shinystat.com','$2a$10$DZF17TdnXbRTfNUuWGzWw.4QS1Nsh3SBqX3NQVNzhmrsoRunMn8Na','(602) 4497995',58,4542,'https://robohash.org/868'),(537,'Walsh','O\'Grada','wogradaev@wiley.com','$2a$10$myVj4masYT0kcFPdZUr8IeGMBWRBHBQT9iBHfxQej7JKIweCnKT..','(850) 3895701',173,3678,'https://robohash.org/777'),(538,'Binny','Antwis','bantwisew@mtv.com','$2a$10$MTONgiktKBACniyu7Dmi5OZs2fFeM2CQmNOZTYwCJSGXokijHmOHy','(713) 6319672',208,2787,'https://robohash.org/883'),(539,'Hannis','Danat','hdanatex@goo.gl','$2a$10$.PLfccyetL5HBdkz/dphZONWC2yWOChpOS9QpfvC41Ca6FZLJGTq.','(584) 4748963',173,3678,'https://robohash.org/782'),(540,'Abra','Artis','aartisey@sbwire.com','$2a$10$qi7v9nPjBGkNH1lQRqJtH.iVoazaONVyPVTtXDuTsG4JppPag48X2','(275) 3909524',219,3478,'https://robohash.org/381'),(541,'Winnie','Kennifick','wkennifickez@fastcompany.com','$2a$10$2qDXHCPrrD..QGGGYWY/wODf8.AExeTFATgxFN8DdwxlPX9ENM252','(818) 5648536',181,4720,'https://robohash.org/229'),(542,'Maxine','Mordon','mmordonf0@macromedia.com','$2a$10$DPNGbLN597diEWf2rcW.m.9QWNiBFxjETqcI9sNExHWoCKslSLJ7.','(207) 2213406',173,3678,'https://robohash.org/939'),(543,'Napoleon','Episcopi','nepiscopif1@jalbum.net','$2a$10$nxkxgeeSh3/cwchMGlJlzOgVT0KWpfaLY0KRJ3SZXcLMxPruZqY4W','(338) 3728778',64,2905,'https://robohash.org/950'),(544,'Jameson','Ollis','jollisf2@mtv.com','$2a$10$bByKiY1wp7HeeiOprs8omeMvlG.JNOaxxwsRAmT8HtKxyd0w2FKBS','(462) 1394242',235,3203,'https://robohash.org/667'),(545,'Erhard','Totterdill','etotterdillf3@china.com.cn','$2a$10$57YQSkP5zYWcGn9ve3axh.O9JY6CdmN1OIhIR25eZQVI7rQhtWwM2','(299) 5618787',170,1385,'https://robohash.org/894'),(546,'Ambrosio','Fenna','afennaf4@dell.com','$2a$10$KbTOnFaHM3WZHYLzbi4vpeLtI5ptth5fSJRFe9M6Pu9JBsTxCw4Wq','(503) 5514943',92,2672,'https://robohash.org/208'),(547,'Rorke','Pearson','rpearsonf5@cdc.gov','$2a$10$SepyPWmpW851nkggFYZIguNRI4IxiWsMWdTPVWsljmBk4tLLG5TZC','(169) 9142814',92,2672,'https://robohash.org/186'),(548,'Al','Mogg','amoggf6@clickbank.net','$2a$10$DOIXA7Pa8KQcVLyaMUZ/Fu0.W7FEbQw1UMtmNLgzcKyIqLQxYze9O','(973) 3210756',124,2961,'https://robohash.org/929'),(549,'Marjory','Crocetto','mcrocettof7@smugmug.com','$2a$10$LIXG.Qo.zcRJpqUF0AQdJe9.PkOIXFan.i0GLXHGVhuxSmLICDXuW','(412) 1687596',173,3678,'https://robohash.org/727'),(550,'Inessa','Devinn','idevinnf8@tuttocitta.it','$2a$10$rutW4dDuvZEzlAIXrdCMhuzUQqpGTLvY4aPowRPCkkigwfx.pFzeG','(322) 4538201',113,158,'https://robohash.org/318'),(551,'Nicolai','Keirl','nkeirlf9@wunderground.com','$2a$10$i63Rg0cLmx1SJhH2tl1JjebdnAcQFBcmewJu8fDvmrppu5aaUyRe2','(698) 1663655',218,1463,'https://robohash.org/253'),(552,'Arabele','Ewenson','aewensonfa@ox.ac.uk','$2a$10$WmsMjTO6AAHl5YSWZaNuNuzIBBIUDS0Ao0ilGwJEJ/9nchQOhNo7u','(911) 7580538',161,288,'https://robohash.org/678'),(553,'Matilde','Flores','mfloresfb@vimeo.com','$2a$10$0afvnL5x1n5FYk398wWKMOV3TnG7XUregRTrITuPRZDsxWKLod.fu','(822) 4922205',57,744,'https://robohash.org/38'),(554,'Doloritas','Scranney','dscranneyfc@answers.com','$2a$10$Wj6ymqimSmAkfF31T4eFsea.IAAx/ydJJ2y7camGwVUXcopm9A.xO','(579) 6692244',173,3678,'https://robohash.org/375'),(555,'Adda','Hrinishin','ahrinishinfd@t.co','$2a$10$L4QuverlgtxzhUhw0/k6zu5Di.DRctlaxtVFqooeUqeEK.KTtUHey','(903) 6779022',21,2954,'https://robohash.org/604'),(556,'Gage','Lardeur','glardeurfe@nbcnews.com','$2a$10$WHcyw5U6tjBSNomZ7DcmuOzm2a7M7F5fojmiibTNIaqnycnTYv7de','(653) 2528559',121,2281,'https://robohash.org/172'),(557,'Brunhilde','Mc Comb','bmccombff@nih.gov','$2a$10$OhsrQQvNoeZJn1Be074G6uKPGz7T9JIp9M0hI1mr0Le.s6i3mZ1/2','(945) 2460156',75,4794,'https://robohash.org/57'),(558,'Micah','McElroy','mmcelroyfg@google.com','$2a$10$k3ZdJou8PsRtj4gd0.tuC.V9BHnPl2WudtsCSyV7DaYrBlLCK4NHq','(112) 1572946',142,3447,'https://robohash.org/944'),(559,'Carmina','de Almeida','cdealmeidafh@ucsd.edu','$2a$10$WGlnXSiuhUhLf2qKPC.VJube5D6yUkwqK.1GMwe17wx.YdK2Yxhre','(941) 6971182',173,3678,'https://robohash.org/630'),(560,'Hunter','Jonk','hjonkfi@quantcast.com','$2a$10$2juLXHU.vUYy/QDNe1siFe1ixCiw7/tNbU2ly6RHKtQYMb2ZASBLO','(208) 9919299',109,820,'https://robohash.org/655'),(561,'Fancie','Hessel','fhesselfj@wikispaces.com','$2a$10$Ksaui5r4DTthrZ03g.an1eBuD3fQkR3.JVBGmlmAaO4G5gf.tb9tO','(627) 4333852',3,593,'https://robohash.org/499'),(562,'Hi','Abdee','habdeefk@techcrunch.com','$2a$10$.ZjufeH.kpq9JoBsbOzxcueen4cOCFx3YsWiUzV2sUGlVKKZA4cJy','(532) 5295612',173,3678,'https://robohash.org/722'),(563,'Alonso','Caitlin','acaitlinfl@thetimes.co.uk','$2a$10$QEb8rurNtte5dW/tKxz.n.2GZkDNS.pp369CbVYEiSY3sidfiJUq2','(172) 8744410',10,3703,'https://robohash.org/55'),(564,'Lori','Keyson','lkeysonfm@aol.com','$2a$10$0xZ7y9cmcYb8QffJ/jYoAeVaO1ljtWqNjBcFZSklAP.zojhqJT8sa','(976) 9330151',213,1533,'https://robohash.org/372'),(565,'Myrlene','Selland','msellandfn@xrea.com','$2a$10$Zx8G5w/aEPDYCnZJKWGE2.co6.zf8.vxOXiZafX62WqjHph9ZrsWa','(899) 5787315',177,2228,'https://robohash.org/168'),(566,'Lion','De Carlo','ldecarlofo@archive.org','$2a$10$go6V.VMvMisrpjKptzBGYOS1ebw2MY/Mb9zJSOMbYnKUV4Jbs1NsO','(703) 2273334',195,473,'https://robohash.org/220'),(567,'Teena','Divis','tdivisfp@vimeo.com','$2a$10$hO3ncaN4T6sbDo9uq2bYU.bFbLCLOY3jOoktDb82zlfHHZa6tOVD6','(205) 4097116',24,3070,'https://robohash.org/819'),(568,'Wynn','Bunstone','wbunstonefq@over-blog.com','$2a$10$7aS1.vKaTIaeOmbcbpULSeK4vTYtSH3q8Mcfh9Rv7tMDRARn9pz0S','(314) 5765704',10,3703,'https://robohash.org/707'),(569,'Waite','Lamers','wlamersfr@desdev.cn','$2a$10$LhrNsEwQce/Jy/kCG20enezx69HaGtkvNpJKJ4dRiPU3fh5mhgz2u','(289) 9939805',236,2536,'https://robohash.org/957'),(570,'Debi','Avramovich','davramovichfs@admin.ch','$2a$10$cXq3QFvXMQUqtruMkYQ/e.23DY2LlljgMBcR/x3OcfiUkjE0Hyl3u','(893) 5384533',10,3703,'https://robohash.org/517'),(571,'Frankie','Petrovsky','fpetrovskyft@purevolume.com','$2a$10$3dnPKvpPtcIiMmGTQP6HaeBtQ1LfSXJrjDEVAob3srtu8HDt.Df6m','(412) 6709460',176,1622,'https://robohash.org/586'),(572,'Richmound','Sinyard','rsinyardfu@patch.com','$2a$10$GHoSacc.eh4rNr9SUgY.dOuq5yzL8NKT4qwcB/ZeYdezeBYZrgvK2','(447) 8575205',208,2787,'https://robohash.org/748'),(573,'Eve','Pamplin','epamplinfv@networkadvertising.org','$2a$10$xyDHy6PU5pxSqvQZzpQAs.8TS/RnsbBcEXJZYwbHRJ2f1daInEg7m','(387) 7463797',21,2954,'https://robohash.org/744'),(574,'Dolli','Coopman','dcoopmanfw@mlb.com','$2a$10$Gl49u5mrI6TUBWp1LK2NrekQezgsKpUd0EZnH958Nzr7yt6R02eGC','(176) 4722871',195,473,'https://robohash.org/404'),(575,'Bruis','Barkway','bbarkwayfx@nsw.gov.au','$2a$10$FcpLIqAubfDGyprQRelpl.OQS5OzH94vrm2ZNn39igqVVSsEfExy2','(895) 8523037',143,2580,'https://robohash.org/890'),(576,'Aaron','Van Hesteren','avanhesterenfy@mapquest.com','$2a$10$7A5qN6PFWM2Xk0Eejp.EFOXIIFxm2K8rESJiw8fnYWnHNo50Vcz5i','(239) 9968364',222,3911,'https://robohash.org/291'),(577,'Reyna','Pohl','rpohlfz@engadget.com','$2a$10$ZOsVZkpLCYedAJ1BLyAKD.rgpWqR8C7SvZOzi5b3ZDhuAV5A1QabG','(666) 4754230',67,3438,'https://robohash.org/160'),(578,'Kessiah','Ollenbuttel','kollenbuttelg0@loc.gov','$2a$10$CtWNWHE3M.LV9j.uMiySn.SRgvsYBo.F8rLFIIGHcDwZ1g6brxlma','(313) 8891097',124,2961,'https://robohash.org/158'),(579,'Marge','Dreinan','mdreinang1@reuters.com','$2a$10$bbrcrHnEjZa/kA4JA3RxnOWL4Av6/rExDIAd7XuntjI.UFvvNhyqS','(245) 1349025',178,5075,'https://robohash.org/890'),(580,'Ferdie','Regardsoe','fregardsoeg2@ovh.net','$2a$10$Y2ud38fA9RU4jBeWbIaGaOqVQia0RARiOrDGS/vOCu3jOi8le/lyS','(130) 1133478',81,897,'https://robohash.org/705'),(581,'Matti','Doeg','mdoegg3@illinois.edu','$2a$10$LwmyrBYrmdCjSDUjeUTgSOCJLN7pEfYDnF2jkgF7HzMq6WdblIPsS','(423) 7638568',51,2732,'https://robohash.org/445'),(582,'Sada','Castanone','scastanoneg4@hp.com','$2a$10$9pdrAnn4fks8VUIbkPEgCOiEoqSTRcZGT4pbfHMmZraOPOEJkecNS','(327) 2533268',87,3863,'https://robohash.org/135'),(583,'Hinda','Chuck','hchuckg5@acquirethisname.com','$2a$10$dWh6WZHMLdXHEDOkE3tbrOFWJ55S66W6/y.a7aaLjC1d0aN5DbglW','(647) 3945466',212,968,'https://robohash.org/292'),(584,'Atlanta','Marskell','amarskellg6@nps.gov','$2a$10$An/xWTow/9VXY1FiBul9g.B5VmXdCgv9VQZbjbaLDNtTZ.Wm5CCQG','(721) 5888668',10,3703,'https://robohash.org/206'),(585,'Austina','Bogays','abogaysg7@w3.org','$2a$10$CEEyvB64yp8iK74jnvjjZ.uy7v8FR5QlOc9fZ1TF1j8k.16Rhni9.','(138) 6642322',81,897,'https://robohash.org/20'),(586,'Alix','Tankus','atankusg8@fda.gov','$2a$10$fJnbJ4j.ECWnfTV1vMmxm.oG1Q6a78Md1ymfUe6NlXZRJDSK9ovry','(101) 4758619',29,3060,'https://robohash.org/289'),(587,'Omero','O\'Nions','oonionsg9@npr.org','$2a$10$AaHwZ/jP0.bcX9ygEAzmqu6vgANK1WL/TLC120dVzxtfT0x4bg7v.','(998) 5113155',230,4668,'https://robohash.org/201'),(588,'Tana','Jaray','tjarayga@nifty.com','$2a$10$GKkg1hKEgUbL349QHJYEKOH5rkwY5Qzj71A.zvnMdtTmRAVaPwqDm','(247) 4946793',55,724,'https://robohash.org/184'),(589,'Gerardo','Cholerton','gcholertongb@elpais.com','$2a$10$MZ7WNOk5ba90dMQPAT.bc.q0WM3e6rClw3SG/qWtSTCNXJsMrCQPW','(997) 3107362',28,460,'https://robohash.org/208'),(590,'Peg','Varden','pvardengc@live.com','$2a$10$o69KDY7t/YrT5sSvoPswMuyXsnlwQB/0sluwrB3p6bt7xbfMRH1iK','(663) 9585983',176,1622,'https://robohash.org/294'),(591,'Nathalie','Asser','nassergd@sourceforge.net','$2a$10$AdINxl5AXgidBlq02R/6iOe2/kncEebvtgfE31LG7oLr/aT01hShW','(530) 2230130',68,3424,'https://robohash.org/690'),(592,'Leonore','Cheves','lchevesge@pen.io','$2a$10$0pFxD6P9ULXt6gI26UFyZuYJXWQRnopfiaMF92I96ZElJkgYtYESO','(497) 2312410',215,2934,'https://robohash.org/597'),(593,'Lissie','Kiehnlt','lkiehnltgf@ameblo.jp','$2a$10$jrJjW7yAFdFc8Y7mHgL0FukZKCENTk6bQe9e.JV7rSp8RW3mo3ggy','(853) 6435271',123,3032,'https://robohash.org/266'),(594,'Kim','Stollenhof','kstollenhofgg@un.org','$2a$10$bIa3JoI9JvXcoEDyIyChd.JKA.Sis62GcGDKM/TXytiO81K2k5JaG','(489) 9329766',135,74,'https://robohash.org/214'),(595,'Rex','Mertsching','rmertschinggh@netvibes.com','$2a$10$q8bFLAuntJTH2C3DvtUdruraSM0j7fLPI6xprtzR1LLQcTjLwFh.G','(317) 1933643',81,897,'https://robohash.org/164'),(596,'Mikaela','Spiller','mspillergi@histats.com','$2a$10$FobsQSUh6EujADAOhYI8SOWmHys8wGgZadna3vqZ2/y1LSoOnSB7K','(575) 6811535',10,3703,'https://robohash.org/863'),(597,'Clare','Southouse','csouthousegj@51.la','$2a$10$FpEB.pV7SBGluvIxxYDhvuExf5aDydpm0dWE2bCUaI1sGiRTqrAg2','(111) 4586452',58,4542,'https://robohash.org/581'),(598,'Chen','Armsby','carmsbygk@unesco.org','$2a$10$yoloWTe/SitWBUMPhs4JSuwdYm0quIB/Luq404tftp9Gj1Sv.7hmG','(740) 5395005',149,3265,'https://robohash.org/220'),(599,'Natassia','Adkins','nadkinsgl@fotki.com','$2a$10$vC38wBHqWzB5S1Su6dTVY.wVYEVWbznlbYkDI.RgVIHZYEQy7RFiq','(593) 2686147',62,4086,'https://robohash.org/799'),(600,'Lotte','Patkin','lpatkingm@cbsnews.com','$2a$10$GYcVdxoRrpeOGDXqYxX/e.fiAwdtT0h6w5j0e.FmAeXsDIG6qXDd2','(661) 1926374',196,3711,'https://robohash.org/702'),(601,'Nealson','Pinkett','npinkettgn@slate.com','$2a$10$i2cduEpsnlKi/Os.oaf5ieFbyN/zLZgD0hlGqX/YVl8gAcGA0Pa0W','(959) 1698292',215,2934,'https://robohash.org/693'),(602,'Madelaine','Race','mracego@last.fm','$2a$10$YVxeisIkcrKnaEG4at27x./4y.Cmh2p0gL8XjrqHALdy/Zaqz5xZq','(374) 2094487',43,3570,'https://robohash.org/42'),(603,'Shaun','Southon','ssouthongp@dmoz.org','$2a$10$QLLt.KDk2wK9tKDZ3bEz6.KVTUaxk8nsXi.gRYxwJZGaALA2ckSWO','(871) 1604938',115,3995,'https://robohash.org/930'),(604,'Riordan','Graundisson','rgraundissongq@fema.gov','$2a$10$kerSiteITfCFr76iGdGb7ebwSVow6iGj0r63zfOdTbh/M.79sDD9i','(316) 4059061',131,3082,'https://robohash.org/104'),(605,'Donn','Pina','dpinagr@weather.com','$2a$10$qIzJesxkS8TvVDL/6l7mYOB0kaFevHHiX8UgD9PrmEfJmB9nf9gfi','(259) 7215403',228,3946,'https://robohash.org/542'),(606,'Fredia','Poel','fpoelgs@cbslocal.com','$2a$10$z44Zb537WEW.XjS/ecVpmudXTWwEQeEjN4fjEJJDmAb2Yox/.I3SW','(595) 1290613',108,3742,'https://robohash.org/716'),(607,'Veronica','Dallicott','vdallicottgt@artisteer.com','$2a$10$5Bblllmg.OxOzZHtYEupJuk1KDN/iMM5cjvghVP7w9FQRgmuZEMbS','(773) 1394667',196,3711,'https://robohash.org/384'),(608,'Dulciana','Mattocks','dmattocksgu@mayoclinic.com','$2a$10$kJBYZeHS5a4Ya8/zRDpeX.AfyKvoSq0RJTrQumWz5FymNR3VLni5a','(881) 5196514',101,4006,'https://robohash.org/955'),(609,'Rakel','Franzonello','rfranzonellogv@answers.com','$2a$10$fg0qb9mP0ECjQHwbuACFV.UumS0fHU.IxzwcOPaG.zWGyacgjeoQa','(314) 1352359',83,48,'https://robohash.org/180'),(610,'Jasper','Sharpin','jsharpingw@taobao.com','$2a$10$fxyNEjbYqmRC9Zk57j7CauOB5da19uchyNYn4u3Pr5Rt4D98CyYv.','(550) 8788225',16,518,'https://robohash.org/196'),(611,'Morton','Ribbens','mribbensgx@reference.com','$2a$10$1ihRHa4QxHdp7qe8QguDq.rF7kjYr2JaMs68SVvZvCed1cFIk267.','(672) 1033035',235,3203,'https://robohash.org/615'),(612,'Lou','Surmeyers','lsurmeyersgy@hostgator.com','$2a$10$eJh7/yYv8tILkNXRHrVTK.R15XIMPRpV76CvNtSEpp90R9TdWG7zO','(511) 9506517',245,1231,'https://robohash.org/92'),(613,'Viviyan','Dorkens','vdorkensgz@google.ru','$2a$10$aYYqSHi1qH3dPVeUsiTIbO2H8UXaqR91Ub0DKZXBYUG.uvt1CjM66','(825) 8928048',63,4514,'https://robohash.org/876'),(614,'Dominica','McSpirron','dmcspirronh0@devhub.com','$2a$10$uamdZKpSF8C2ymD2MmY7kOnlzU4JBa8r7Q42vS7DAYYii1tMGAyPC','(745) 8837805',206,2085,'https://robohash.org/621'),(615,'Essie','Colnet','ecolneth1@blogtalkradio.com','$2a$10$GkUFm5r/90eCg17jQhqwx.70ZWlqF4zLdYUuC9gtmmzAo1m9G9kV.','(452) 3400845',196,3711,'https://robohash.org/660'),(616,'Earlie','Fratson','efratsonh2@bloomberg.com','$2a$10$JnwG5ZGUnkUyp84dCTaqAe3K45c/5qsMSPbkKWscfMLw5pPMobZK6','(307) 2234096',172,2770,'https://robohash.org/966'),(617,'Beale','Roll','brollh3@vistaprint.com','$2a$10$dEdLh8j83O5iag3cmMD8cO2iVcjEu5eTr1b34eMLPTdFJUQ2VfZs6','(436) 6511883',196,3711,'https://robohash.org/807'),(618,'Wald','Commander','wcommanderh4@examiner.com','$2a$10$YB84VWpxNzg/kTvNjubrB.Y4pjMEGgo5ulu6oZjqYNwHnulhA8CcG','(573) 4758208',168,4526,'https://robohash.org/771'),(619,'Dulcinea','Winch','dwinchh5@soup.io','$2a$10$9batRv5HcvcpV8VR0B.cE.Mpb/QHctnFq/0iKyppBhBZRJO5bgYMe','(700) 9690584',64,2905,'https://robohash.org/325'),(620,'Dud','Thumim','dthumimh6@mysql.com','$2a$10$OJfciVbkIoJ5sNMAxmXM2e/Mg60kWme/86MyBtssogjlY1eF1ouCS','(655) 9980377',233,1398,'https://robohash.org/294'),(621,'Marrissa','Jurczak','mjurczakh7@netlog.com','$2a$10$lSJeQIahsJMzYi9GybM6vOCW4koNgPtD/fX.FVqylHwje2IF7Tjze','(483) 1840246',25,4860,'https://robohash.org/944'),(622,'Ellette','Dorrian','edorrianh8@sbwire.com','$2a$10$p.dUBx4s6PRQRROchoLi2.t3GaBAuoRFaCRUWUmdKHqKYQ7gWZ7nm','(519) 6028710',113,158,'https://robohash.org/707'),(623,'Alyda','Cohan','acohanh9@virginia.edu','$2a$10$he1ugsZ30jJZ/Hhoq8PTwOJBRkxbSZzRiloOXQbGgTeGFLARp.sIi','(242) 4447697',196,3711,'https://robohash.org/70'),(624,'Harman','Corbally','hcorballyha@netvibes.com','$2a$10$C3GLfz8qZDShmVTgyfyDvuX0i5gOLuO0XlDkmWaq5JlSYCpUqmtJO','(877) 9377030',120,4396,'https://robohash.org/274'),(625,'Malcolm','MacKeever','mmackeeverhb@joomla.org','$2a$10$1wvdlE1OQFjwzYXdX643POHcwSwxvMrx82.RqSPTHpgfdaHVEhhAa','(613) 7300941',170,1385,'https://robohash.org/138'),(626,'Baldwin','Atherley','batherleyhc@europa.eu','$2a$10$Sa.cHDx/l2MHFOPPp7rFqO2G22SOW2gXqj8Y47zhcqB9Fd/EY5u/G','(846) 5207991',248,3723,'https://robohash.org/162'),(627,'Kristoffer','Griffitts','kgriffittshd@tmall.com','$2a$10$gvxh0uQelUun.9SHChVkzO/.lbuwEb47GZgm1eWgtIfUI9GtFq2rG','(419) 4025785',188,3384,'https://robohash.org/393'),(628,'Fiona','Forestel','fforestelhe@wikia.com','$2a$10$qKHlYfuRcTcUvtD61l8S8uN/irxklz4JOnJEUKoXAyO7dxy3mITRu','(724) 6097567',56,272,'https://robohash.org/398'),(629,'Audra','Paul','apaulhf@geocities.com','$2a$10$1xvSr7gMcvZC8MV/Mw8Onu/vdf8xrKhko46jKe1189mny3EX/pocG','(970) 6792924',98,4883,'https://robohash.org/83'),(630,'Susan','Donnelly','sdonnellyhg@xinhuanet.com','$2a$10$bvxoAnODCI31awkKbCregOdbI6Q9.NzKmj8hJyvSsS1AtVKVIlww6','(552) 2075450',172,2770,'https://robohash.org/702'),(631,'Leeann','Buche','lbuchehh@plala.or.jp','$2a$10$JGRRP6JW.vNaLmTlSrutCelZjwq10ahLi7Z4n2JfGVgt2pan1i53W','(254) 7671549',208,2787,'https://robohash.org/263'),(632,'Orv','Du Plantier','oduplantierhi@ucsd.edu','$2a$10$ILXg90aAn1ahWu.6r2R34uUHh/0DYfUhUHiGQR6ANNRpXSsOX1j6.','(916) 4641564',109,820,'https://robohash.org/625'),(633,'Malynda','Skull','mskullhj@cbsnews.com','$2a$10$GC.IxPXPWk5rEJjg8A.NhOqgO3N6XwpyHEVW6sYrt01XkxBhsTXJe','(166) 5475111',83,48,'https://robohash.org/311'),(634,'Priscilla','Wyvill','pwyvillhk@fda.gov','$2a$10$/5p317n19voE4woywLm44eWWSxXP6ZZQky4OfZdaePkgvGFocNg6W','(279) 9338122',248,3723,'https://robohash.org/49'),(635,'Dave','Jaumet','djaumethl@weather.com','$2a$10$Vqe649vXBhYxIYJS0LnblOAyphaFieraYNzA5Po1Wc6ek1K3fJmAe','(922) 4159330',220,2575,'https://robohash.org/837'),(636,'Giacobo','Brittin','gbrittinhm@purevolume.com','$2a$10$0pJLGxt.BzpLIOQqP3uRa.8UfoOEVi.4XLxai3uq8iqVxPBEWxQoa','(579) 3009220',236,2536,'https://robohash.org/815'),(637,'Sheelagh','Beltzner','sbeltznerhn@opera.com','$2a$10$yPVDlTlZsiYnUqeMo6QBSuBJW7sloF7xIuDYpeWG3TO4YZ7LkGrqO','(756) 9111229',79,2723,'https://robohash.org/352'),(638,'Fax','Patters','fpattersho@mapy.cz','$2a$10$nafCBOk0VjWUJPqqBm.ELuU/j2f5xEsMSiDbE2KaPlufNcWbm.sve','(185) 8170800',102,1792,'https://robohash.org/768'),(639,'Dode','Cubbit','dcubbithp@mayoclinic.com','$2a$10$D7yS3tohbHwmdpuC0vv0yu0ObB2BiVw/wkRdXhvhlu6lC3.W2OrIG','(800) 1233216',12,2023,'https://robohash.org/251'),(640,'Loutitia','Davidowich','ldavidowichhq@wunderground.com','$2a$10$u6879GFP48KndklveLU1u.dsljGuA8/bkoXdQ/bse9tiv2VcENXaO','(936) 4990562',248,3723,'https://robohash.org/328'),(641,'Cris','Benbrick','cbenbrickhr@t.co','$2a$10$OjOI/f1FfsvUD0EZy0gBmeKGPRGKoYdjbRY4Ql7yJNiir.yX4ICly','(766) 7188700',208,2787,'https://robohash.org/451'),(642,'Revkah','Dri','rdrihs@tripod.com','$2a$10$F3CzWGIQuSv1MEyNFcotNOJgAbkQ2GdFqo1RUF5l6jmhoH2cisPgq','(181) 5064522',133,2584,'https://robohash.org/416'),(643,'Oby','Muffen','omuffenht@disqus.com','$2a$10$edhbZbk.nmVXAEWpy1uOMuAw2m6eo2NOuNUPJPD1vA04YpTvz/Htq','(273) 2919632',121,2281,'https://robohash.org/882'),(644,'Ross','Carnie','rcarniehu@g.co','$2a$10$xdsIWGoqUH5vM0TFUPhWpOzuA1vDWFAzgY6KBKIEbrNdcyI7sSZKu','(330) 1774731',174,1269,'https://robohash.org/703'),(645,'Roxana','McCarthy','rmccarthyhv@blogs.com','$2a$10$Z4UePDrNXQrkUXCF5fYKk.5OWMpjF9Pat.dmuEp.cEx1hrVw6kodC','(889) 7477965',134,248,'https://robohash.org/687'),(646,'Rafa','Essame','ressamehw@cnn.com','$2a$10$5w3Q1rzMmUUqKTCBGrkb9uazNZjOxFcwiMgDbXuI0LSPyJn6w6c4O','(846) 9931444',106,1366,'https://robohash.org/698'),(647,'Kaleb','Le Barre','klebarrehx@ed.gov','$2a$10$.QG6wo9tESFuI1fnlMeWQO6f73P.GpW3HYkn/ASGmua8AyG5Ajlqm','(134) 3473341',22,1372,'https://robohash.org/484'),(648,'Milo','Priscott','mpriscotthy@cocolog-nifty.com','$2a$10$HjnflFIFR8l7f4UsLRJnDuCwSk9xUG6Z3/dB.M/EJg16sEbhREisS','(684) 3570458',108,3742,'https://robohash.org/10'),(649,'Faydra','Webbe','fwebbehz@slashdot.org','$2a$10$yszCbE9jTJXpQt4zb54wsuDjUH7A7I4W7fSRHkB72/c/Enp485PBO','(151) 6458935',16,518,'https://robohash.org/820'),(650,'Remington','Playden','rplaydeni0@businesswire.com','$2a$10$pWYEEvgdCgBSQZbySR9VUOAPvWo9fPPpWxtjdvUkKlUUOkPwbBIX6','(661) 7550829',20,1220,'https://robohash.org/941'),(651,'Rina','Moncreif','rmoncreifi1@npr.org','$2a$10$oUp9H/A4/znG9zzLSSLxN.034PuNjGzl4QhiEGd0X9Upt7W/SmzmS','(150) 7231538',225,2148,'https://robohash.org/558'),(652,'Jacky','Regina','jreginai2@baidu.com','$2a$10$FZkueuQC4i19vy.vKUyZy.zSqV6WPKDrK5zrdRTK1uDPbkyf.YSbe','(534) 1031500',129,640,'https://robohash.org/480'),(653,'Erma','Gewer','egeweri3@yelp.com','$2a$10$SUJfkx.hBTLexj9BYIOoXOYW0WryMyYKqqHMNDeQ5HrNduUHwQOLm','(331) 1776486',193,270,'https://robohash.org/551'),(654,'Luce','Beldon','lbeldoni4@taobao.com','$2a$10$fgvKcN8y/HjVaGybhqeHdeiU2.T.hvMvjNC.XktgsNC0KhXYLFqne','(807) 3014824',193,270,'https://robohash.org/207'),(655,'Correy','Dight','cdighti5@mit.edu','$2a$10$VgSwDl2alNIzOMua9sC.aed5sgoNDVhHa223W03Wv61iVRFI2k55O','(934) 7040479',248,3723,'https://robohash.org/867'),(656,'Tamra','Zmitruk','tzmitruki6@china.com.cn','$2a$10$DpMs9VVT/MjWifRXOzO4vO8BXM8CC2pbVb2d897Z1G9wjeipt3RrG','(757) 5810439',153,4654,'https://robohash.org/74'),(657,'Gusti','Maypes','gmaypesi7@t-online.de','$2a$10$54t0vUchp3GmELKjQVWQrOYJrwkND8uB6rgrp0b85/NwIC7AmOGEa','(846) 2912530',171,4830,'https://robohash.org/891'),(658,'Karlotte','Hynd','khyndi8@dot.gov','$2a$10$ouidGKCSc08pHvIe1W6TjegLw.ASLvt1XI.aYhhIebYCDehWAQ6ni','(936) 4331251',69,3555,'https://robohash.org/836'),(659,'Adeline','Goulder','agoulderi9@microsoft.com','$2a$10$BhQVWnKRKT573kueyr5/Ie/SDdPMOHkLPBhUdDObWPdPEfIDkJhY.','(897) 6755784',108,3742,'https://robohash.org/469'),(660,'Annmaria','Glidden','agliddenia@shop-pro.jp','$2a$10$7Ba9XcihsGJw86QnZjz0eOLILaEEj7YigU4g63TeAMhPYiTCz4oCG','(319) 7481764',108,3742,'https://robohash.org/786'),(661,'Rosaline','Walhedd','rwalheddib@instagram.com','$2a$10$6EP1J3j7L9B7cgzMD1bzq.s2gL.8LN1n/HlbKm330jy2bjW2GyydW','(332) 5097035',195,473,'https://robohash.org/623'),(662,'Cord','Weal','cwealic@qq.com','$2a$10$XKB44VYN4qI96lv3QiWylOz9DfJ.CGK4T.A5qoM5BDjBDRIKTZsw2','(950) 5501360',45,2247,'https://robohash.org/421'),(663,'Sibby','Mateiko','smateikoid@delicious.com','$2a$10$PTJa0mGd0nYBpn01mp.j/e5mcrw1qr1qpltTWIvCQvIVW3Qo3Hb.6','(734) 9508304',12,2023,'https://robohash.org/596'),(664,'Merrili','Storah','mstorahie@wikimedia.org','$2a$10$TdObHFWtUiFcWXra0gXW2.3kk/dcgW7wl3kNG.eN2Ho9Ky7LpDYnS','(516) 1576796',242,5072,'https://robohash.org/714'),(665,'Davin','Vercruysse','dvercruysseif@cdbaby.com','$2a$10$ihJLEH2K7yGA.ftUSo.1DuOBu3hld/lMoiAnzmsIKdlrae/nEcZzy','(955) 2668306',42,1252,'https://robohash.org/548'),(666,'Ewell','Rampton','eramptonig@cnn.com','$2a$10$vt5yBckZezNDy8XF..J9AuQfYvfPhOaRDK.2UGmpVCWx9NRc20SSW','(350) 2810523',142,3447,'https://robohash.org/92'),(667,'Aretha','Bleiman','ableimanih@mapy.cz','$2a$10$/YF4A3m/lvy1A4.cmDEdiuVd.RtMsQzIbJV4Q3zT4qFJgE.frEXNG','(484) 3422952',104,3954,'https://robohash.org/898'),(668,'Juliane','Dax','jdaxii@simplemachines.org','$2a$10$H2NVt.K2uRU3ad6dk/yYueAYx2pj3TWmO37y4ejcdpNx8e4pGVMB2','(808) 7854073',146,1961,'https://robohash.org/411'),(669,'Camilla','Hewins','chewinsij@intel.com','$2a$10$LihUzg6P6IFrQwwNNuRTFOdvhVUOywsbAB5MTnSIka3tzKqqHzi0m','(530) 7221730',108,3742,'https://robohash.org/522'),(670,'Conrado','de Keep','cdekeepik@tumblr.com','$2a$10$ul9B0odJNs3.6a2prt1hnuTBygl41fyq50IXejdf/8RTDTiN75Fna','(310) 8489704',80,2666,'https://robohash.org/853'),(671,'Piotr','Ciccotti','pciccottiil@networksolutions.com','$2a$10$0sAMGxCmwYzRQx1BmaNBIua2GAZcrwIXws/21c.DK9rjMlNHXvNkC','(915) 5066697',7,212,'https://robohash.org/403'),(672,'Keven','Gravey','kgraveyim@gravatar.com','$2a$10$RFe9Ht2TPm5rTgsqq4nMP.6DoXb/JPi4sdQOxAzYxYGLuLigyVtOC','(538) 5523709',108,3742,'https://robohash.org/71'),(673,'Gerrie','Cowmeadow','gcowmeadowin@timesonline.co.uk','$2a$10$3/MwkikJxD9w1wtO5ElbFetNesI6PRGvkuxKlhOEEKRjRUDqUwc8a','(876) 7169862',108,3742,'https://robohash.org/911'),(674,'Haroun','Bolus','hbolusio@woothemes.com','$2a$10$jNVQNKLAh19WEEJ1EVxzyea4ojGpBUeLuNtB34XvCvlS2c8vyGJPG','(951) 4910807',178,5075,'https://robohash.org/219'),(675,'Brant','Painswick','bpainswickip@virginia.edu','$2a$10$kuzcrwtw05ezUwW8fLQqaeogXIiNGEV.jwds/cZH/d5FvLvN/tu2O','(583) 8880851',10,3703,'https://robohash.org/941'),(676,'Laura','Benford','lbenfordiq@eventbrite.com','$2a$10$KPvlsLkD4K3BvfOz/ew4XuwehuCid9Q87gz0TeoMJGRKPwIhismIe','(606) 7937585',240,3768,'https://robohash.org/276'),(677,'Livia','Grundy','lgrundyir@nyu.edu','$2a$10$7TByyY88RmgBdvP1yComiOl3UmYvarf1s.ashvHbxFgUofDDnj81q','(179) 1673461',156,2610,'https://robohash.org/679'),(678,'Lance','Beaze','lbeazeis@noaa.gov','$2a$10$dbUbMCZxUwMlu6q2X73LduAfwkuytbkRRrvgGB..GxHRAQtmj3VcO','(913) 1578940',33,1216,'https://robohash.org/507'),(679,'Ferrell','Bruneton','fbrunetonit@nsw.gov.au','$2a$10$ahofCePtir6oWSQ4ewUGkejjRfM04SOfKufsiFk6dPJGeBpigbMrO','(164) 3637145',226,3369,'https://robohash.org/33'),(680,'Nisse','McRobert','nmcrobertiu@macromedia.com','$2a$10$GzCXuy4QsH1TyFlnn6aGueln0/V.XNbJktTolkloAf9q6oUDbT2p.','(275) 9084636',160,67,'https://robohash.org/475'),(681,'Zackariah','Kezor','zkezoriv@tumblr.com','$2a$10$JzIyywxFpnSQClwxRTo1Ju8YR3kyCVGfHpN5urjkORvDNlKcVnJ.O','(417) 9058106',174,1269,'https://robohash.org/973'),(682,'Zara','Jellings','zjellingsiw@vimeo.com','$2a$10$HMBxy7b1orCqBzE63YrRSuL9IUEBYXmKNqGZ9Kfv/72vVYJUUejc2','(639) 6972425',61,4076,'https://robohash.org/17'),(683,'Bentlee','Camier','bcamierix@unc.edu','$2a$10$CJjW0HyO1kM2oG8yiHfsDew5kPswx/9FEV6HUkY6E9auwWaRAYHRe','(196) 6467508',109,820,'https://robohash.org/729'),(684,'Torie','Victory','tvictoryiy@unblog.fr','$2a$10$EL9IfKpYT5QPkBuB4.nF7uHPBJzBVsJ/TyKx57.i/5PxFeUpV1qHe','(859) 1429413',108,3742,'https://robohash.org/91'),(685,'Gavin','Pendrich','gpendrichiz@moonfruit.com','$2a$10$C5pEajbEBvghRK8QlBcdRONUQdsFr6j.jgDiRmRdIu3zXViXeOU.W','(655) 5597274',186,3756,'https://robohash.org/229'),(686,'Jennette','Darleston','jdarlestonj0@admin.ch','$2a$10$Atrlz5huDiAN2CxjmGoP5eYVwCxJPpDy9u1H8eluLe174oG/L8I.C','(674) 9241244',107,1664,'https://robohash.org/631'),(687,'Anna-diane','Cliffe','acliffej1@cpanel.net','$2a$10$4EGcQNYXVilajJJVrCfHL.fPeq/OBWGy4fE27RkWifTK6VjiI4xPi','(273) 5622077',199,4649,'https://robohash.org/423'),(688,'Brandtr','Fullom','bfullomj2@abc.net.au','$2a$10$tRi2sMxHEI3io7sXQW08iew8lKnaPpURuSunR8pqKWfpTXN1BkPqe','(152) 4297753',119,978,'https://robohash.org/377'),(689,'Dex','Mugg','dmuggj3@ameblo.jp','$2a$10$6GGBc4mCxgQGX0l4ln2Rteo.ADLmLyowG2rp3ix6zL3jEV0.LmpXm','(615) 3070487',239,2034,'https://robohash.org/665'),(690,'Lombard','Jansey','ljanseyj4@google.it','$2a$10$SII/yFrg2opDCguH2cHzy..fGKnnnXbnXv/E8RUoGb5PCA3fD5ryy','(523) 2995455',10,3703,'https://robohash.org/352'),(691,'Rena','Phil','rphilj5@tinypic.com','$2a$10$6nuS3g7ogfekFyuzc/al1Oma2GoA6KeTxCDg2fwCM0kOEcV6zI57W','(659) 3376979',186,3756,'https://robohash.org/153'),(692,'Bonita','Hoppner','bhoppnerj6@wix.com','$2a$10$QJIzyvAl74LHhIc9fAAZiuVxIv7YIb4I7PyCOQTlZqDq6HK7k./Ei','(187) 9721783',220,2575,'https://robohash.org/297'),(693,'Candy','Stitch','cstitchj7@springer.com','$2a$10$ivVUF2qM6vNfqWu/1yuVkuWdHiG9kEEHDBoVCZw.pJlGI5jpGPFfK','(875) 8665183',38,2656,'https://robohash.org/138'),(694,'Deborah','Trillo','dtrilloj8@cyberchimps.com','$2a$10$.cp.lNzvu2zqpl13ZRsdaOGqReg5a0kxv2148AmydL7YCVwl/wl.O','(395) 6218266',208,2787,'https://robohash.org/753'),(695,'Leighton','covino','lcovinoj9@cocolog-nifty.com','$2a$10$1VCThZRPkO4mUux18frMJu57qu6EX.I76I8r6.CgKU.WKNHIcExG.','(893) 4384675',156,2610,'https://robohash.org/224'),(696,'Ingaborg','De Bruijn','idebruijnja@ning.com','$2a$10$mu9dP2cD1CHY1UpuMvfjyeKd043tw30AwhSUefVLdnX9FkyTlA7aq','(217) 1766682',106,1366,'https://robohash.org/74'),(697,'Rafa','Cudde','rcuddejb@live.com','$2a$10$JvvXs4AcqYIk1YgvgXTEreUKY2bmksxKB2QrEhLlU4d4owUNec7ji','(751) 9020035',10,3703,'https://robohash.org/212'),(698,'Sheilah','Castelow','scastelowjc@oracle.com','$2a$10$nd5DINkrJ5eAHrau.6fkl..zAFA5Uns0QHdaMAJ0Io46gd/K2714q','(517) 8427425',104,3954,'https://robohash.org/102'),(699,'Florian','Lindback','flindbackjd@elpais.com','$2a$10$jIOxnd/5q2zkX91Dn1VCeuOxW48JTR2At7/8YB7Z0kPKTMiWzVORy','(379) 3526437',6,487,'https://robohash.org/807'),(700,'Hastings','McGoogan','hmcgooganje@elegantthemes.com','$2a$10$IbmHp7o1pv3APE1xmM.Zeu.Rmc1yFQO933tM3g9pgChT0SHiEZHxi','(481) 8594616',90,3657,'https://robohash.org/51'),(701,'Jemimah','Gotobed','jgotobedjf@csmonitor.com','$2a$10$QUCP/UbBEZqc0CoHtRMKleyv5Zd2pcI5Lpnddplb3g7mEVHqmEWd6','(220) 5423329',186,3756,'https://robohash.org/281'),(702,'Ragnar','Sember','rsemberjg@cyberchimps.com','$2a$10$3qrErKd8fUAt5uS0q8qZ7eHT0bhOHnNkPQZaAlKkLDExZGi7LA41K','(985) 8183937',112,141,'https://robohash.org/983'),(703,'Derick','De la Eglise','ddelaeglisejh@webeden.co.uk','$2a$10$91DsBnejF4oqLx66H3.J2.YuzI4xLjYPDxYA2hQpP92NSN/8O4TA2','(839) 5484116',33,1216,'https://robohash.org/979'),(704,'Kelci','Doidge','kdoidgeji@salon.com','$2a$10$28klX1cPzyDHMctCTIe.FOfoDfNq9uADHMYShhBeg0tOr2uB1hSmq','(648) 5394264',191,4761,'https://robohash.org/857'),(705,'Salli','Longmore','slongmorejj@technorati.com','$2a$10$Hh4cdPJvEqK1H19LzzNbwuT46oiL4GoQz7PpX8WrHJ4I4Qs23pejG','(894) 3569220',210,2839,'https://robohash.org/859'),(706,'Bibbye','Beyne','bbeynejk@geocities.jp','$2a$10$A1aRI80k5BsSxmxcSdJwsuBjP99Pqg4eQAo4Y19pd/3w37vUv34BG','(457) 7562578',185,3831,'https://robohash.org/359'),(707,'Marjorie','Bathoe','mbathoejl@cargocollective.com','$2a$10$IVL.M4zfItmvhcHQAX5FZOmwQbIaEgu6h1GrgXOR.6/qTKk3N/m5u','(817) 2373173',186,3756,'https://robohash.org/856'),(708,'Danice','Clawsley','dclawsleyjm@wunderground.com','$2a$10$GHxlwTzAcXw9Q1bR7vSfL.Ygu/OzmXKQUXiQwFLZOb4OINZMW4riW','(369) 4266158',12,2023,'https://robohash.org/316'),(709,'Marketa','Gasnoll','mgasnolljn@g.co','$2a$10$Tg4hiNiLURXM64VzrhIFfOEbaVWbnjK3ejXyfeO1hGaCdGmzXUyle','(356) 9876473',18,1992,'https://robohash.org/20'),(710,'Hermann','Larman','hlarmanjo@nydailynews.com','$2a$10$ryuekuJHLhGtnRoml2I.Aupm.o5gogcgOTVQp6vO/jynHwm5S3v46','(337) 1029537',55,724,'https://robohash.org/304'),(711,'Hube','Wreiford','hwreifordjp@1688.com','$2a$10$AqRLVd6GrOKQCZhDBooi/.nxSQWv/HGFQzdUFf8/5DYmAdVUkdBri','(951) 8865772',152,34,'https://robohash.org/713'),(712,'Shanon','Thurlby','sthurlbyjq@is.gd','$2a$10$S8ChiRntiQ1DBg8KCs2nA.uo/qDLExtsJl8lps1TeIZHtT.t9.hPe','(166) 3369496',119,978,'https://robohash.org/634'),(713,'Jemmie','McTerrelly','jmcterrellyjr@mac.com','$2a$10$GcUMk/fV9bQqZKMGu.VQFun/UvSVSOnEUDrjiQ32t2wr5lJbm59y.','(679) 2603847',191,4761,'https://robohash.org/491'),(714,'Stacy','Pechell','spechelljs@youtube.com','$2a$10$hibvx.ENkvNtPAZSGutSlOoYdAPKuSaRzUuqNz5ScFgfn2VSP.Tg2','(241) 4379026',26,229,'https://robohash.org/441'),(715,'Hillier','Coultass','hcoultassjt@cam.ac.uk','$2a$10$unnA7GrLyCl6aUjL6NUVN.ajYJTAx6YsHsJdGMWx.DZJ2gG1g6bpS','(795) 9917267',186,3756,'https://robohash.org/71'),(716,'Carter','Syme','csymeju@imageshack.us','$2a$10$2CiJyc1So98wMn0BWfnL0ehMw41Lu39jEoONZhUEhziNkKq2DG4eW','(280) 8498162',186,3756,'https://robohash.org/392'),(717,'Conchita','Ryle','crylejv@cloudflare.com','$2a$10$yqbyPsFbJ8./tNZ8zO1d7uFQlGtIAU/Y8v3wAsurBoo7OSJR/iIBG','(485) 5925081',66,4127,'https://robohash.org/933'),(718,'Jennee','Skirrow','jskirrowjw@sun.com','$2a$10$ID42Tc5KSoCJh9FZzs.58uh.roeRA3ybgCribVCHuHrtQyV1ZA6lm','(697) 5337281',82,3005,'https://robohash.org/845'),(719,'Harli','Leyrroyd','hleyrroydjx@prnewswire.com','$2a$10$d/jXXS5n3t9wY8r37VuoOOX2ISuNAKmhB7leUzdkrU1PRAKlLF4gG','(612) 9280953',240,3768,'https://robohash.org/935'),(720,'Carry','Room','croomjy@quantcast.com','$2a$10$JVj75tPTiHA9HqhY0z6p3.qPihOZnmeXUWN8qmnYBfZTXgp9R7sm.','(588) 3627127',223,3353,'https://robohash.org/943'),(721,'Kaila','D\'Onisi','kdonisijz@google.cn','$2a$10$s01bvekzGfI4giBeKssAoevVAm.8qqZyNzhKhUmID4fkmTFgNEYQW','(912) 8717566',109,820,'https://robohash.org/737'),(722,'Slade','Dripp','sdrippk0@answers.com','$2a$10$t773cFfAF7GgFHhqIG6dlOONYPTSkW/hP/iAmfzyGzUwR2dhJXdcC','(756) 4496024',240,3768,'https://robohash.org/63'),(723,'Onida','Gilcriest','ogilcriestk1@cocolog-nifty.com','$2a$10$KThHdbEG7uw9JXmUHpu1tulKa35LbIjhOgS7UG26soc6YQa4m4Fzy','(824) 3901066',240,3768,'https://robohash.org/298'),(724,'Hugh','Dancey','hdanceyk2@apache.org','$2a$10$Hj/uMjFS06K.j9JXhS9cMeqLVBDatBjzcGAzye4RFbw8i4hKynimy','(997) 7387443',240,3768,'https://robohash.org/685'),(725,'Alisa','Darbon','adarbonk3@biblegateway.com','$2a$10$cDxlD.xL37Si7HHpEvDJpeItTqjF2zmlcxE3hUfWUaksG6BmfWfvq','(286) 3488900',240,3768,'https://robohash.org/799'),(726,'Thea','Shears','tshearsk4@chron.com','$2a$10$cqADbi3iWyA6oP6/VJqoIu75k2YeZt7V0iHWBuL7s0Fq.bKnDbdj2','(328) 5958830',121,2281,'https://robohash.org/784'),(727,'Corie','Lernihan','clernihank5@amazon.co.jp','$2a$10$.ah6U.o3r0vgLMWngGrTGuXw3xaJQZsJHLVYv8nl9uituC/Uswgce','(296) 5095633',36,3185,'https://robohash.org/211'),(728,'Hester','St Pierre','hstpierrek6@soundcloud.com','$2a$10$KAFJ9IPqGoNpvO3ENpLRGuqEbS3M41rO.npSk6aTDCrWWvdLIPuSG','(679) 3262078',145,4917,'https://robohash.org/692'),(729,'Dexter','Hacksby','dhacksbyk7@telegraph.co.uk','$2a$10$ICZT2kBkuDhBsrAwO1pGbe7aNmGJ5ylEnUIhFJ3zLwsn1P9ePEOmq','(535) 3088023',171,4830,'https://robohash.org/381'),(730,'Gisella','Casewell','gcasewellk8@nih.gov','$2a$10$dvbwp9SffxBZNGRGoX6KX.6gcuoioV/D3NBLjnxU2uRYHK1WCzc4O','(961) 5291699',156,2610,'https://robohash.org/212'),(731,'Lonna','Phippard','lphippardk9@seattletimes.com','$2a$10$1OqBloikoGZ6.MPutGxlIeYCB6chztSSgfb56hwA60GtkLXzj0W0u','(412) 3534177',67,3438,'https://robohash.org/698'),(732,'Agustin','Cowling','acowlingka@ask.com','$2a$10$M/VLj8665cBMwvN6m705Zuko5Ck2Awxl1F.KuPeqtBQhzlT9lf1A2','(331) 8164881',67,3438,'https://robohash.org/11'),(733,'Giffer','Vance','gvancekb@nifty.com','$2a$10$1qRaIIMozalHs1tKI22iAuuEJDhwGLijHRh8kq//j7Lh.dvyTnN0G','(966) 1103927',82,3005,'https://robohash.org/176'),(734,'Dasie','Goor','dgoorkc@cisco.com','$2a$10$8oGtpSOGDIwNH3c.G0C0lulNm6O8LOzyObREhQICMJRKus2g82eAW','(225) 7377131',203,915,'https://robohash.org/420'),(735,'Chane','Giacovetti','cgiacovettikd@a8.net','$2a$10$y07xNHCmn1Fd7zulAlWRP.lQRSltH.GV1nvUSIrbyp81zVqiCBW/W','(985) 2067136',123,3032,'https://robohash.org/254'),(736,'Sianna','Hadigate','shadigateke@cdbaby.com','$2a$10$a23uZvEKRFil/Vwey3p0g.7/BfUU4fctEmqmV1oBSIjHGVCzExBR2','(578) 5269779',144,4360,'https://robohash.org/424'),(737,'Berkley','Napolione','bnapolionekf@japanpost.jp','$2a$10$0ua1wg9UpWfMH/3ZOJn3J.gfFtXrqKimd4bGCN2tJbg1oLeFK3lCa','(427) 9008985',42,1252,'https://robohash.org/150'),(738,'Rorke','Wort','rwortkg@paypal.com','$2a$10$ViUHOouAnUyPu6qlbKdSzuBOKEP0XXdHUUG0mLliowuFVrUfGUFSO','(911) 1250919',67,3438,'https://robohash.org/429'),(739,'Vassily','Lamburne','vlamburnekh@rambler.ru','$2a$10$jgF1OckaL6xXivc9hTnt8ePcThHWDXivE7e.kmmgEesV6C7JosbBu','(402) 3600378',146,1961,'https://robohash.org/781'),(740,'Thorpe','Mallan','tmallanki@ed.gov','$2a$10$6A3nX3Eq3b1PMpZBv2PIKedtRXimZh9ctlkX5rNMD1Kz0tZi4a89a','(216) 8160158',66,4127,'https://robohash.org/570'),(741,'Margareta','Rennels','mrennelskj@mlb.com','$2a$10$J5hhYhbJ5DuJmQ6I2O/aT.7TgtJS5WhL8qIKgKtH/9NjUVhY47iKG','(882) 6368882',161,288,'https://robohash.org/27'),(742,'Deirdre','Songest','dsongestkk@mayoclinic.com','$2a$10$cqQRs/hZFckSX1EDiMfa.OCIC6pZJkWnOy1XLZazIbAVVdhMLyysq','(175) 5170592',207,1146,'https://robohash.org/541'),(743,'Devlin','McGhie','dmcghiekl@google.com.br','$2a$10$Tl9CdHiNpjVqfa8Rd34ElujMQy/.uOLowq6ZSESxmg7QugIaWre16','(128) 9402650',67,3438,'https://robohash.org/427'),(744,'Felita','Eddolls','feddollskm@businesswire.com','$2a$10$md3N0mVjm8xeA3ekqWS1CudVD3o0bzOo/WTdcPfJFziuzleNtp8dy','(943) 7506096',67,3438,'https://robohash.org/518'),(745,'Lev','McGarrahan','lmcgarrahankn@bloomberg.com','$2a$10$okXdDAtDAQtfy0Vb1ejd9esr/TnsctwKj.dDIjCRo2k/e/mm0t9/y','(169) 9772560',179,3177,'https://robohash.org/527'),(746,'Risa','Petzolt','rpetzoltko@state.tx.us','$2a$10$97Zn9rvD1utoPLxSWS8.2ukUFdmlsTNEF161mcFrVWxWYzonLdWnm','(634) 7165429',203,915,'https://robohash.org/274'),(747,'Genna','O\' Mara','gomarakp@mapy.cz','$2a$10$Sy.mEcZWNhtHn1mSrDhScejSqwEvbWAg3im.ls7jHQQKISoCM9InG','(848) 7970947',123,3032,'https://robohash.org/591'),(748,'Bil','Nisbith','bnisbithkq@va.gov','$2a$10$2nG9mRFHWzjDdPDkPvkIxOWrOfzubIMXlBli8Fbz7XRxt5TFTkTCS','(835) 6085772',220,2575,'https://robohash.org/976'),(749,'Rubi','Bamlet','rbamletkr@instagram.com','$2a$10$JK8GUHkpJvzRnKxCAFu04un8JIZP0ZEYESnsAxP0v6slht4UNF1WC','(131) 9134629',48,2874,'https://robohash.org/864'),(750,'Felipa','Allawy','fallawyks@e-recht24.de','$2a$10$VwTWSHvIqLAlk5SRpbQjd.EdD/UIG0eOUd7Sqpq05zqY1L.tcwiXK','(529) 4788643',166,3047,'https://robohash.org/361'),(751,'Julieta','Hargerie','jhargeriekt@spiegel.de','$2a$10$.Qb14SQKD6K6kvQwJNdpFO5IYByQWSe9byIn9k5aa8.mi9ezTwzZS','(466) 6200357',99,1027,'https://robohash.org/790'),(752,'Abby','Okenfold','aokenfoldku@ucsd.edu','$2a$10$w8UICuWgtKBPLnwfuZszbONfHOSAh7gWBsQYM0vp/k/.QiEDFbJtG','(490) 7763259',58,4542,'https://robohash.org/960'),(753,'Jasun','Skottle','jskottlekv@tinyurl.com','$2a$10$3iqUQoTAcU2.w2PPwntYseMJSzktfPYrEO2eWpfCFlX4J5U.ZwYSy','(858) 2838310',66,4127,'https://robohash.org/113'),(754,'Jarrod','Heathorn','jheathornkw@narod.ru','$2a$10$zi1fwIMGH9Y4PwFYzetln.2yLJmB7HV9l.4kZuoQIYGIkAUY/savu','(161) 1270315',192,58,'https://robohash.org/878'),(755,'Ania','Haken','ahakenkx@reverbnation.com','$2a$10$7GY6s/D2CjdSVb3S7dxgBu.mTDixApUHEXU2HcaO9249tZBhSL4.O','(793) 8748983',111,956,'https://robohash.org/937'),(756,'Chrotoem','Carrier','ccarrierky@unesco.org','$2a$10$RIt72MTx56jH1xnDbYs64OTIzpda2EoAf/mHX3iudA4DUHH5dO7BG','(355) 1099828',25,4860,'https://robohash.org/501'),(757,'Fraze','Ibbett','fibbettkz@intel.com','$2a$10$a8/ygF4qy58P9ZnTXwdOKetnUrmWWmKXX4uR9M7JZowl/XEhH5nNS','(242) 2504950',142,3447,'https://robohash.org/948'),(758,'Lisha','Ozanne','lozannel0@netscape.com','$2a$10$hzykWxNuczHLGcbg.O5vWewFBE1iWnwqv529fRj2LlMj8D.4yE31.','(428) 6110317',142,3447,'https://robohash.org/342'),(759,'Worden','Balmann','wbalmannl1@sourceforge.net','$2a$10$wNBwRQldAWtv.1K2sw30P.Eya1GaoIUqVvGnGt4YZdHQo/vy3hWSS','(845) 8007789',145,4917,'https://robohash.org/540'),(760,'Ethelred','Lamming','elammingl2@reddit.com','$2a$10$rCRsxsNPCXYgmZLBOY.bVukldqYRx6Wbps6u39vXgVN3bdul1rMCC','(586) 5568731',142,3447,'https://robohash.org/990'),(761,'Danyelle','Kinnett','dkinnettl3@huffingtonpost.com','$2a$10$YhhaDKSFG5W/SOGGewTBGued2jv9DNKd8IhuqZUnc3CNi7iUUDtK2','(478) 4760582',224,2550,'https://robohash.org/92'),(762,'Maurice','Frushard','mfrushardl4@canalblog.com','$2a$10$ih0Zg9uM2IMbZWSsXBHOKOGzqJ0NenT9cIrEEVl/LzTvFvB10evou','(400) 6817992',63,4514,'https://robohash.org/988'),(763,'Aldric','Monini','amoninil5@umich.edu','$2a$10$j12AqjAPai9LeUL.1iaBkeLaU3wk5ARsopLhi.5nzVMGMpM9mek6S','(642) 8664780',240,3768,'https://robohash.org/694'),(764,'Aili','Labbez','alabbezl6@ft.com','$2a$10$SqDP11gifpgfZ3DiD7k0/eXdJ1db8G6lGmk8wOZbgEnLNrVFpFkhe','(298) 5991484',25,4860,'https://robohash.org/336'),(765,'Cirstoforo','Bailiss','cbailissl7@mapy.cz','$2a$10$kXgFV/pITF9/elNNqnmJyen13uQFdGriMaT2mJtR7JK4FvI6MQfEO','(701) 1065076',220,2575,'https://robohash.org/786'),(766,'Aluin','Tapscott','atapscottl8@blogtalkradio.com','$2a$10$YDhDsh0FuWyuQF7LY2JtJeGsxzUWB.yuOKp.AlEg0Y/cFA8o72jV2','(541) 8683851',114,1830,'https://robohash.org/389'),(767,'Ariel','Ruler','arulerl9@oracle.com','$2a$10$gYDsI3g3cGFFjDMVzwCWRumQtPy0ctJWdfJzSkei41R/6Xeec014i','(798) 1477801',235,3203,'https://robohash.org/201'),(768,'Floris','Eliaz','feliazla@sbwire.com','$2a$10$Sduzuf4TIqyAklh8NorbjeY5y7rRpPptWZFcUjkKqOC0J0yrZe/7W','(103) 8182027',107,1664,'https://robohash.org/853'),(769,'Zandra','Acory','zacorylb@delicious.com','$2a$10$rcnmQwefjXKSnvqq/mvyYOy09.O1ml0.Zwbt5lERnoysbvRrlgksO','(106) 8015130',183,259,'https://robohash.org/197'),(770,'Orrin','Butler','obutlerlc@infoseek.co.jp','$2a$10$B381QTspOzTGAHIJQE4iuO/u057J6y2wNyTHW0ayLz0icqRbyiKci','(689) 8800622',142,3447,'https://robohash.org/42'),(771,'Karylin','Thunnerclef','kthunnerclefld@slate.com','$2a$10$XYIO6/lD85L4EiqpLFF7tOB6abder9/HUP73DBPU8JErbh5LrZt4O','(407) 2650694',185,3831,'https://robohash.org/740'),(772,'Rosetta','Braisher','rbraisherle@photobucket.com','$2a$10$p2jyGorHLehpNMN/8hHpzOCml7L6H4ixNIsT289gNy3NJEiWKG4RW','(672) 7493373',134,248,'https://robohash.org/122'),(773,'Amii','Silvers','asilverslf@forbes.com','$2a$10$lZdHaeIaET20el59i9QUI.gPqUes7djHpdyTY2dMtCExfKMTpnJFu','(499) 7636407',135,74,'https://robohash.org/504'),(774,'Janet','Hindshaw','jhindshawlg@senate.gov','$2a$10$Fz6nadUkKybTzH4hotaDfOD94qvS8Fr59esIHNWBqXwstO6BZ/t9C','(791) 6410217',173,3678,'https://robohash.org/270'),(775,'Barry','Sooley','bsooleylh@storify.com','$2a$10$pA/2kCR2HDIQqaSBkbvZa.WpumrwbYCurzPq8GmDYVHOuFKrxvi/S','(865) 6864881',170,1385,'https://robohash.org/593'),(776,'Marna','Kenningley','mkenningleyli@a8.net','$2a$10$FvNNYskgU45o7sSh1V/jguXNgvd.Soq3c8JdxNi8vshTi607rMUyy','(616) 2297161',20,1220,'https://robohash.org/459'),(777,'Farand','Hincks','fhinckslj@cnn.com','$2a$10$yUQ8axPgjlG77ZZYOMy4M.OCMOR7v9V8u2YMeymquyr9hLwdat.je','(808) 7509806',165,1006,'https://robohash.org/464'),(778,'Marcile','Bysouth','mbysouthlk@acquirethisname.com','$2a$10$GRDJb4wfn1EUcKot.AgwDOeI9dt84pW7lpAw4uDoDK7iecT1pxW7i','(596) 8066282',108,3742,'https://robohash.org/972'),(779,'Creighton','Houlworth','choulworthll@ustream.tv','$2a$10$3YJGjoqYLyHdzncUDIuJcOII8zuN0jfvFlJXWPzlQjRitfHN75aCi','(398) 2487372',79,2723,'https://robohash.org/513'),(780,'Nicolas','Ranald','nranaldlm@ibm.com','$2a$10$1N6EOtytnkKIqOztyK9dEOyzKBiq0dPZ8N0Zg2frjkRsHpekI1Zvu','(983) 4007683',246,1982,'https://robohash.org/302'),(781,'Wenona','Doret','wdoretln@gov.uk','$2a$10$Sbt/0syEGjf5zC.eP0dA7.1z07omUsBD2ZFc3Ic0hRaMJ7S.0quR6','(401) 1193881',119,978,'https://robohash.org/555'),(782,'Ceciley','Garriock','cgarriocklo@ihg.com','$2a$10$9uKuTq0jA4MzR3nOxT.VI.OM5GCjbaH/JUCKCqgLyV3H2CeGO4K7C','(430) 2533428',176,1622,'https://robohash.org/54'),(783,'Juieta','Condy','jcondylp@angelfire.com','$2a$10$AvXWx7GYDjcMoNEMsuUpAeXdta/HPheDv4GmZMQktxMJ7JMJZPfTK','(269) 6683303',82,3005,'https://robohash.org/155'),(784,'Giacobo','Poltun','gpoltunlq@comcast.net','$2a$10$wL/MrbdvssZi02TDHywE1.iRGmC5durF6RaQ6xgSd/4b0swaj96Ty','(305) 8556726',176,1622,'https://robohash.org/615'),(785,'Juliette','Rakes','jrakeslr@hatena.ne.jp','$2a$10$cMLPfZ1Q.9vrg5Z.2QbP8uF3mHT5483drQc0vTqtLiPWo9QW94MPq','(992) 5148416',219,3478,'https://robohash.org/980'),(786,'Andra','Claxson','aclaxsonls@msn.com','$2a$10$Rg/rEW.4n4ezo67u51XFYenGtMiqRNm8DMrPHoGmN1Zm52XxTLl9S','(770) 3363638',12,2023,'https://robohash.org/196'),(787,'Brooks','Roddy','broddylt@reuters.com','$2a$10$kd9qtJutMo1DjWHmsseeuegPxi1Etx2aDg6hTkxwGcJNvDAcc3RcK','(399) 6851208',182,1833,'https://robohash.org/23'),(788,'Bernelle','Husbands','bhusbandslu@chronoengine.com','$2a$10$HKVUI9tsDbkGB2MaDvk9Tuco/Ekp5bEDVmwFmwE/V4nExU.fe7GrK','(778) 6243244',107,1664,'https://robohash.org/21'),(789,'Marlena','Longwood','mlongwoodlv@time.com','$2a$10$cz7/KbfvpYQWe6w1P65PhekLwFB4Y4F8oyYyFGA42qRqPrP9NIgUC','(297) 2986722',219,3478,'https://robohash.org/85'),(790,'Dianne','Peeter','dpeeterlw@usa.gov','$2a$10$wUftlpg6XRjEN5wtvpxFQug6cZ81VUqfFj5gRIQF.J6I.VbJD3HjS','(788) 4606055',69,3555,'https://robohash.org/461'),(791,'Welbie','Dutton','wduttonlx@abc.net.au','$2a$10$BCq4IBzPQEQsn/bCHQrokOYC8CUjJVZqkiUX4F6rWp2K.7Q35R6G2','(192) 1624130',192,58,'https://robohash.org/368'),(792,'Rebecka','Papaccio','rpapaccioly@posterous.com','$2a$10$t104aft4Wz2nYQV8emk.gOBdIh5y8hABNJ1txuB9rorOoi6ZnDWZK','(725) 8790030',145,4917,'https://robohash.org/14'),(793,'Damita','Hancorn','dhancornlz@economist.com','$2a$10$Rnbr4.VS52Y/GW.R1CBsjOO5Q2natL2yY.cRec.74.kbZTnruppLS','(366) 3980103',129,640,'https://robohash.org/676'),(794,'Rurik','Prickett','rprickettm0@omniture.com','$2a$10$pDdvNo7rDRZuUxdsY387xe10DeK8VXQTCRmDDRy.uHsH8RHGZMcPC','(794) 2163078',129,640,'https://robohash.org/608'),(795,'Yance','Keilloh','ykeillohm1@businesswire.com','$2a$10$3j.Va0U0UPUTUKynX1.bJ.iR0hs.WNDC7/.byc3RqsGDcsaOm1d.e','(726) 1087854',177,2228,'https://robohash.org/760'),(796,'Terrijo','Scrivens','tscrivensm2@reverbnation.com','$2a$10$vtwLkodDLuI.wYmcyuwzRu9IelS0tAt2YV9oQt36FDgTzBx.w8WSq','(155) 5529296',68,3424,'https://robohash.org/113'),(797,'Anitra','Congreve','acongrevem3@webmd.com','$2a$10$EQYEnR1g/ER5RCf8mp8auerT0IWZ3XTDHMIHDM76b5CanD9bgrvnO','(871) 9725378',57,744,'https://robohash.org/723'),(798,'Constantia','Winston','cwinstonm4@mayoclinic.com','$2a$10$CUud4guoMwnhw3PttMyb7.R41HzsKCNa8MBNwshmx4sFM.AqvSO3a','(262) 5834391',48,2874,'https://robohash.org/865'),(799,'Donn','aManger','damangerm5@squarespace.com','$2a$10$GfW2LneX8mnHmPhAIkpCHuzsF.TTg4byT5ZPJmF6ykcDzYs3e/m1C','(294) 9012161',222,3911,'https://robohash.org/237'),(800,'Claire','Thurlborn','cthurlbornm6@taobao.com','$2a$10$eK4RJ2DiURyhpt1OxM8ah.bXB8gdb17wZsLXMBtMqVvNEb8hpYP1.','(920) 5013867',181,4720,'https://robohash.org/627'),(801,'Sybil','Mockford','smockfordm7@google.com.hk','$2a$10$WI7hjEgYYVelSXhN0VZuTedk9juA3PB7iMvBT5zxH.6g6NV5U6rQK','(353) 8981580',185,3831,'https://robohash.org/453'),(802,'Heddi','Farre','hfarrem8@ucla.edu','$2a$10$c.897GGzAOzE4Kp3sFxaWeAmiIHGiioEEmTczAaT5Fk4aNKZhD4tG','(169) 3344837',161,288,'https://robohash.org/309'),(803,'Timotheus','Haggleton','thaggletonm9@ask.com','$2a$10$bOKM.RP7jRo7aY4zLqOQ0eUXizt.h.MnjgOLML6Y0sumOeKWxN9v6','(961) 5153796',69,3555,'https://robohash.org/446'),(804,'Davida','d\'Escoffier','ddescoffierma@google.ru','$2a$10$UnHy3RQnF0BAWzyVtPOrd.1JdidUtiOjLuG.D.7pEcbUUgmCInigC','(742) 7386018',69,3555,'https://robohash.org/580'),(805,'Dian','Lyfield','dlyfieldmb@wired.com','$2a$10$b08J2IPBFxMAGuRaojgiSuMLWg3TslAw18y9DOXbUBjWIS.wzd3YK','(966) 7462076',45,2247,'https://robohash.org/217'),(806,'Joannes','Grindle','jgrindlemc@plala.or.jp','$2a$10$DOeXIPrLFYYO0gm49RjhgOV8tnzCquZSDk6Xcusm9sMgABvnWby5u','(373) 1612139',150,3327,'https://robohash.org/396'),(807,'Tally','Timlin','ttimlinmd@theatlantic.com','$2a$10$WqmyhLTlBDqc5EvKPcCw5ekTQM3hc4A9c7SyEzbUcYcAQqlaMZSIO','(356) 7670092',111,956,'https://robohash.org/446'),(808,'Lorena','Mattusov','lmattusovme@drupal.org','$2a$10$XPRllBqzULrlNXxJfSPzq.7U0Lu1f1gjyBIzmQPEklcD4Ro1ganKy','(112) 5319876',67,3438,'https://robohash.org/549'),(809,'Davine','Zuann','dzuannmf@jalbum.net','$2a$10$YM0G1HgvnScc2sEM8nh.Ge6DGIfBkm94aDg8TidLqoCyI7biscLlK','(525) 9436434',127,1513,'https://robohash.org/191'),(810,'Alwyn','Dunnet','adunnetmg@wikipedia.org','$2a$10$4Sa9cPdcJ6IMKcB0HcfxoOArcFgV0L4Jn4edMFaNFFOFYBIMi6WtG','(103) 7960079',216,3402,'https://robohash.org/618'),(811,'Daniela','Melia','dmeliamh@mozilla.com','$2a$10$sfosxj8gRjFi5amZxYfJr.tweCSW9H3Oaq9i1r3tm9M320UqmAd2C','(520) 5892874',53,1209,'https://robohash.org/694'),(812,'Dedie','Corwin','dcorwinmi@geocities.com','$2a$10$Fn06LG4Pn0L2tu.ixuhDJeebQFToYcY4/GlKG7qAqI.CowMd1utX6','(411) 9959770',61,4076,'https://robohash.org/852'),(813,'Isidora','Scolli','iscollimj@cbsnews.com','$2a$10$HR/VFCYMf0LgOLZpEwI.G.mNModd3ICNEU5XGxmqtb6VtpXU.C2Ce','(952) 7818671',201,4141,'https://robohash.org/61'),(814,'Alfons','Staziker','astazikermk@mac.com','$2a$10$bb3jCnzeFq7ul8PIOq.mw.zlLiub1tefOEHlhe4GeGycOY0TTp7eK','(158) 5358887',69,3555,'https://robohash.org/611'),(815,'Nancy','Baumber','nbaumberml@deviantart.com','$2a$10$R6R/FHP/pruAKLl5O2wdvOCI/DosDhEnkJ8E5p4XGK3cnXUCVQyzK','(476) 1234487',43,3570,'https://robohash.org/159'),(816,'Nerita','Biskup','nbiskupmm@hao123.com','$2a$10$kubFoh7Ru2b0e4SBTczzguEuJ4C.VIP3g5KcLOPpgf.MvkOgiNm9S','(320) 9461340',20,1220,'https://robohash.org/895'),(817,'Aurlie','Angel','aangelmn@unesco.org','$2a$10$6EgW19ingvy7hPCBgPdcquMIlvsPoOBb/URhD8J7dpHJaWGi3zgIy','(579) 1563738',166,3047,'https://robohash.org/545'),(818,'Freddy','Bricknell','fbricknellmo@flavors.me','$2a$10$n2vZEfCPRrEq/f70yZIN2.wUX3Cutg6vCfcugRDucL2sfaHNB8UHi','(678) 7328658',197,494,'https://robohash.org/896'),(819,'Rodi','Bercevelo','rbercevelomp@ezinearticles.com','$2a$10$6RQ/N/F35vOMapADKjAlleK.yqP1H4I5BS6yycSae6giTGv.j5Bxy','(454) 8683887',54,2625,'https://robohash.org/290'),(820,'Marietta','Linnett','mlinnettmq@sohu.com','$2a$10$cKGx.ULdZZisY5WY2S3KfetVf2kdX..NNZhFpYDqgK0yeLgBWTd5a','(670) 2772418',237,4772,'https://robohash.org/527'),(821,'Aubrey','McRory','amcrorymr@umn.edu','$2a$10$lUkgGgApaeO1/OGlU5MwqeqJB.ucvSA9zUXgOaQYFnhfvegU0mKNa','(157) 5959356',18,1992,'https://robohash.org/456'),(822,'Chandler','Finneran','cfinneranms@noaa.gov','$2a$10$rY0/2RoW2q19OwGMTvqzpeLNVmktibip7La6ubTiRYT3kWz0NPhVa','(723) 7045567',105,1069,'https://robohash.org/874'),(823,'Mavis','Padell','mpadellmt@google.fr','$2a$10$DxZ0dnOJmnk.sUJnDb2QreGyqWeHZMk0dcyMaDBO3UW.RbeM9cH8u','(402) 1554460',43,3570,'https://robohash.org/287'),(824,'Jarrett','Buggs','jbuggsmu@amazon.co.jp','$2a$10$wVqRdVOZpt9fFAH2cqK46uPY4a08FZ.SMWv5gXLGx08HTW5hrCJiu','(563) 4431268',43,3570,'https://robohash.org/426'),(825,'Lynnea','Ingarfill','lingarfillmv@alexa.com','$2a$10$dDYO3Ib0wvQBkhX6Xl0/lOJLGHHA4V61GXKlMJFy/z6xgCGFkJNO2','(415) 9931864',195,473,'https://robohash.org/546'),(826,'Erna','Rief','eriefmw@booking.com','$2a$10$phhLoU03RH4cbbnswdHnSOGh/lMlUokVuURnzdLtDpS8d80mdbgg.','(228) 1292098',122,3022,'https://robohash.org/55'),(827,'Chad','Gapper','cgappermx@360.cn','$2a$10$/Apv1hZxyuXucqACu8U2ZOYOL5Jfiv7qknJyQkdx7FILbUNy/FSY6','(766) 2090167',145,4917,'https://robohash.org/849'),(828,'Ryann','McLarty','rmclartymy@flickr.com','$2a$10$dk/wu51rs41wp0xUbE9iOO26GziLpTvhRGkSF7GYmjo1AJUdeL2i6','(894) 6815397',43,3570,'https://robohash.org/59'),(829,'Mitzi','Bernt','mberntmz@shop-pro.jp','$2a$10$7RDLAI4hgOuYsOFtyRUi0OKYOkPbH4mRthz/MxBwjyVAMXN7/kMhy','(870) 3051369',108,3742,'https://robohash.org/759'),(830,'Jacquette','Cleminshaw','jcleminshawn0@imdb.com','$2a$10$Z/IY2L6em.DZNVX7duGhI.dE3JAgaFrGrn1NnAzM1f7jvNwSNEvlu','(516) 9076084',217,3397,'https://robohash.org/330'),(831,'Ardene','Caesmans','acaesmansn1@gov.uk','$2a$10$e88jQXV39M65cEaaez.Na.baBFV3ifo7GeOyz/R3J6gh.gpPaa3li','(727) 5188734',43,3570,'https://robohash.org/345'),(832,'Mona','McCurry','mmccurryn2@cocolog-nifty.com','$2a$10$jdg2tuLVtplX9fZcSSxP9.hwLbeKu1s.dK88cIqCnUGWSBwlUtFhu','(256) 6475889',43,3570,'https://robohash.org/552'),(833,'Kelvin','Rosenboim','krosenboimn3@msu.edu','$2a$10$dqKFi2rHbyKf5TtboYM5U.ypyglf31hYetQJl2P6rYWkTBv.NbDb6','(131) 6680785',236,2536,'https://robohash.org/733'),(834,'Pen','Lightfoot','plightfootn4@51.la','$2a$10$B5AZcw8p2APyZJU418Fd.Ok9ykr6RhVlWhKSla0YKBBO4mbD7xJmC','(192) 4727807',17,3593,'https://robohash.org/310'),(835,'Dur','MacConnechie','dmacconnechien5@ycombinator.com','$2a$10$kyQGQh6VEQyTCcqHhD7qB.HL6tVuzBtwVb4cSnJ0hjqHzZQzDiygu','(880) 7687495',18,1992,'https://robohash.org/663'),(836,'Lily','Brittle','lbrittlen6@flickr.com','$2a$10$crIqzLDfmJbzr5bjG2ZuferFzqvGNaLwG/mciub7Oolb/zwDoXH2S','(938) 3564069',98,4883,'https://robohash.org/716'),(837,'Dot','Ceresa','dceresan7@spiegel.de','$2a$10$XrgDodJMOdhjx8TKs0/ZHOayvbYz71eg665u8prez1EFk6ulApwoy','(800) 5853036',75,4794,'https://robohash.org/53'),(838,'Darbee','Mattosoff','dmattosoffn8@ted.com','$2a$10$dGr/W/HAs5Ul131fDC/WqupuEQD4fZhWPAPcIiPypI5NzjZMq0KsW','(963) 5562864',48,2874,'https://robohash.org/957'),(839,'Abey','Jelphs','ajelphsn9@utexas.edu','$2a$10$ZrYnV4lIoZ2Ic6V3QV39Fu5Z4hzDvvxGkG3TK3boeY.lkOFkroHpW','(221) 4529883',50,2862,'https://robohash.org/394'),(840,'Saunderson','Spadoni','sspadonina@guardian.co.uk','$2a$10$XiRnck6FWsXQnESvCdjlYuy8REVaregoK6GtBzZeIcMHMyHoWMP0q','(618) 5360293',64,2905,'https://robohash.org/432'),(841,'Martynne','Rentoll','mrentollnb@moonfruit.com','$2a$10$51yvxJjmMfgSKFwhrOsXlOqGejNKEsL.esdpm9NihZn.h/nCqWJc6','(249) 9837673',17,3593,'https://robohash.org/719'),(842,'Zarah','Prestige','zprestigenc@t.co','$2a$10$1U.ZaPUL/t8teeJIdOG4I.ml5a.QFhJHYnilJsEPK1ERxOz9E8u4q','(191) 1193462',114,1830,'https://robohash.org/587'),(843,'Benjie','Titterton','btittertonnd@booking.com','$2a$10$GzxikXtkwOGri0qvtntBuO3hZP1PoMfWENjiorMgCU5651K2iiEbm','(830) 3329983',44,2823,'https://robohash.org/554'),(844,'Eddy','Haslin','ehaslinne@illinois.edu','$2a$10$eNLcUC4btD5kggX3N0Q7B.1jjLsxMSrcCeHgU1S6tG5kfhZQOdDA2','(431) 2966340',199,4649,'https://robohash.org/363'),(845,'Dee dee','Piff','dpiffnf@xrea.com','$2a$10$WJ7i0A1SVO1rB1F8pSbSueygsNOzaI14QuALTU729VZFcYCVDg1Gi','(304) 3308284',11,3634,'https://robohash.org/633'),(846,'Isa','Wellwood','iwellwoodng@canalblog.com','$2a$10$OCOeamvkEkArldfMj0FureoiWJ3I3DhYvftmvYU7s1PBu6HhUJPt6','(619) 8604696',248,3723,'https://robohash.org/790'),(847,'Booth','Roggeman','broggemannh@nasa.gov','$2a$10$bCteiDqU.pPLA/3jaD.i6Oyj/qHiLaEN45URxLcPpE7ORYHu5RRqK','(237) 8770679',11,3634,'https://robohash.org/109'),(848,'Evy','Postlewhite','epostlewhiteni@a8.net','$2a$10$pQFNg5rfrc7xNx1h.njS4O9lMeAvDItiZu6y1P7oLHoSJHKnufLIe','(987) 7736421',140,3248,'https://robohash.org/432'),(849,'Cully','Jerdein','cjerdeinnj@yolasite.com','$2a$10$VF.nYMg9gJfDr63hP76GAu0jh7GMRLcGpddLMbDwdue3oe.pkVVQq','(239) 3670890',115,3995,'https://robohash.org/693'),(850,'Pauli','Pasfield','ppasfieldnk@slate.com','$2a$10$jeZBqzteS86k97sbzmmC9O4PyDMqpo4LRxmxg47QsFTOHsjGGwd3K','(363) 9571303',156,2610,'https://robohash.org/972'),(851,'Verina','Koppens','vkoppensnl@forbes.com','$2a$10$SpcuCkV6nk7K.medFYzbQesPYHpn/ZuGj4lNrdogiwMWakcBkZnDa','(961) 2757461',173,3678,'https://robohash.org/735'),(852,'Sandro','Hecks','shecksnm@who.int','$2a$10$Xf4cy2zSOHFypItp2g9CnehzBdWaUhQwgc9aHGQ6oW53AYuQsee1K','(520) 8511098',218,1463,'https://robohash.org/886'),(853,'Crawford','Shoutt','cshouttnn@aol.com','$2a$10$qqZozs3yYgXFJEkfFHqil.lSNUHqpRWVX4pnQ1Uomisc/3bcCJkF6','(615) 6646843',111,956,'https://robohash.org/654'),(854,'Duffie','Shipp','dshippno@opensource.org','$2a$10$T7ftO.OrUwecZVCVM.FEqeBOt7FCPcoOUOVy81Ui7zC7wgHeUw8yW','(542) 9543545',215,2934,'https://robohash.org/76'),(855,'Eloisa','Putnam','eputnamnp@toplist.cz','$2a$10$8vFZdBa.ELMiR60J3rmFvOpTa9m6CRO8WPb5PcHVUKZtEI6evYNoa','(972) 9740035',126,1553,'https://robohash.org/180'),(856,'Broddie','Cassar','bcassarnq@who.int','$2a$10$2n9VSfGkVLV5zRAEr/mTZu/zK28fwOcESgR2ctnQDnChbqAxQPfhq','(143) 3362132',11,3634,'https://robohash.org/790'),(857,'Francis','Fines','ffinesnr@123-reg.co.uk','$2a$10$GJfBA8BTf7AVQb.ky0r8DeuqTR.IFT6Cu12I7RcfGwjNdFKSpD0IC','(960) 3166943',10,3703,'https://robohash.org/808'),(858,'Yule','Cottu','ycottuns@sakura.ne.jp','$2a$10$6E6Fb6hECYhAhbr7D0/HUejAz5X2QtbAmIhy44vloWwVfuHSPAZ62','(843) 9225057',208,2787,'https://robohash.org/736'),(859,'Dillie','Plane','dplanent@webnode.com','$2a$10$yGwD8kWDISENizPvqCL47e4XT.w/8lQB5tC45fM5hWpsPliOzUuIO','(174) 8538166',62,4086,'https://robohash.org/580'),(860,'Alain','Syalvester','asyalvesternu@statcounter.com','$2a$10$78Yxxj0HpZI6mRZcVF9/aui5AWvtPKsjzjay5ePzKfyZ50txKN6MS','(860) 8038945',192,58,'https://robohash.org/784'),(861,'Urson','Peaple','upeaplenv@plala.or.jp','$2a$10$4Z8i5tu0M.mrczeD4TlAdetGO1oZXRo3Kdveg7ds323etFtVLGIAq','(239) 3434615',10,3703,'https://robohash.org/978'),(862,'Burch','Wallwood','bwallwoodnw@wired.com','$2a$10$B1NScBGWnhOzWtloekexQug41BR1UQQfIDQYyeeS2uDvryoOKU7My','(790) 7855496',11,3634,'https://robohash.org/374'),(863,'Bernetta','Bratcher','bbratchernx@utexas.edu','$2a$10$LOFCpvKoLl88n.Y3S62zOud6ldkzmJxTfZll7hBJoaIZhbMDMG1Um','(477) 5192601',90,3657,'https://robohash.org/702'),(864,'Wallace','Digance','wdiganceny@feedburner.com','$2a$10$bzZiET5dxPsutF4LJEG7WegR.3zI0bCYvSDbXnSN2OfDQf8NmLHuq','(986) 2601434',165,1006,'https://robohash.org/163'),(865,'Katey','Ockendon','kockendonnz@dedecms.com','$2a$10$s3l9XTr1/phMQz6OrfbHpuRAqkUN.YYv2rxtt5EkNszQovPWLTKD6','(313) 1549658',153,4654,'https://robohash.org/152'),(866,'Kingston','deKnevet','kdekneveto0@umich.edu','$2a$10$kzcVmgylv14LJVBW5.zt4eXqdl5toYqN9NqDNYMdCqn6SI.uetYlK','(837) 5043264',39,866,'https://robohash.org/735'),(867,'Kai','Yurygyn','kyurygyno1@va.gov','$2a$10$2vVXBmyMhrkJl9aSEb/E/OyfshmztKjSSQh43/711Dl8HimhZSAK2','(686) 1690095',134,248,'https://robohash.org/822'),(868,'Hillary','Gainseford','hgainsefordo2@ning.com','$2a$10$zfRgUhBkvgIkYQGQ0nMKau5lHk869W1bY8vSsEOU4NFKgmysfWk4.','(955) 4805926',39,866,'https://robohash.org/533'),(869,'Fae','Affleck','fafflecko3@nymag.com','$2a$10$tbdn/AfssTcdah1vdV3CzOQkwHiwCpr1mE2d6ULWUy5z0lH2k9oQe','(983) 6647900',186,3756,'https://robohash.org/408'),(870,'Talyah','Barringer','tbarringero4@msu.edu','$2a$10$7t82Rsey8YByOOG9DigyD./Fu.Ob0CCBOz5QKfU26rVlu7Bb1p8Xa','(989) 8765061',101,4006,'https://robohash.org/200'),(871,'Nixie','Marco','nmarcoo5@sphinn.com','$2a$10$SwOMnsFXW2h5BaiuT3MOYecmRFdimyPwAZ.PSbK2OWqrB1RNFSqLS','(974) 9630001',135,74,'https://robohash.org/819'),(872,'Selby','Richin','srichino6@tripadvisor.com','$2a$10$s9eGT4/1O3vdpn4odslh3u3ZQDPjOdEDEm3sWSq6dmjbM12IuYfDC','(701) 2205852',161,288,'https://robohash.org/95'),(873,'Elsbeth','Camp','ecampo7@liveinternet.ru','$2a$10$1WTVJBtVV9FDMkNl2oUiG.DdTDh0oY5/tF5QaQtVvoLLs8/5ToR3m','(964) 8390548',90,3657,'https://robohash.org/521'),(874,'Jarid','Tookill','jtookillo8@cargocollective.com','$2a$10$3Xr40MLTcVNhInZia2lS1OMvCxT9bWN3eyLQGFpYt2rVWDVtf60Jy','(256) 7038889',90,3657,'https://robohash.org/44'),(875,'Marline','Gagie','mgagieo9@pcworld.com','$2a$10$G.tPnMlXujNaMusVbWTGVeebr0THoI9YJGSGEt0yUkcu4p8igcuyK','(194) 9097274',173,3678,'https://robohash.org/492'),(876,'Taryn','Clevely','tclevelyoa@goo.gl','$2a$10$t00Ro3TxvQLHcUG0PvWv1eea9bOw7ulj/tet0x.SSNqVsH92TXm.y','(517) 3349958',177,2228,'https://robohash.org/501'),(877,'Teddy','Jamson','tjamsonob@businessweek.com','$2a$10$b7p3Kdi1vc8WfoleBWvkkOcESh9wuzZNzprkCovvpDpuaD5kA12na','(578) 8094599',126,1553,'https://robohash.org/78'),(878,'Cindra','Beebee','cbeebeeoc@archive.org','$2a$10$DCSKKQXPbRh6c1YEupY9beOV7IwehGg4YoY6X6gjjBWBqsDB6p52K','(531) 4656327',118,997,'https://robohash.org/659'),(879,'Jess','Mowday','jmowdayod@netscape.com','$2a$10$n9rr.JPOo9pzEpynDcE3j..lnJ0a6PIA3p5lzXvFJs8xjHCINuw8e','(846) 8132429',183,259,'https://robohash.org/583'),(880,'Shaun','Land','slandoe@nba.com','$2a$10$5gn5Jlhz9RMudjEJy7PHeuwnXsukR4FU/1YDnAlJDrlZylC5YZ2Pq','(678) 4066205',242,5072,'https://robohash.org/282'),(881,'Vittoria','Slessor','vslessorof@hostgator.com','$2a$10$R4.jQdaKRf4xxve2pquKOODgZbu3W9jgdDKFYtC2/clCiaddVZKjG','(929) 6004245',61,4076,'https://robohash.org/386'),(882,'Kristian','Gomme','kgommeog@bluehost.com','$2a$10$df9ehxPttedeYy8ONaLute3i1ZikTYk0ntcW.nqj26iIQtmfeWrpC','(964) 9399395',215,2934,'https://robohash.org/116'),(883,'Allister','Mettricke','amettrickeoh@feedburner.com','$2a$10$Zdo2n.v.IOXUmWkXGYblkOgZ1Pdg3vO2ys44B.CCsFOsVwunKdnVS','(984) 4712907',173,3678,'https://robohash.org/669'),(884,'Raffarty','Joliffe','rjoliffeoi@omniture.com','$2a$10$XTfbBCyDhWWaSRT3h.BiQ.LGdKFtVJN9yljAh.tn4bRUEBMvWQYhS','(914) 1033405',105,1069,'https://robohash.org/803'),(885,'Shepard','Bogaert','sbogaertoj@nymag.com','$2a$10$jBJBhhq9nButr6wMVFZ9ieTzgtnqy3y.eI//x2qbEPQtHz7zvclWO','(807) 3098963',188,3384,'https://robohash.org/955'),(886,'Abigail','Boulton','aboultonok@scribd.com','$2a$10$4jVHf9o9SzgUpEuI4OLCc.QBZmPKEaPjpr1hscSAUKCCxEGSdgkiq','(607) 1522406',99,1027,'https://robohash.org/529'),(887,'Irma','Udy','iudyol@cocolog-nifty.com','$2a$10$r3CKFjvtKeQIC6aVp7Rfd.lK42BB31Z8HreXaqIKXaByZAFfMtzRS','(305) 7232742',173,3678,'https://robohash.org/644'),(888,'Kynthia','Seyffert','kseyffertom@mayoclinic.com','$2a$10$LOFOtQjNa35JhSXpc08ZYuEn9sRalefZYetyVQ0pvAgR7rZ.v7N7y','(948) 7501049',203,915,'https://robohash.org/712'),(889,'Gilberto','Showen','gshowenon@mozilla.com','$2a$10$ThzGx7ZUO0DC5fthnsaboOsPcyl1B0hqCpl92UAOKMvESwfJK3hUi','(138) 8926671',73,1916,'https://robohash.org/623'),(890,'Lacie','Tiebe','ltiebeoo@ftc.gov','$2a$10$ffZmCfO9f24nKDXkoZwP5.UYhvOELy3H96kAFf3JjuErkcAa63hW.','(119) 9894507',94,2760,'https://robohash.org/620'),(891,'Marillin','MacAlaster','mmacalasterop@tuttocitta.it','$2a$10$/M/qdavi6pMPMHSlda4xkuQldhBcZsmvwakWJILUufl2XXKGlwnoW','(522) 6911818',67,3438,'https://robohash.org/796'),(892,'Brig','Tabb','btabboq@simplemachines.org','$2a$10$9edu3x5iiAHnNOcvKOIKyujFuI0tejvsTL7pJmB8LnafOGPs7AEYW','(440) 2369328',174,1269,'https://robohash.org/775'),(893,'Felisha','McFeat','fmcfeator@cmu.edu','$2a$10$FVDiOUs/fWBRpkk2hz4GL.K.kpib1qQ45EdkttYpx7GL7BW1qApMm','(648) 2373019',224,2550,'https://robohash.org/542'),(894,'Nat','Goatman','ngoatmanos@hostgator.com','$2a$10$JYSaNWExSU6wgS7Hvw8bM.iWESwExP9q1ZGJOVeNLw.1.YnmSxUt2','(383) 9260001',173,3678,'https://robohash.org/304'),(895,'Mischa','Grubb','mgrubbot@baidu.com','$2a$10$5rptUsy164Y3bexTBHyIkufp42eftMfn38WptKRpWSPW60MXIR8i.','(773) 3276284',103,3916,'https://robohash.org/124'),(896,'Dilly','Riddiford','driddifordou@wordpress.org','$2a$10$Ns4LySAbe8elN84O7i0zp.ceIkwwB1/yq2B5YF9UmbmpLcWMD5ycu','(796) 1522936',38,2656,'https://robohash.org/458'),(897,'Lin','Alaway','lalawayov@feedburner.com','$2a$10$hz6KGwIi3Z6lU4Mr5RXJ0.mjHDnyPRiF6o4xC9AJi7AHRdlEFYD/W','(183) 1868541',225,2148,'https://robohash.org/941'),(898,'Fabiano','Busain','fbusainow@mediafire.com','$2a$10$zI0GuHfuw6HRW57NdSMHj.kznz.3qPEyjgbJkdal4I0frxoWyfYym','(559) 1929355',168,4526,'https://robohash.org/712'),(899,'Gretta','Moorey','gmooreyox@globo.com','$2a$10$wN2Xvo/S3enUyR/57VCP4OOqz/ZuFEAcoRYQqh9BGqPxcaY.xWZKm','(432) 9202927',248,3723,'https://robohash.org/628'),(900,'Erminie','Abdee','eabdeeoy@examiner.com','$2a$10$ge4VETOLoQbxPxDavoyqjO9qcv4FOtgASCefrUcAoyBOWirwUHLxe','(602) 7563585',105,1069,'https://robohash.org/54'),(901,'Rozalie','Kauffman','rkauffmanoz@trellian.com','$2a$10$YNSCtoXF3e7gERZSZ0FMfei2/Qn4T5mOsJ9KyfEdmTqyW2dRL5W3K','(709) 8956288',57,744,'https://robohash.org/990'),(902,'Charlot','Bakewell','cbakewellp0@ehow.com','$2a$10$ZTc12KZvUqTwevuW62s7R.7mdCJftSZz4qHqxyteuphx6taEkWAIm','(808) 2187041',103,3916,'https://robohash.org/871'),(903,'Katheryn','Rodenburg','krodenburgp1@so-net.ne.jp','$2a$10$aX3ygBzx/2aceUnRqp9B/uJRv/jRZ.LgphTsJpEA4Ap5WXnd9enSa','(889) 8020876',139,3338,'https://robohash.org/115'),(904,'Esteban','Abrehart','eabrehartp2@myspace.com','$2a$10$Rn0YQwLA2eSkE1wWLuPbuOdQ86sSDD29ZMSP80h4m7dp5ENmlxv52','(198) 4833978',119,978,'https://robohash.org/500'),(905,'Cedric','Wherrit','cwherritp3@youtube.com','$2a$10$puEfWBLm/br/KmFXwqUrYug7Im2PdMQyNrNskEJenSoyESDBgJNum','(223) 8415521',97,4041,'https://robohash.org/674'),(906,'Dawn','Hasson','dhassonp4@sbwire.com','$2a$10$MV3hk8wOpPxmnNxFgVaajOX3kEuSYctCx6ttxTO8vZjtoVpDRyaBm','(139) 3085725',171,4830,'https://robohash.org/34'),(907,'Lowell','Cranfield','lcranfieldp5@storify.com','$2a$10$yWs3.Y298Owq7UjdHw5P8.3pKNb5i.Gkhqu7ymirGA0XZXLEIySea','(683) 1104239',195,473,'https://robohash.org/748'),(908,'Nicole','Longlands','nlonglandsp6@apache.org','$2a$10$w6vfX/O5FJuoBMCk9vJyouui5Stlle0qF/WcCEPh8OXm30KQ5UfXK','(571) 2579415',83,48,'https://robohash.org/55'),(909,'Twila','Sporgeon','tsporgeonp7@hugedomains.com','$2a$10$KDERS8qpVfxMfzuMwi2d6utVXuJoySYyj.N1PjSnByNgjnR93RXn.','(125) 5683514',173,3678,'https://robohash.org/235'),(910,'Garnet','Wolledge','gwolledgep8@thetimes.co.uk','$2a$10$M78/q0JNIlasvW0AIv1OiuMzsihIk2P4OjEfP9snRR/whYiBY/0ya','(623) 8359807',196,3711,'https://robohash.org/981'),(911,'Aeriela','Gannicott','agannicottp9@bizjournals.com','$2a$10$lF3JvNQGigBNDKuSVAapAOkhygJ3KShSKn7vcmLacVkslgyt7jHWS','(809) 7905655',36,3185,'https://robohash.org/808'),(912,'Corbie','Crackel','ccrackelpa@photobucket.com','$2a$10$V7.iFBWHUEv4ULK9BQlWGO0Co6l7D.fdMGaGeRglmMOA/GLurjvy6','(403) 9251177',218,1463,'https://robohash.org/733'),(913,'Perren','Wooler','pwoolerpb@webnode.com','$2a$10$j9Q5eWrktKXRHUCEM7HNgOJYah/oMUDfdBv4iIoHzajWERGX8hRJC','(757) 3179358',173,3678,'https://robohash.org/907'),(914,'Jan','Ianniello','jianniellopc@com.com','$2a$10$F84sZDrVQlEmX9BDU2S0RODNrX.cIVJw90y0L8VEZwOqPYse5IDF.','(637) 5122164',212,968,'https://robohash.org/617'),(915,'Mae','Riggeard','mriggeardpd@google.com','$2a$10$59WB5uF/ITz6kIx/rmwUH.RbGN64DgrEsLOk6bY2P1vkC/5bbBuji','(288) 1956003',27,3375,'https://robohash.org/927'),(916,'Giavani','Neames','gneamespe@studiopress.com','$2a$10$cVOkSfZv.ZolUsEBunDmWugOF1bGl5YtpLNOFADqD5LLa6tIba/de','(776) 8940319',95,4117,'https://robohash.org/208'),(917,'Evelina','McPhee','emcpheepf@hibu.com','$2a$10$FKrj8ckNiVwl.0XnECaCWuXngJe8wFp3/X7NhPyU3KoPA3fWPqm36','(841) 3620935',6,487,'https://robohash.org/696'),(918,'Lavina','Gowanson','lgowansonpg@upenn.edu','$2a$10$X9iVq5TalKmKqUa.A.oKb.I4y5rkIQJaGENnVRYPwk1.sB/TQVLce','(861) 5216416',104,3954,'https://robohash.org/209'),(919,'Geneva','Matuszinski','gmatuszinskiph@phpbb.com','$2a$10$UYMb4qTY5eCd22kzVjZqvu3drLWRMcIi5rwBtcpIOkRROWFeZPX5m','(954) 7563340',115,3995,'https://robohash.org/951'),(920,'Theresita','Hill','thillpi@dion.ne.jp','$2a$10$M8i/mQq0kEvQ.0H99bH1m.VjxPJyhtuGIeAtQeGwt7KqRSPe9L9wy','(922) 1115038',44,2823,'https://robohash.org/803'),(921,'Far','Bousquet','fbousquetpj@altervista.org','$2a$10$p7S6DXIpeUW/0oufslRFUe8RAiQcbxJGiErLvXG8xBXo/RONRc5ey','(583) 3217127',173,3678,'https://robohash.org/433'),(922,'Sofie','Hembling','shemblingpk@devhub.com','$2a$10$1lNt3VYHm5GZmg5KCN7Mk.sr.XRD0s4BzNwMNRkddgAKulB3QXbmq','(502) 5122387',173,3678,'https://robohash.org/682'),(923,'Bailey','Choupin','bchoupinpl@scribd.com','$2a$10$NITg6bnLzmAiVyLc3Y5k8OMOG/xp1mScpMj6SRXkTOb2nis8s4MtO','(605) 5929977',207,1146,'https://robohash.org/94'),(924,'Tarah','Beningfield','tbeningfieldpm@phoca.cz','$2a$10$a3biUmSNSUNzTTzRPIVwJeDWFq/M4H9ijZ/w.B.DVT3xYrOverv5m','(284) 5199536',10,3703,'https://robohash.org/496'),(925,'Dorelia','Pountney','dpountneypn@chronoengine.com','$2a$10$xA4sVHKsGDi2Xu6nhxcTWuSFuPETXSS1D3naPmgU9Gr.1l1BoknKG','(411) 8633490',74,1493,'https://robohash.org/946'),(926,'Ciro','Hurtic','churticpo@arstechnica.com','$2a$10$ac.T.L9t4rjtCYRsGIxXpOqMs5bnWFiwQ3HSnD2gTQdBaHKA7rJfC','(758) 3469586',92,2672,'https://robohash.org/491'),(927,'Celestyn','Harkess','charkesspp@surveymonkey.com','$2a$10$tfBNwZzXdsTlSfLfDP0rQeoKJ/koDrCqR3Gd7f4sZBgR2oMOK8y3W','(239) 6011364',233,1398,'https://robohash.org/432'),(928,'Ronnie','Dunkinson','rdunkinsonpq@so-net.ne.jp','$2a$10$cbJdGOtQHlC4jIZUucmARurwurpZGNPSgKl6cZ1kxC9o8gcKK6ylu','(434) 3018557',75,4794,'https://robohash.org/473'),(929,'Irving','Cornejo','icornejopr@opera.com','$2a$10$QqPRkjxFd.CwYZJh4cwylOiRq/F6iPnFeReknXmOtqraK/57FqLyy','(620) 5237486',150,3327,'https://robohash.org/644'),(930,'Rowland','Fuller','rfullerps@barnesandnoble.com','$2a$10$AcZd0Mbb1XPplstQs058/uHpoa4b8mVxsjCYW1CB.MZBRDhqznx0W','(164) 4051515',10,3703,'https://robohash.org/59'),(931,'Skylar','Orchart','sorchartpt@nasa.gov','$2a$10$m3H8WHCzqJogmCO0x3mUUeuDzOBQLHxaLj8pySm1Stx5uU24WRhPG','(741) 2022513',196,3711,'https://robohash.org/42'),(932,'Edythe','Sherington','esheringtonpu@ovh.net','$2a$10$qSrzgR6LB2N/bSQcfHd0b.SUGPi.8QM65jQ8y6hoNCxqw7RE88l92','(327) 7274661',156,2610,'https://robohash.org/106'),(933,'Clementina','Rodenburgh','crodenburghpv@diigo.com','$2a$10$PqiCR1d6TDVEyOG00/Az4uZH70X807c25dGimwcwjILP2YE92TvM6','(910) 4166162',191,4761,'https://robohash.org/160'),(934,'Lamar','Baynom','lbaynompw@meetup.com','$2a$10$bVd8XM2uTubBVCtMckVgvunQL06hOH60YqUQlpC8iCi6MAoUvuk3C','(228) 7880546',232,2289,'https://robohash.org/8'),(935,'Cazzie','Yakunikov','cyakunikovpx@msn.com','$2a$10$lOwCexY.i0ZNDwzM74zvde/wop9AofGW0q.cDyGzukR2pgmY9uxh.','(419) 1011655',10,3703,'https://robohash.org/877'),(936,'Casey','Blazek','cblazekpy@indiatimes.com','$2a$10$wx7IVtB3lHT9GgX2zu3TYuf16X9.xuuSc4RQhn3HsPsUd5tytUQse','(704) 3386229',67,3438,'https://robohash.org/828'),(937,'Susy','Hessing','shessingpz@360.cn','$2a$10$y1CWA0536dKhKL9z/2ZRCuYZhhxxRa5UfBq2paAO5XGtxNMe2aBoK','(848) 4954281',131,3082,'https://robohash.org/244'),(938,'Lindy','Sanbroke','lsanbrokeq0@virginia.edu','$2a$10$CgpsNrSLlYhdOmkY79Wbk.5u7JbvrBp.mowoaQx0PMXxfoAgXFkIe','(812) 2874077',143,2580,'https://robohash.org/378'),(939,'Mirelle','Station','mstationq1@blogger.com','$2a$10$GxXYYMmR0U6icQd0HKXXtuXYuiCT2Hwpn5xrm5EUgJo7KLrFNZOie','(481) 7280549',36,3185,'https://robohash.org/81'),(940,'Benita','McMoyer','bmcmoyerq2@toplist.cz','$2a$10$nZXLFBeYfGo8BgJvjV1SnutHCgrkB5Hoo9vl4S1..UGPwy1/5aamq','(858) 9851600',186,3756,'https://robohash.org/176'),(941,'Sax','McIlraith','smcilraithq3@va.gov','$2a$10$3.q5kZo0/diIpn.F2Z4.He7sN/yL.lmTdzKq/q9DsyTrt8K8WTjHu','(628) 8461151',237,4772,'https://robohash.org/877'),(942,'Granville','McGinney','gmcginneyq4@qq.com','$2a$10$Jesit.60KLAoFTRQIh/SQu3p4Ckc2Wcbn9tyw63ySWJFEQviTU8gC','(597) 7288337',10,3703,'https://robohash.org/427'),(943,'Vere','Yearnes','vyearnesq5@wired.com','$2a$10$xa9P4HAJOpxXeu2pri6YE.sSYmD9sgkVfqAQaReJuJ09bLwW3doMG','(543) 3067674',15,2057,'https://robohash.org/26'),(944,'Ara','Casemore','acasemoreq6@friendfeed.com','$2a$10$K1AW.WClm7agS0rSA7fpduBj0MR25lrng.H0qKx76H3lsuHg1Qoqm','(647) 7754073',232,2289,'https://robohash.org/687'),(945,'Toma','Menhenitt','tmenhenittq7@wiley.com','$2a$10$1GHjj6yJ8VaaKTTsXP9cK.VaDK1msbBaVSvE9Iw9MY230XhCP1kqu','(302) 8610656',31,1997,'https://robohash.org/536'),(946,'Tuesday','Blazeby','tblazebyq8@fc2.com','$2a$10$A5NW5IoEA2rODkEhK7xJU.XpdAJYMbeFpomiDW18CXKd8dN54rdvO','(368) 6826784',10,3703,'https://robohash.org/761'),(947,'Ricky','Biggin','rbigginq9@jimdo.com','$2a$10$RlObKSDjuVhxwy6ARdjPgeE86B6Zq1uetrOVBIOQ0fjg2umiN83Fe','(945) 9584264',198,911,'https://robohash.org/659'),(948,'Anselm','Quodling','aquodlingqa@typepad.com','$2a$10$J1/cVibQTimy.QAwWhSBfuqgbJkYiVoGSEqsZPeid9aEH3STmw38u','(186) 8437277',233,1398,'https://robohash.org/537'),(949,'Cammy','Bradford','cbradfordqb@a8.net','$2a$10$WCjNkEjlU8i.UY/9xMyFCeIT8vMWiCUjLof7CNf1Joot2ZZ6iCMpe','(669) 7631379',57,744,'https://robohash.org/953'),(950,'Vyky','Borrott','vborrottqc@amazonaws.com','$2a$10$oGxvNPlF6phGD5/KE0Z9Z.saAfQcLltVntTG6cUIwWcHACLEHhfou','(129) 9556283',197,494,'https://robohash.org/895'),(951,'Chick','Stoacley','cstoacleyqd@nhs.uk','$2a$10$c5bVsj6iZ05hLqp3KThWgelmSfSZDdcaMvzccv7LKSEcNlV7dGyTO','(669) 2578775',208,2787,'https://robohash.org/682'),(952,'Nancy','Romanetti','nromanettiqe@furl.net','$2a$10$q.jIRhRvc.aA8g5BlFgtgOIdyohZ4UDfkn5la88dPsRP7A53xrlre','(433) 7452719',145,4917,'https://robohash.org/221'),(953,'Tobin','Maidment','tmaidmentqf@patch.com','$2a$10$FmrXclYulpoIFSbAOLwLWulGb7782geSzxpnAXMPibZPInh7uJkY2','(323) 5395600',66,4127,'https://robohash.org/39'),(954,'Joane','Ryley','jryleyqg@skyrock.com','$2a$10$OT8qUKLTMUg/pi6ppkB6xeq.QfZcINgyNCl2We32ebX1N1WJFzV8a','(276) 5901396',107,1664,'https://robohash.org/462'),(955,'Reine','Corneck','rcorneckqh@vinaora.com','$2a$10$CmoY7857JWxO9Srh/HZYWuP91LUi6y1XVl6o9E5gyL/aU5SVttrDG','(301) 9640587',196,3711,'https://robohash.org/347'),(956,'Ab','Arnull','aarnullqi@godaddy.com','$2a$10$R0VfzXHBIRBPtwEXVYDGtu.FEoh9VBrkOp5iRH3SVq8ZnDsGYarbi','(791) 8673152',42,1252,'https://robohash.org/390'),(957,'Mackenzie','MacConnechie','mmacconnechieqj@google.pl','$2a$10$Wk8Fbtc2NVppG9geY2QnSuEipcuPwlecQkDw7rTCuJYn577TCppuC','(623) 7587861',125,449,'https://robohash.org/918'),(958,'Maribel','Crouse','mcrouseqk@forbes.com','$2a$10$nmvAMApwtmyUF1B/efmHQe3jA7oPM7sPSPN7LOg6optmeMKARHESS','(975) 3755532',196,3711,'https://robohash.org/245'),(959,'Bellanca','Wisby','bwisbyql@woothemes.com','$2a$10$JXdymclCX62ekkSXU9an6e44cUVnXur6BZdk435auUHJdR/z8NHaO','(497) 8068215',73,1916,'https://robohash.org/280'),(960,'Camey','Cummine','ccummineqm@slashdot.org','$2a$10$ZP1F4n/GNuskOXy56YNBxevlzRX3lvtMystiQNQGTlSpVErgNrAp2','(503) 7874603',118,997,'https://robohash.org/265'),(961,'Barrie','Peasegod','bpeasegodqn@chron.com','$2a$10$ZHazcfPxAoLEy2Mqew3lmeUlzB3mvfuvgJsqvUA/AvH7PRf0VWe1m','(315) 7457937',44,2823,'https://robohash.org/210'),(962,'Elena','Winsome','ewinsomeqo@epa.gov','$2a$10$Y.F9xeddJwU80GvV9hIQiO5vpFgC7eGF4ZdT6SFNqFT.rTlmWwKsS','(517) 9414244',139,3338,'https://robohash.org/150'),(963,'Frankie','Callcott','fcallcottqp@4shared.com','$2a$10$LwrTnEZ6yHsQleBx4usB.O.QoJf8bIf6K/w6/aIlRKd.Otk4HlQUe','(562) 2310485',196,3711,'https://robohash.org/895'),(964,'Sybyl','De Mico','sdemicoqq@hud.gov','$2a$10$AKOjGwR3Mw8lnEwyMri/ROmCiA2lWBvig3cBui4EUd590sHp1Trl2','(301) 7449725',193,270,'https://robohash.org/282'),(965,'Fleur','Matthewman','fmatthewmanqr@wikia.com','$2a$10$hH/7nw4sXLSv5kjHcqcpz.DS2n1WcSs6xkzCOPGn.C1HZTHtW53Wy','(905) 2209465',66,4127,'https://robohash.org/390'),(966,'Happy','Gerren','hgerrenqs@ox.ac.uk','$2a$10$HQv.wY.unYLjOgRnvWvaSOTQdTA2mYv9LsSUUjdzMOmYGQH8ajU.O','(955) 8132436',11,3634,'https://robohash.org/738'),(967,'Lindsay','Aldrich','laldrichqt@dailymotion.com','$2a$10$BU14Bdn3bzqUG0KNJQIC/Oz5EOFgQbQkNMbMQmIS5w0NlKpsmLqSu','(993) 7507913',43,3570,'https://robohash.org/348'),(968,'Brand','Sherrett','bsherrettqu@cam.ac.uk','$2a$10$498ZrqER/rS5FZmpqqang.tN2w/uzqB7WdD1y9k.tYJAuVLsd6ynK','(468) 2410330',48,2874,'https://robohash.org/73'),(969,'Kahaleel','Giotto','kgiottoqv@cnbc.com','$2a$10$dNEKR6CTQpoNupzdXHvnh.D3lA7ByGtE2K.RmJwWBv5mZ11qvJssa','(677) 1054749',117,972,'https://robohash.org/611'),(970,'Frasier','Lucius','fluciusqw@friendfeed.com','$2a$10$4w1MaM5Pk4L1pagx.K1bB.bnSj9b3lklxrlXSmSOseKDCLALdgZ4u','(595) 2823944',225,2148,'https://robohash.org/612'),(971,'Genna','Presidey','gpresideyqx@exblog.jp','$2a$10$1y2yTurlkhgt3B.txoW/CedluNEGM83RVnEfYtMrmbfyL1AJqbr6i','(604) 5395739',196,3711,'https://robohash.org/591'),(972,'Hewett','Dennistoun','hdennistounqy@typepad.com','$2a$10$PvJhPZPq7oHKwMo/wifPp.XSiOZzQaGnW.6t3ksuwFqkTek4zblPm','(374) 2526711',217,3397,'https://robohash.org/110'),(973,'Bron','Sainer','bsainerqz@google.it','$2a$10$qDZaM0A3JAxK4Zk008ZJDuhDQzhAv/cHhYGQ9jSy1yDS25EbFjbzu','(983) 3205992',204,931,'https://robohash.org/51'),(974,'Randy','Spaule','rspauler0@state.gov','$2a$10$XEbGDAsoAMR.fnwu0/Hn2uhuKATTAsfLhOuMiSrsJbANrn6p3dJfO','(826) 7307389',188,3384,'https://robohash.org/522'),(975,'Sterling','Bolden','sboldenr1@biblegateway.com','$2a$10$iNECQXmb20XDc0mfnGd9aOitIeraVlyJjubbRs/a5fBv0u7TujqDy','(796) 3582464',154,2066,'https://robohash.org/596'),(976,'Caressa','Blind','cblindr2@intel.com','$2a$10$uZxTnqz9GUQqZJP0PG3e4OKom2/IDj/IAHTAm2MMTxx5TahCem3Cu','(663) 3290201',61,4076,'https://robohash.org/108'),(977,'Ekaterina','Salleir','esalleirr3@thetimes.co.uk','$2a$10$Y6BO1nw2BAjE0MWijSWgwuxU/gpQj.OhlgocC.8/GaxlhKPxZvLEi','(594) 6214172',27,3375,'https://robohash.org/97'),(978,'Pet','Phillcock','pphillcockr4@timesonline.co.uk','$2a$10$jFZY66VKeZ2L9mqmANPgdOpD32DurSRV/r2X2gLVvMeBwDbVosYWm','(222) 6781111',218,1463,'https://robohash.org/25'),(979,'Silvana','Leband','slebandr5@furl.net','$2a$10$CgvJ0zCFdJxWeXuhY2cwJ.5ShHkff9C1hpZZj7UYjRIoS22ML4TXm','(407) 3224515',97,4041,'https://robohash.org/633'),(980,'Ingeborg','Blackmoor','iblackmoorr6@ebay.com','$2a$10$XIiBqV.rL6UwSHK3/cpbe.qj1wBGwLJpOjs7DyTr9.pTgmz.YgD3q','(826) 8280213',160,67,'https://robohash.org/963'),(981,'Kingsley','Kellaway','kkellawayr7@paypal.com','$2a$10$CZwaj0W9lL0yuUZOMUYO0OfD7MRptmMJy5kJTxgwnvt/UrTsAYxWe','(778) 7514183',12,2023,'https://robohash.org/696'),(982,'Garth','Bester','gbesterr8@telegraph.co.uk','$2a$10$sEZcR4OzhozFxbBvnQ2EY.YaZMwTkyVv/AUCQjK3Nbh1OcaQN9lJC','(486) 1790715',196,3711,'https://robohash.org/473'),(983,'Lesley','Dutch','ldutchr9@prnewswire.com','$2a$10$t482f5iUB4mmsLtmis4nTuRmb.tRAMwUUmrjw54U0v0Mtop4g9Ow6','(364) 9046905',248,3723,'https://robohash.org/197'),(984,'Meyer','Djordjevic','mdjordjevicra@example.com','$2a$10$hD2KcqPMu4o3mO2hGSbfAuGzYdqHc2hNwHY96hHeGX2qptYLQvi12','(100) 8030697',248,3723,'https://robohash.org/869'),(985,'Peyton','McKeran','pmckeranrb@wix.com','$2a$10$IyKgYEUAe9C8rHPeH0vYDuu2q4Qq6i26kri30wgoESuwHvjRQEKVC','(299) 7360345',139,3338,'https://robohash.org/629'),(986,'Conrad','Gallelli','cgallellirc@geocities.com','$2a$10$xSRiAlsFMfBW4gVf8Y04Vur78Pi8jd/pt/cNv20GgEGj5d14RvLYu','(816) 6662254',248,3723,'https://robohash.org/819'),(987,'Seka','Lafferty','slaffertyrd@ebay.co.uk','$2a$10$AaO2/64JmDeZjvYiosBGeu2nhVyJvPyQJ9PLOR1tjnjYiu8wAUEkC','(819) 4070169',59,1528,'https://robohash.org/7'),(988,'Becky','Bevens','bbevensre@tiny.cc','$2a$10$cv1COL.D.zg.js95OippYuEtsHnxaCanAvg4sw/2czwvRJQjnW3h.','(799) 7791308',53,1209,'https://robohash.org/551'),(989,'Curry','Ffoulkes','cffoulkesrf@whitehouse.gov','$2a$10$TxHSvqtOiPg8EZtOEce1Ee.dN./OACEG/zPEj1sCo7dQMISAZu1nK','(296) 8440839',144,4360,'https://robohash.org/239'),(990,'Kathryne','Clissett','kclissettrg@fotki.com','$2a$10$4mj0N/aeJ5MSavJODdCKc.EzYmyPxjXo/ul2xRnlxtIezNlQVpV1u','(662) 6282409',248,3723,'https://robohash.org/77'),(991,'Jessie','Houchen','jhouchenrh@prlog.org','$2a$10$xsBtoMeRMVidTGqLqlzOeOSzoG8UkzGor.M4G8dhuFT3BN3I/m.Aq','(634) 8762190',220,2575,'https://robohash.org/940'),(992,'Jarrid','Callan','jcallanri@ucoz.com','$2a$10$LRhT9tohBfuMmkIDw8ZYjeRVRTMueG8aR7sApW8CYLJukt3D8JJry','(519) 4177589',173,3678,'https://robohash.org/275'),(993,'Floyd','Bardey','fbardeyrj@soundcloud.com','$2a$10$RXTAIs3owguhtSBnastIzuefoycFCowWECWMiZdMZPEGn8vU3BOKO','(982) 9575829',216,3402,'https://robohash.org/708'),(994,'Virgina','Raiman','vraimanrk@answers.com','$2a$10$ZmK.m0WZb8r.qh9IrcLJcelDywk9oZBVkDul/dp4ATJ5mtf.bcElq','(839) 8203415',57,744,'https://robohash.org/972'),(995,'Morgan','Passler','mpasslerrl@example.com','$2a$10$3Rudx278fnyCC0.dtbQb8OBmpK6lelYmdi5mmVEI0k8vQQfe7CamW','(455) 7382167',231,3390,'https://robohash.org/201'),(996,'Stillmann','Llewhellin','sllewhellinrm@gizmodo.com','$2a$10$yUNbl3j2VCgdo.tzws7sjONxr7L6q0.UxFTtyG8t0uykaDbQ8EpK6','(499) 8616812',18,1992,'https://robohash.org/104'),(997,'Rolf','Syseland','rsyselandrn@multiply.com','$2a$10$WyEb5rE2WRt1dkxxuBN1xeUstcQ1gZqgyLv/09eZZLPbJcIiNdkuK','(699) 8858840',108,3742,'https://robohash.org/621'),(998,'Allissa','Byres','abyresro@infoseek.co.jp','$2a$10$0//c.6Nz/6vp3FC4accqU.wafRfGEK3W81pBgnrU3keP7GhuHDj.2','(328) 5473065',85,2095,'https://robohash.org/682'),(999,'Fonsie','Domelow','fdomelowrp@odnoklassniki.ru','$2a$10$tJhQ.nfJBL0kxoKTcHjtD.8tqJyX9Q1GrEasbjWiqgl2r9lo1.O9.','(679) 8017360',37,3972,'https://robohash.org/388'),(1000,'Alain','Lammiman','alammimanrq@globo.com','$2a$10$KWMaY7bQcj/CoCEZOEEuZ.9hpgLBQQLjBdIzns1AbCCUdD/VAh7oe','(369) 7423902',207,1146,'https://robohash.org/483'),(1001,'Edik','Randlesome','erandlesomerr@is.gd','$2a$10$aggwqGbkPbYxx04pxjMImOY0PnfaYcr/owMfTG5eUBrOPavR4sfLy','(888) 3593378',108,3742,'https://robohash.org/746'),(1003,'Este si','Por fin','este@porfin.com','$2a$10$OaAZ89WpvLAwm4EuGNpTOuYC4jQ6C4jZnaATCDNh.bX5Z2bWDB9da','12345678',18,1992,'https://robohash.org/1002'),(1004,'Toco este','Para cambiar','cambio@porfin.com','$2a$10$ZJjqhqAl7ytQpOhQOX6sAepMHDjGp/Ru9a0RUD1uXwT/SMeGFlesW','98765432',57,744,'https://robohash.org/1004');
/*!40000 ALTER TABLE `usuario` ENABLE KEYS */;
UNLOCK TABLES;
/*!40103 SET TIME_ZONE=@OLD_TIME_ZONE */;

/*!40101 SET SQL_MODE=@OLD_SQL_MODE */;
/*!40014 SET FOREIGN_KEY_CHECKS=@OLD_FOREIGN_KEY_CHECKS */;
/*!40014 SET UNIQUE_CHECKS=@OLD_UNIQUE_CHECKS */;
/*!40101 SET CHARACTER_SET_CLIENT=@OLD_CHARACTER_SET_CLIENT */;
/*!40101 SET CHARACTER_SET_RESULTS=@OLD_CHARACTER_SET_RESULTS */;
/*!40101 SET COLLATION_CONNECTION=@OLD_COLLATION_CONNECTION */;
/*!40111 SET SQL_NOTES=@OLD_SQL_NOTES */;

-- Dump completed on 2022-09-24 10:50:08
